occurrence_id,word,source_type,cue_index,paragraph_clip_index,sentence_clip_index,word_index_in_sentence,sentence_segment_start_main,sentence_segment_end_main,paragraph_segment_start_main,paragraph_segment_end_main,main_video_start,main_video_end,relative_sentence_clip_start,relative_sentence_clip_end,relative_paragraph_clip_start,relative_paragraph_clip_end,sentence_clip_src,paragraph_clip_src,timing_status,sentence_text,paragraph_text,notes
0,access,title,title,0,0,0,0,16.6667,0,16.6667,0,4.1667,0,4.1667,0,4.1667,segments/sentences/sent_0.mp4,segments/paragraphs/para_0.mp4,estimated-needs-review,Access Suggestions for Mobilizations,Access Suggestions for Mobilizations,Relative clip timestamp = main video word timestamp - segment start timestamp. Estimates are evenly divided and must be replaced with reviewed sign-level annotation timestamps.
1,suggestions,title,title,0,0,1,0,16.6667,0,16.6667,4.1667,8.3333,4.1667,8.3333,4.1667,8.3333,segments/sentences/sent_0.mp4,segments/paragraphs/para_0.mp4,estimated-needs-review,Access Suggestions for Mobilizations,Access Suggestions for Mobilizations,Relative clip timestamp = main video word timestamp - segment start timestamp. Estimates are evenly divided and must be replaced with reviewed sign-level annotation timestamps.
2,for,title,title,0,0,2,0,16.6667,0,16.6667,8.3333,12.5,8.3333,12.5,8.3333,12.5,segments/sentences/sent_0.mp4,segments/paragraphs/para_0.mp4,estimated-needs-review,Access Suggestions for Mobilizations,Access Suggestions for Mobilizations,Relative clip timestamp = main video word timestamp - segment start timestamp. Estimates are evenly divided and must be replaced with reviewed sign-level annotation timestamps.
3,mobilizations,title,title,0,0,3,0,16.6667,0,16.6667,12.5,16.6667,12.5,16.6667,12.5,16.6667,segments/sentences/sent_0.mp4,segments/paragraphs/para_0.mp4,estimated-needs-review,Access Suggestions for Mobilizations,Access Suggestions for Mobilizations,Relative clip timestamp = main video word timestamp - segment start timestamp. Estimates are evenly divided and must be replaced with reviewed sign-level annotation timestamps.
4,these,paragraph,0,0,1,0,16.6667,28.3333,16.6667,40,16.6667,17.3148,0,0.6481,0,0.6481,segments/sentences/sent_1.mp4,segments/paragraphs/para_0.mp4,estimated-needs-review,These recommendations are to be used in addition to/in conjunction with the Access Suggestions for Public Events.,"These recommendations are to be used in addition to/in conjunction with the Access Suggestions for Public Events. This work is ideally done from a deeper political commitment to disability justice, or at least a critique of ableism and an understanding of disabled people’s autonomy and right to consent.",Relative clip timestamp = main video word timestamp - segment start timestamp. Estimates are evenly divided and must be replaced with reviewed sign-level annotation timestamps.
5,recommendations,paragraph,0,0,1,1,16.6667,28.3333,16.6667,40,17.3148,17.963,0.6481,1.2963,0.6481,1.2963,segments/sentences/sent_1.mp4,segments/paragraphs/para_0.mp4,estimated-needs-review,These recommendations are to be used in addition to/in conjunction with the Access Suggestions for Public Events.,"These recommendations are to be used in addition to/in conjunction with the Access Suggestions for Public Events. This work is ideally done from a deeper political commitment to disability justice, or at least a critique of ableism and an understanding of disabled people’s autonomy and right to consent.",Relative clip timestamp = main video word timestamp - segment start timestamp. Estimates are evenly divided and must be replaced with reviewed sign-level annotation timestamps.
6,are,paragraph,0,0,1,2,16.6667,28.3333,16.6667,40,17.963,18.6111,1.2963,1.9444,1.2963,1.9444,segments/sentences/sent_1.mp4,segments/paragraphs/para_0.mp4,estimated-needs-review,These recommendations are to be used in addition to/in conjunction with the Access Suggestions for Public Events.,"These recommendations are to be used in addition to/in conjunction with the Access Suggestions for Public Events. This work is ideally done from a deeper political commitment to disability justice, or at least a critique of ableism and an understanding of disabled people’s autonomy and right to consent.",Relative clip timestamp = main video word timestamp - segment start timestamp. Estimates are evenly divided and must be replaced with reviewed sign-level annotation timestamps.
7,to,paragraph,0,0,1,3,16.6667,28.3333,16.6667,40,18.6111,19.2593,1.9444,2.5926,1.9444,2.5926,segments/sentences/sent_1.mp4,segments/paragraphs/para_0.mp4,estimated-needs-review,These recommendations are to be used in addition to/in conjunction with the Access Suggestions for Public Events.,"These recommendations are to be used in addition to/in conjunction with the Access Suggestions for Public Events. This work is ideally done from a deeper political commitment to disability justice, or at least a critique of ableism and an understanding of disabled people’s autonomy and right to consent.",Relative clip timestamp = main video word timestamp - segment start timestamp. Estimates are evenly divided and must be replaced with reviewed sign-level annotation timestamps.
8,be,paragraph,0,0,1,4,16.6667,28.3333,16.6667,40,19.2593,19.9074,2.5926,3.2407,2.5926,3.2407,segments/sentences/sent_1.mp4,segments/paragraphs/para_0.mp4,estimated-needs-review,These recommendations are to be used in addition to/in conjunction with the Access Suggestions for Public Events.,"These recommendations are to be used in addition to/in conjunction with the Access Suggestions for Public Events. This work is ideally done from a deeper political commitment to disability justice, or at least a critique of ableism and an understanding of disabled people’s autonomy and right to consent.",Relative clip timestamp = main video word timestamp - segment start timestamp. Estimates are evenly divided and must be replaced with reviewed sign-level annotation timestamps.
9,used,paragraph,0,0,1,5,16.6667,28.3333,16.6667,40,19.9074,20.5556,3.2407,3.8889,3.2407,3.8889,segments/sentences/sent_1.mp4,segments/paragraphs/para_0.mp4,estimated-needs-review,These recommendations are to be used in addition to/in conjunction with the Access Suggestions for Public Events.,"These recommendations are to be used in addition to/in conjunction with the Access Suggestions for Public Events. This work is ideally done from a deeper political commitment to disability justice, or at least a critique of ableism and an understanding of disabled people’s autonomy and right to consent.",Relative clip timestamp = main video word timestamp - segment start timestamp. Estimates are evenly divided and must be replaced with reviewed sign-level annotation timestamps.
10,in,paragraph,0,0,1,6,16.6667,28.3333,16.6667,40,20.5556,21.2037,3.8889,4.537,3.8889,4.537,segments/sentences/sent_1.mp4,segments/paragraphs/para_0.mp4,estimated-needs-review,These recommendations are to be used in addition to/in conjunction with the Access Suggestions for Public Events.,"These recommendations are to be used in addition to/in conjunction with the Access Suggestions for Public Events. This work is ideally done from a deeper political commitment to disability justice, or at least a critique of ableism and an understanding of disabled people’s autonomy and right to consent.",Relative clip timestamp = main video word timestamp - segment start timestamp. Estimates are evenly divided and must be replaced with reviewed sign-level annotation timestamps.
11,addition,paragraph,0,0,1,7,16.6667,28.3333,16.6667,40,21.2037,21.8519,4.537,5.1852,4.537,5.1852,segments/sentences/sent_1.mp4,segments/paragraphs/para_0.mp4,estimated-needs-review,These recommendations are to be used in addition to/in conjunction with the Access Suggestions for Public Events.,"These recommendations are to be used in addition to/in conjunction with the Access Suggestions for Public Events. This work is ideally done from a deeper political commitment to disability justice, or at least a critique of ableism and an understanding of disabled people’s autonomy and right to consent.",Relative clip timestamp = main video word timestamp - segment start timestamp. Estimates are evenly divided and must be replaced with reviewed sign-level annotation timestamps.
12,to,paragraph,0,0,1,8,16.6667,28.3333,16.6667,40,21.8519,22.5,5.1852,5.8333,5.1852,5.8333,segments/sentences/sent_1.mp4,segments/paragraphs/para_0.mp4,estimated-needs-review,These recommendations are to be used in addition to/in conjunction with the Access Suggestions for Public Events.,"These recommendations are to be used in addition to/in conjunction with the Access Suggestions for Public Events. This work is ideally done from a deeper political commitment to disability justice, or at least a critique of ableism and an understanding of disabled people’s autonomy and right to consent.",Relative clip timestamp = main video word timestamp - segment start timestamp. Estimates are evenly divided and must be replaced with reviewed sign-level annotation timestamps.
13,in,paragraph,0,0,1,9,16.6667,28.3333,16.6667,40,22.5,23.1482,5.8333,6.4815,5.8333,6.4815,segments/sentences/sent_1.mp4,segments/paragraphs/para_0.mp4,estimated-needs-review,These recommendations are to be used in addition to/in conjunction with the Access Suggestions for Public Events.,"These recommendations are to be used in addition to/in conjunction with the Access Suggestions for Public Events. This work is ideally done from a deeper political commitment to disability justice, or at least a critique of ableism and an understanding of disabled people’s autonomy and right to consent.",Relative clip timestamp = main video word timestamp - segment start timestamp. Estimates are evenly divided and must be replaced with reviewed sign-level annotation timestamps.
14,conjunction,paragraph,0,0,1,10,16.6667,28.3333,16.6667,40,23.1482,23.7963,6.4815,7.1296,6.4815,7.1296,segments/sentences/sent_1.mp4,segments/paragraphs/para_0.mp4,estimated-needs-review,These recommendations are to be used in addition to/in conjunction with the Access Suggestions for Public Events.,"These recommendations are to be used in addition to/in conjunction with the Access Suggestions for Public Events. This work is ideally done from a deeper political commitment to disability justice, or at least a critique of ableism and an understanding of disabled people’s autonomy and right to consent.",Relative clip timestamp = main video word timestamp - segment start timestamp. Estimates are evenly divided and must be replaced with reviewed sign-level annotation timestamps.
15,with,paragraph,0,0,1,11,16.6667,28.3333,16.6667,40,23.7963,24.4445,7.1296,7.7778,7.1296,7.7778,segments/sentences/sent_1.mp4,segments/paragraphs/para_0.mp4,estimated-needs-review,These recommendations are to be used in addition to/in conjunction with the Access Suggestions for Public Events.,"These recommendations are to be used in addition to/in conjunction with the Access Suggestions for Public Events. This work is ideally done from a deeper political commitment to disability justice, or at least a critique of ableism and an understanding of disabled people’s autonomy and right to consent.",Relative clip timestamp = main video word timestamp - segment start timestamp. Estimates are evenly divided and must be replaced with reviewed sign-level annotation timestamps.
16,the,paragraph,0,0,1,12,16.6667,28.3333,16.6667,40,24.4445,25.0926,7.7778,8.4259,7.7778,8.4259,segments/sentences/sent_1.mp4,segments/paragraphs/para_0.mp4,estimated-needs-review,These recommendations are to be used in addition to/in conjunction with the Access Suggestions for Public Events.,"These recommendations are to be used in addition to/in conjunction with the Access Suggestions for Public Events. This work is ideally done from a deeper political commitment to disability justice, or at least a critique of ableism and an understanding of disabled people’s autonomy and right to consent.",Relative clip timestamp = main video word timestamp - segment start timestamp. Estimates are evenly divided and must be replaced with reviewed sign-level annotation timestamps.
17,access,paragraph,0,0,1,13,16.6667,28.3333,16.6667,40,25.0926,25.7408,8.4259,9.0741,8.4259,9.0741,segments/sentences/sent_1.mp4,segments/paragraphs/para_0.mp4,estimated-needs-review,These recommendations are to be used in addition to/in conjunction with the Access Suggestions for Public Events.,"These recommendations are to be used in addition to/in conjunction with the Access Suggestions for Public Events. This work is ideally done from a deeper political commitment to disability justice, or at least a critique of ableism and an understanding of disabled people’s autonomy and right to consent.",Relative clip timestamp = main video word timestamp - segment start timestamp. Estimates are evenly divided and must be replaced with reviewed sign-level annotation timestamps.
18,suggestions,paragraph,0,0,1,14,16.6667,28.3333,16.6667,40,25.7408,26.3889,9.0741,9.7222,9.0741,9.7222,segments/sentences/sent_1.mp4,segments/paragraphs/para_0.mp4,estimated-needs-review,These recommendations are to be used in addition to/in conjunction with the Access Suggestions for Public Events.,"These recommendations are to be used in addition to/in conjunction with the Access Suggestions for Public Events. This work is ideally done from a deeper political commitment to disability justice, or at least a critique of ableism and an understanding of disabled people’s autonomy and right to consent.",Relative clip timestamp = main video word timestamp - segment start timestamp. Estimates are evenly divided and must be replaced with reviewed sign-level annotation timestamps.
19,for,paragraph,0,0,1,15,16.6667,28.3333,16.6667,40,26.3889,27.0371,9.7222,10.3704,9.7222,10.3704,segments/sentences/sent_1.mp4,segments/paragraphs/para_0.mp4,estimated-needs-review,These recommendations are to be used in addition to/in conjunction with the Access Suggestions for Public Events.,"These recommendations are to be used in addition to/in conjunction with the Access Suggestions for Public Events. This work is ideally done from a deeper political commitment to disability justice, or at least a critique of ableism and an understanding of disabled people’s autonomy and right to consent.",Relative clip timestamp = main video word timestamp - segment start timestamp. Estimates are evenly divided and must be replaced with reviewed sign-level annotation timestamps.
20,public,paragraph,0,0,1,16,16.6667,28.3333,16.6667,40,27.0371,27.6852,10.3704,11.0185,10.3704,11.0185,segments/sentences/sent_1.mp4,segments/paragraphs/para_0.mp4,estimated-needs-review,These recommendations are to be used in addition to/in conjunction with the Access Suggestions for Public Events.,"These recommendations are to be used in addition to/in conjunction with the Access Suggestions for Public Events. This work is ideally done from a deeper political commitment to disability justice, or at least a critique of ableism and an understanding of disabled people’s autonomy and right to consent.",Relative clip timestamp = main video word timestamp - segment start timestamp. Estimates are evenly divided and must be replaced with reviewed sign-level annotation timestamps.
21,events,paragraph,0,0,1,17,16.6667,28.3333,16.6667,40,27.6852,28.3333,11.0185,11.6666,11.0185,11.6666,segments/sentences/sent_1.mp4,segments/paragraphs/para_0.mp4,estimated-needs-review,These recommendations are to be used in addition to/in conjunction with the Access Suggestions for Public Events.,"These recommendations are to be used in addition to/in conjunction with the Access Suggestions for Public Events. This work is ideally done from a deeper political commitment to disability justice, or at least a critique of ableism and an understanding of disabled people’s autonomy and right to consent.",Relative clip timestamp = main video word timestamp - segment start timestamp. Estimates are evenly divided and must be replaced with reviewed sign-level annotation timestamps.
22,this,paragraph,0,0,2,0,28.3333,40,16.6667,40,28.3333,28.7097,0,0.3764,11.6666,12.043,segments/sentences/sent_2.mp4,segments/paragraphs/para_0.mp4,estimated-needs-review,"This work is ideally done from a deeper political commitment to disability justice, or at least a critique of ableism and an understanding of disabled people’s autonomy and right to consent.","These recommendations are to be used in addition to/in conjunction with the Access Suggestions for Public Events. This work is ideally done from a deeper political commitment to disability justice, or at least a critique of ableism and an understanding of disabled people’s autonomy and right to consent.",Relative clip timestamp = main video word timestamp - segment start timestamp. Estimates are evenly divided and must be replaced with reviewed sign-level annotation timestamps.
23,work,paragraph,0,0,2,1,28.3333,40,16.6667,40,28.7097,29.086,0.3764,0.7527,12.043,12.4193,segments/sentences/sent_2.mp4,segments/paragraphs/para_0.mp4,estimated-needs-review,"This work is ideally done from a deeper political commitment to disability justice, or at least a critique of ableism and an understanding of disabled people’s autonomy and right to consent.","These recommendations are to be used in addition to/in conjunction with the Access Suggestions for Public Events. This work is ideally done from a deeper political commitment to disability justice, or at least a critique of ableism and an understanding of disabled people’s autonomy and right to consent.",Relative clip timestamp = main video word timestamp - segment start timestamp. Estimates are evenly divided and must be replaced with reviewed sign-level annotation timestamps.
24,is,paragraph,0,0,2,2,28.3333,40,16.6667,40,29.086,29.4624,0.7527,1.1291,12.4193,12.7957,segments/sentences/sent_2.mp4,segments/paragraphs/para_0.mp4,estimated-needs-review,"This work is ideally done from a deeper political commitment to disability justice, or at least a critique of ableism and an understanding of disabled people’s autonomy and right to consent.","These recommendations are to be used in addition to/in conjunction with the Access Suggestions for Public Events. This work is ideally done from a deeper political commitment to disability justice, or at least a critique of ableism and an understanding of disabled people’s autonomy and right to consent.",Relative clip timestamp = main video word timestamp - segment start timestamp. Estimates are evenly divided and must be replaced with reviewed sign-level annotation timestamps.
25,ideally,paragraph,0,0,2,3,28.3333,40,16.6667,40,29.4624,29.8387,1.1291,1.5054,12.7957,13.172,segments/sentences/sent_2.mp4,segments/paragraphs/para_0.mp4,estimated-needs-review,"This work is ideally done from a deeper political commitment to disability justice, or at least a critique of ableism and an understanding of disabled people’s autonomy and right to consent.","These recommendations are to be used in addition to/in conjunction with the Access Suggestions for Public Events. This work is ideally done from a deeper political commitment to disability justice, or at least a critique of ableism and an understanding of disabled people’s autonomy and right to consent.",Relative clip timestamp = main video word timestamp - segment start timestamp. Estimates are evenly divided and must be replaced with reviewed sign-level annotation timestamps.
26,done,paragraph,0,0,2,4,28.3333,40,16.6667,40,29.8387,30.2151,1.5054,1.8818,13.172,13.5484,segments/sentences/sent_2.mp4,segments/paragraphs/para_0.mp4,estimated-needs-review,"This work is ideally done from a deeper political commitment to disability justice, or at least a critique of ableism and an understanding of disabled people’s autonomy and right to consent.","These recommendations are to be used in addition to/in conjunction with the Access Suggestions for Public Events. This work is ideally done from a deeper political commitment to disability justice, or at least a critique of ableism and an understanding of disabled people’s autonomy and right to consent.",Relative clip timestamp = main video word timestamp - segment start timestamp. Estimates are evenly divided and must be replaced with reviewed sign-level annotation timestamps.
27,from,paragraph,0,0,2,5,28.3333,40,16.6667,40,30.2151,30.5914,1.8818,2.2581,13.5484,13.9247,segments/sentences/sent_2.mp4,segments/paragraphs/para_0.mp4,estimated-needs-review,"This work is ideally done from a deeper political commitment to disability justice, or at least a critique of ableism and an understanding of disabled people’s autonomy and right to consent.","These recommendations are to be used in addition to/in conjunction with the Access Suggestions for Public Events. This work is ideally done from a deeper political commitment to disability justice, or at least a critique of ableism and an understanding of disabled people’s autonomy and right to consent.",Relative clip timestamp = main video word timestamp - segment start timestamp. Estimates are evenly divided and must be replaced with reviewed sign-level annotation timestamps.
28,a,paragraph,0,0,2,6,28.3333,40,16.6667,40,30.5914,30.9678,2.2581,2.6345,13.9247,14.3011,segments/sentences/sent_2.mp4,segments/paragraphs/para_0.mp4,estimated-needs-review,"This work is ideally done from a deeper political commitment to disability justice, or at least a critique of ableism and an understanding of disabled people’s autonomy and right to consent.","These recommendations are to be used in addition to/in conjunction with the Access Suggestions for Public Events. This work is ideally done from a deeper political commitment to disability justice, or at least a critique of ableism and an understanding of disabled people’s autonomy and right to consent.",Relative clip timestamp = main video word timestamp - segment start timestamp. Estimates are evenly divided and must be replaced with reviewed sign-level annotation timestamps.
29,deeper,paragraph,0,0,2,7,28.3333,40,16.6667,40,30.9678,31.3441,2.6345,3.0108,14.3011,14.6774,segments/sentences/sent_2.mp4,segments/paragraphs/para_0.mp4,estimated-needs-review,"This work is ideally done from a deeper political commitment to disability justice, or at least a critique of ableism and an understanding of disabled people’s autonomy and right to consent.","These recommendations are to be used in addition to/in conjunction with the Access Suggestions for Public Events. This work is ideally done from a deeper political commitment to disability justice, or at least a critique of ableism and an understanding of disabled people’s autonomy and right to consent.",Relative clip timestamp = main video word timestamp - segment start timestamp. Estimates are evenly divided and must be replaced with reviewed sign-level annotation timestamps.
30,political,paragraph,0,0,2,8,28.3333,40,16.6667,40,31.3441,31.7204,3.0108,3.3871,14.6774,15.0537,segments/sentences/sent_2.mp4,segments/paragraphs/para_0.mp4,estimated-needs-review,"This work is ideally done from a deeper political commitment to disability justice, or at least a critique of ableism and an understanding of disabled people’s autonomy and right to consent.","These recommendations are to be used in addition to/in conjunction with the Access Suggestions for Public Events. This work is ideally done from a deeper political commitment to disability justice, or at least a critique of ableism and an understanding of disabled people’s autonomy and right to consent.",Relative clip timestamp = main video word timestamp - segment start timestamp. Estimates are evenly divided and must be replaced with reviewed sign-level annotation timestamps.
31,commitment,paragraph,0,0,2,9,28.3333,40,16.6667,40,31.7204,32.0968,3.3871,3.7635,15.0537,15.4301,segments/sentences/sent_2.mp4,segments/paragraphs/para_0.mp4,estimated-needs-review,"This work is ideally done from a deeper political commitment to disability justice, or at least a critique of ableism and an understanding of disabled people’s autonomy and right to consent.","These recommendations are to be used in addition to/in conjunction with the Access Suggestions for Public Events. This work is ideally done from a deeper political commitment to disability justice, or at least a critique of ableism and an understanding of disabled people’s autonomy and right to consent.",Relative clip timestamp = main video word timestamp - segment start timestamp. Estimates are evenly divided and must be replaced with reviewed sign-level annotation timestamps.
32,to,paragraph,0,0,2,10,28.3333,40,16.6667,40,32.0968,32.4731,3.7635,4.1398,15.4301,15.8064,segments/sentences/sent_2.mp4,segments/paragraphs/para_0.mp4,estimated-needs-review,"This work is ideally done from a deeper political commitment to disability justice, or at least a critique of ableism and an understanding of disabled people’s autonomy and right to consent.","These recommendations are to be used in addition to/in conjunction with the Access Suggestions for Public Events. This work is ideally done from a deeper political commitment to disability justice, or at least a critique of ableism and an understanding of disabled people’s autonomy and right to consent.",Relative clip timestamp = main video word timestamp - segment start timestamp. Estimates are evenly divided and must be replaced with reviewed sign-level annotation timestamps.
33,disability,paragraph,0,0,2,11,28.3333,40,16.6667,40,32.4731,32.8495,4.1398,4.5162,15.8064,16.1828,segments/sentences/sent_2.mp4,segments/paragraphs/para_0.mp4,estimated-needs-review,"This work is ideally done from a deeper political commitment to disability justice, or at least a critique of ableism and an understanding of disabled people’s autonomy and right to consent.","These recommendations are to be used in addition to/in conjunction with the Access Suggestions for Public Events. This work is ideally done from a deeper political commitment to disability justice, or at least a critique of ableism and an understanding of disabled people’s autonomy and right to consent.",Relative clip timestamp = main video word timestamp - segment start timestamp. Estimates are evenly divided and must be replaced with reviewed sign-level annotation timestamps.
34,justice,paragraph,0,0,2,12,28.3333,40,16.6667,40,32.8495,33.2258,4.5162,4.8925,16.1828,16.5591,segments/sentences/sent_2.mp4,segments/paragraphs/para_0.mp4,estimated-needs-review,"This work is ideally done from a deeper political commitment to disability justice, or at least a critique of ableism and an understanding of disabled people’s autonomy and right to consent.","These recommendations are to be used in addition to/in conjunction with the Access Suggestions for Public Events. This work is ideally done from a deeper political commitment to disability justice, or at least a critique of ableism and an understanding of disabled people’s autonomy and right to consent.",Relative clip timestamp = main video word timestamp - segment start timestamp. Estimates are evenly divided and must be replaced with reviewed sign-level annotation timestamps.
35,or,paragraph,0,0,2,13,28.3333,40,16.6667,40,33.2258,33.6022,4.8925,5.2689,16.5591,16.9355,segments/sentences/sent_2.mp4,segments/paragraphs/para_0.mp4,estimated-needs-review,"This work is ideally done from a deeper political commitment to disability justice, or at least a critique of ableism and an understanding of disabled people’s autonomy and right to consent.","These recommendations are to be used in addition to/in conjunction with the Access Suggestions for Public Events. This work is ideally done from a deeper political commitment to disability justice, or at least a critique of ableism and an understanding of disabled people’s autonomy and right to consent.",Relative clip timestamp = main video word timestamp - segment start timestamp. Estimates are evenly divided and must be replaced with reviewed sign-level annotation timestamps.
36,at,paragraph,0,0,2,14,28.3333,40,16.6667,40,33.6022,33.9785,5.2689,5.6452,16.9355,17.3118,segments/sentences/sent_2.mp4,segments/paragraphs/para_0.mp4,estimated-needs-review,"This work is ideally done from a deeper political commitment to disability justice, or at least a critique of ableism and an understanding of disabled people’s autonomy and right to consent.","These recommendations are to be used in addition to/in conjunction with the Access Suggestions for Public Events. This work is ideally done from a deeper political commitment to disability justice, or at least a critique of ableism and an understanding of disabled people’s autonomy and right to consent.",Relative clip timestamp = main video word timestamp - segment start timestamp. Estimates are evenly divided and must be replaced with reviewed sign-level annotation timestamps.
37,least,paragraph,0,0,2,15,28.3333,40,16.6667,40,33.9785,34.3548,5.6452,6.0215,17.3118,17.6881,segments/sentences/sent_2.mp4,segments/paragraphs/para_0.mp4,estimated-needs-review,"This work is ideally done from a deeper political commitment to disability justice, or at least a critique of ableism and an understanding of disabled people’s autonomy and right to consent.","These recommendations are to be used in addition to/in conjunction with the Access Suggestions for Public Events. This work is ideally done from a deeper political commitment to disability justice, or at least a critique of ableism and an understanding of disabled people’s autonomy and right to consent.",Relative clip timestamp = main video word timestamp - segment start timestamp. Estimates are evenly divided and must be replaced with reviewed sign-level annotation timestamps.
38,a,paragraph,0,0,2,16,28.3333,40,16.6667,40,34.3548,34.7312,6.0215,6.3979,17.6881,18.0645,segments/sentences/sent_2.mp4,segments/paragraphs/para_0.mp4,estimated-needs-review,"This work is ideally done from a deeper political commitment to disability justice, or at least a critique of ableism and an understanding of disabled people’s autonomy and right to consent.","These recommendations are to be used in addition to/in conjunction with the Access Suggestions for Public Events. This work is ideally done from a deeper political commitment to disability justice, or at least a critique of ableism and an understanding of disabled people’s autonomy and right to consent.",Relative clip timestamp = main video word timestamp - segment start timestamp. Estimates are evenly divided and must be replaced with reviewed sign-level annotation timestamps.
39,critique,paragraph,0,0,2,17,28.3333,40,16.6667,40,34.7312,35.1075,6.3979,6.7742,18.0645,18.4408,segments/sentences/sent_2.mp4,segments/paragraphs/para_0.mp4,estimated-needs-review,"This work is ideally done from a deeper political commitment to disability justice, or at least a critique of ableism and an understanding of disabled people’s autonomy and right to consent.","These recommendations are to be used in addition to/in conjunction with the Access Suggestions for Public Events. This work is ideally done from a deeper political commitment to disability justice, or at least a critique of ableism and an understanding of disabled people’s autonomy and right to consent.",Relative clip timestamp = main video word timestamp - segment start timestamp. Estimates are evenly divided and must be replaced with reviewed sign-level annotation timestamps.
40,of,paragraph,0,0,2,18,28.3333,40,16.6667,40,35.1075,35.4839,6.7742,7.1506,18.4408,18.8172,segments/sentences/sent_2.mp4,segments/paragraphs/para_0.mp4,estimated-needs-review,"This work is ideally done from a deeper political commitment to disability justice, or at least a critique of ableism and an understanding of disabled people’s autonomy and right to consent.","These recommendations are to be used in addition to/in conjunction with the Access Suggestions for Public Events. This work is ideally done from a deeper political commitment to disability justice, or at least a critique of ableism and an understanding of disabled people’s autonomy and right to consent.",Relative clip timestamp = main video word timestamp - segment start timestamp. Estimates are evenly divided and must be replaced with reviewed sign-level annotation timestamps.
41,ableism,paragraph,0,0,2,19,28.3333,40,16.6667,40,35.4839,35.8602,7.1506,7.5269,18.8172,19.1935,segments/sentences/sent_2.mp4,segments/paragraphs/para_0.mp4,estimated-needs-review,"This work is ideally done from a deeper political commitment to disability justice, or at least a critique of ableism and an understanding of disabled people’s autonomy and right to consent.","These recommendations are to be used in addition to/in conjunction with the Access Suggestions for Public Events. This work is ideally done from a deeper political commitment to disability justice, or at least a critique of ableism and an understanding of disabled people’s autonomy and right to consent.",Relative clip timestamp = main video word timestamp - segment start timestamp. Estimates are evenly divided and must be replaced with reviewed sign-level annotation timestamps.
42,and,paragraph,0,0,2,20,28.3333,40,16.6667,40,35.8602,36.2366,7.5269,7.9033,19.1935,19.5699,segments/sentences/sent_2.mp4,segments/paragraphs/para_0.mp4,estimated-needs-review,"This work is ideally done from a deeper political commitment to disability justice, or at least a critique of ableism and an understanding of disabled people’s autonomy and right to consent.","These recommendations are to be used in addition to/in conjunction with the Access Suggestions for Public Events. This work is ideally done from a deeper political commitment to disability justice, or at least a critique of ableism and an understanding of disabled people’s autonomy and right to consent.",Relative clip timestamp = main video word timestamp - segment start timestamp. Estimates are evenly divided and must be replaced with reviewed sign-level annotation timestamps.
43,an,paragraph,0,0,2,21,28.3333,40,16.6667,40,36.2366,36.6129,7.9033,8.2796,19.5699,19.9462,segments/sentences/sent_2.mp4,segments/paragraphs/para_0.mp4,estimated-needs-review,"This work is ideally done from a deeper political commitment to disability justice, or at least a critique of ableism and an understanding of disabled people’s autonomy and right to consent.","These recommendations are to be used in addition to/in conjunction with the Access Suggestions for Public Events. This work is ideally done from a deeper political commitment to disability justice, or at least a critique of ableism and an understanding of disabled people’s autonomy and right to consent.",Relative clip timestamp = main video word timestamp - segment start timestamp. Estimates are evenly divided and must be replaced with reviewed sign-level annotation timestamps.
44,understanding,paragraph,0,0,2,22,28.3333,40,16.6667,40,36.6129,36.9893,8.2796,8.656,19.9462,20.3226,segments/sentences/sent_2.mp4,segments/paragraphs/para_0.mp4,estimated-needs-review,"This work is ideally done from a deeper political commitment to disability justice, or at least a critique of ableism and an understanding of disabled people’s autonomy and right to consent.","These recommendations are to be used in addition to/in conjunction with the Access Suggestions for Public Events. This work is ideally done from a deeper political commitment to disability justice, or at least a critique of ableism and an understanding of disabled people’s autonomy and right to consent.",Relative clip timestamp = main video word timestamp - segment start timestamp. Estimates are evenly divided and must be replaced with reviewed sign-level annotation timestamps.
45,of,paragraph,0,0,2,23,28.3333,40,16.6667,40,36.9893,37.3656,8.656,9.0323,20.3226,20.6989,segments/sentences/sent_2.mp4,segments/paragraphs/para_0.mp4,estimated-needs-review,"This work is ideally done from a deeper political commitment to disability justice, or at least a critique of ableism and an understanding of disabled people’s autonomy and right to consent.","These recommendations are to be used in addition to/in conjunction with the Access Suggestions for Public Events. This work is ideally done from a deeper political commitment to disability justice, or at least a critique of ableism and an understanding of disabled people’s autonomy and right to consent.",Relative clip timestamp = main video word timestamp - segment start timestamp. Estimates are evenly divided and must be replaced with reviewed sign-level annotation timestamps.
46,disabled,paragraph,0,0,2,24,28.3333,40,16.6667,40,37.3656,37.7419,9.0323,9.4086,20.6989,21.0752,segments/sentences/sent_2.mp4,segments/paragraphs/para_0.mp4,estimated-needs-review,"This work is ideally done from a deeper political commitment to disability justice, or at least a critique of ableism and an understanding of disabled people’s autonomy and right to consent.","These recommendations are to be used in addition to/in conjunction with the Access Suggestions for Public Events. This work is ideally done from a deeper political commitment to disability justice, or at least a critique of ableism and an understanding of disabled people’s autonomy and right to consent.",Relative clip timestamp = main video word timestamp - segment start timestamp. Estimates are evenly divided and must be replaced with reviewed sign-level annotation timestamps.
47,people,paragraph,0,0,2,25,28.3333,40,16.6667,40,37.7419,38.1183,9.4086,9.785,21.0752,21.4516,segments/sentences/sent_2.mp4,segments/paragraphs/para_0.mp4,estimated-needs-review,"This work is ideally done from a deeper political commitment to disability justice, or at least a critique of ableism and an understanding of disabled people’s autonomy and right to consent.","These recommendations are to be used in addition to/in conjunction with the Access Suggestions for Public Events. This work is ideally done from a deeper political commitment to disability justice, or at least a critique of ableism and an understanding of disabled people’s autonomy and right to consent.",Relative clip timestamp = main video word timestamp - segment start timestamp. Estimates are evenly divided and must be replaced with reviewed sign-level annotation timestamps.
48,autonomy,paragraph,0,0,2,26,28.3333,40,16.6667,40,38.1183,38.4946,9.785,10.1613,21.4516,21.8279,segments/sentences/sent_2.mp4,segments/paragraphs/para_0.mp4,estimated-needs-review,"This work is ideally done from a deeper political commitment to disability justice, or at least a critique of ableism and an understanding of disabled people’s autonomy and right to consent.","These recommendations are to be used in addition to/in conjunction with the Access Suggestions for Public Events. This work is ideally done from a deeper political commitment to disability justice, or at least a critique of ableism and an understanding of disabled people’s autonomy and right to consent.",Relative clip timestamp = main video word timestamp - segment start timestamp. Estimates are evenly divided and must be replaced with reviewed sign-level annotation timestamps.
49,and,paragraph,0,0,2,27,28.3333,40,16.6667,40,38.4946,38.871,10.1613,10.5377,21.8279,22.2043,segments/sentences/sent_2.mp4,segments/paragraphs/para_0.mp4,estimated-needs-review,"This work is ideally done from a deeper political commitment to disability justice, or at least a critique of ableism and an understanding of disabled people’s autonomy and right to consent.","These recommendations are to be used in addition to/in conjunction with the Access Suggestions for Public Events. This work is ideally done from a deeper political commitment to disability justice, or at least a critique of ableism and an understanding of disabled people’s autonomy and right to consent.",Relative clip timestamp = main video word timestamp - segment start timestamp. Estimates are evenly divided and must be replaced with reviewed sign-level annotation timestamps.
50,right,paragraph,0,0,2,28,28.3333,40,16.6667,40,38.871,39.2473,10.5377,10.914,22.2043,22.5806,segments/sentences/sent_2.mp4,segments/paragraphs/para_0.mp4,estimated-needs-review,"This work is ideally done from a deeper political commitment to disability justice, or at least a critique of ableism and an understanding of disabled people’s autonomy and right to consent.","These recommendations are to be used in addition to/in conjunction with the Access Suggestions for Public Events. This work is ideally done from a deeper political commitment to disability justice, or at least a critique of ableism and an understanding of disabled people’s autonomy and right to consent.",Relative clip timestamp = main video word timestamp - segment start timestamp. Estimates are evenly divided and must be replaced with reviewed sign-level annotation timestamps.
51,to,paragraph,0,0,2,29,28.3333,40,16.6667,40,39.2473,39.6237,10.914,11.2904,22.5806,22.957,segments/sentences/sent_2.mp4,segments/paragraphs/para_0.mp4,estimated-needs-review,"This work is ideally done from a deeper political commitment to disability justice, or at least a critique of ableism and an understanding of disabled people’s autonomy and right to consent.","These recommendations are to be used in addition to/in conjunction with the Access Suggestions for Public Events. This work is ideally done from a deeper political commitment to disability justice, or at least a critique of ableism and an understanding of disabled people’s autonomy and right to consent.",Relative clip timestamp = main video word timestamp - segment start timestamp. Estimates are evenly divided and must be replaced with reviewed sign-level annotation timestamps.
52,consent,paragraph,0,0,2,30,28.3333,40,16.6667,40,39.6237,40,11.2904,11.6667,22.957,23.3333,segments/sentences/sent_2.mp4,segments/paragraphs/para_0.mp4,estimated-needs-review,"This work is ideally done from a deeper political commitment to disability justice, or at least a critique of ableism and an understanding of disabled people’s autonomy and right to consent.","These recommendations are to be used in addition to/in conjunction with the Access Suggestions for Public Events. This work is ideally done from a deeper political commitment to disability justice, or at least a critique of ableism and an understanding of disabled people’s autonomy and right to consent.",Relative clip timestamp = main video word timestamp - segment start timestamp. Estimates are evenly divided and must be replaced with reviewed sign-level annotation timestamps.
53,know,bullet-0,1,1,3,0,40,64,40,64,40,42.1818,0,2.1818,0,2.1818,segments/sentences/sent_3.mp4,segments/paragraphs/para_1.mp4,estimated-needs-review,Know the difference between useful access support and patronizing ableist abuse!,Know the difference between useful access support and patronizing ableist abuse!,Relative clip timestamp = main video word timestamp - segment start timestamp. Estimates are evenly divided and must be replaced with reviewed sign-level annotation timestamps.
54,the,bullet-0,1,1,3,1,40,64,40,64,42.1818,44.3636,2.1818,4.3636,2.1818,4.3636,segments/sentences/sent_3.mp4,segments/paragraphs/para_1.mp4,estimated-needs-review,Know the difference between useful access support and patronizing ableist abuse!,Know the difference between useful access support and patronizing ableist abuse!,Relative clip timestamp = main video word timestamp - segment start timestamp. Estimates are evenly divided and must be replaced with reviewed sign-level annotation timestamps.
55,difference,bullet-0,1,1,3,2,40,64,40,64,44.3636,46.5455,4.3636,6.5455,4.3636,6.5455,segments/sentences/sent_3.mp4,segments/paragraphs/para_1.mp4,estimated-needs-review,Know the difference between useful access support and patronizing ableist abuse!,Know the difference between useful access support and patronizing ableist abuse!,Relative clip timestamp = main video word timestamp - segment start timestamp. Estimates are evenly divided and must be replaced with reviewed sign-level annotation timestamps.
56,between,bullet-0,1,1,3,3,40,64,40,64,46.5455,48.7273,6.5455,8.7273,6.5455,8.7273,segments/sentences/sent_3.mp4,segments/paragraphs/para_1.mp4,estimated-needs-review,Know the difference between useful access support and patronizing ableist abuse!,Know the difference between useful access support and patronizing ableist abuse!,Relative clip timestamp = main video word timestamp - segment start timestamp. Estimates are evenly divided and must be replaced with reviewed sign-level annotation timestamps.
57,useful,bullet-0,1,1,3,4,40,64,40,64,48.7273,50.9091,8.7273,10.9091,8.7273,10.9091,segments/sentences/sent_3.mp4,segments/paragraphs/para_1.mp4,estimated-needs-review,Know the difference between useful access support and patronizing ableist abuse!,Know the difference between useful access support and patronizing ableist abuse!,Relative clip timestamp = main video word timestamp - segment start timestamp. Estimates are evenly divided and must be replaced with reviewed sign-level annotation timestamps.
58,access,bullet-0,1,1,3,5,40,64,40,64,50.9091,53.0909,10.9091,13.0909,10.9091,13.0909,segments/sentences/sent_3.mp4,segments/paragraphs/para_1.mp4,estimated-needs-review,Know the difference between useful access support and patronizing ableist abuse!,Know the difference between useful access support and patronizing ableist abuse!,Relative clip timestamp = main video word timestamp - segment start timestamp. Estimates are evenly divided and must be replaced with reviewed sign-level annotation timestamps.
59,support,bullet-0,1,1,3,6,40,64,40,64,53.0909,55.2727,13.0909,15.2727,13.0909,15.2727,segments/sentences/sent_3.mp4,segments/paragraphs/para_1.mp4,estimated-needs-review,Know the difference between useful access support and patronizing ableist abuse!,Know the difference between useful access support and patronizing ableist abuse!,Relative clip timestamp = main video word timestamp - segment start timestamp. Estimates are evenly divided and must be replaced with reviewed sign-level annotation timestamps.
60,and,bullet-0,1,1,3,7,40,64,40,64,55.2727,57.4545,15.2727,17.4545,15.2727,17.4545,segments/sentences/sent_3.mp4,segments/paragraphs/para_1.mp4,estimated-needs-review,Know the difference between useful access support and patronizing ableist abuse!,Know the difference between useful access support and patronizing ableist abuse!,Relative clip timestamp = main video word timestamp - segment start timestamp. Estimates are evenly divided and must be replaced with reviewed sign-level annotation timestamps.
61,patronizing,bullet-0,1,1,3,8,40,64,40,64,57.4545,59.6364,17.4545,19.6364,17.4545,19.6364,segments/sentences/sent_3.mp4,segments/paragraphs/para_1.mp4,estimated-needs-review,Know the difference between useful access support and patronizing ableist abuse!,Know the difference between useful access support and patronizing ableist abuse!,Relative clip timestamp = main video word timestamp - segment start timestamp. Estimates are evenly divided and must be replaced with reviewed sign-level annotation timestamps.
62,ableist,bullet-0,1,1,3,9,40,64,40,64,59.6364,61.8182,19.6364,21.8182,19.6364,21.8182,segments/sentences/sent_3.mp4,segments/paragraphs/para_1.mp4,estimated-needs-review,Know the difference between useful access support and patronizing ableist abuse!,Know the difference between useful access support and patronizing ableist abuse!,Relative clip timestamp = main video word timestamp - segment start timestamp. Estimates are evenly divided and must be replaced with reviewed sign-level annotation timestamps.
63,abuse,bullet-0,1,1,3,10,40,64,40,64,61.8182,64,21.8182,24,21.8182,24,segments/sentences/sent_3.mp4,segments/paragraphs/para_1.mp4,estimated-needs-review,Know the difference between useful access support and patronizing ableist abuse!,Know the difference between useful access support and patronizing ableist abuse!,Relative clip timestamp = main video word timestamp - segment start timestamp. Estimates are evenly divided and must be replaced with reviewed sign-level annotation timestamps.
64,always,bullet-1,1,1,4,0,40,64,40,64,40,43,0,3,0,3,segments/sentences/sent_4.mp4,segments/paragraphs/para_1.mp4,estimated-needs-review,Always have at least one Accessibility Point Person.,Always have at least one Accessibility Point Person.,Relative clip timestamp = main video word timestamp - segment start timestamp. Estimates are evenly divided and must be replaced with reviewed sign-level annotation timestamps.
65,have,bullet-1,1,1,4,1,40,64,40,64,43,46,3,6,3,6,segments/sentences/sent_4.mp4,segments/paragraphs/para_1.mp4,estimated-needs-review,Always have at least one Accessibility Point Person.,Always have at least one Accessibility Point Person.,Relative clip timestamp = main video word timestamp - segment start timestamp. Estimates are evenly divided and must be replaced with reviewed sign-level annotation timestamps.
66,at,bullet-1,1,1,4,2,40,64,40,64,46,49,6,9,6,9,segments/sentences/sent_4.mp4,segments/paragraphs/para_1.mp4,estimated-needs-review,Always have at least one Accessibility Point Person.,Always have at least one Accessibility Point Person.,Relative clip timestamp = main video word timestamp - segment start timestamp. Estimates are evenly divided and must be replaced with reviewed sign-level annotation timestamps.
67,least,bullet-1,1,1,4,3,40,64,40,64,49,52,9,12,9,12,segments/sentences/sent_4.mp4,segments/paragraphs/para_1.mp4,estimated-needs-review,Always have at least one Accessibility Point Person.,Always have at least one Accessibility Point Person.,Relative clip timestamp = main video word timestamp - segment start timestamp. Estimates are evenly divided and must be replaced with reviewed sign-level annotation timestamps.
68,one,bullet-1,1,1,4,4,40,64,40,64,52,55,12,15,12,15,segments/sentences/sent_4.mp4,segments/paragraphs/para_1.mp4,estimated-needs-review,Always have at least one Accessibility Point Person.,Always have at least one Accessibility Point Person.,Relative clip timestamp = main video word timestamp - segment start timestamp. Estimates are evenly divided and must be replaced with reviewed sign-level annotation timestamps.
69,accessibility,bullet-1,1,1,4,5,40,64,40,64,55,58,15,18,15,18,segments/sentences/sent_4.mp4,segments/paragraphs/para_1.mp4,estimated-needs-review,Always have at least one Accessibility Point Person.,Always have at least one Accessibility Point Person.,Relative clip timestamp = main video word timestamp - segment start timestamp. Estimates are evenly divided and must be replaced with reviewed sign-level annotation timestamps.
70,point,bullet-1,1,1,4,6,40,64,40,64,58,61,18,21,18,21,segments/sentences/sent_4.mp4,segments/paragraphs/para_1.mp4,estimated-needs-review,Always have at least one Accessibility Point Person.,Always have at least one Accessibility Point Person.,Relative clip timestamp = main video word timestamp - segment start timestamp. Estimates are evenly divided and must be replaced with reviewed sign-level annotation timestamps.
71,person,bullet-1,1,1,4,7,40,64,40,64,61,64,21,24,21,24,segments/sentences/sent_4.mp4,segments/paragraphs/para_1.mp4,estimated-needs-review,Always have at least one Accessibility Point Person.,Always have at least one Accessibility Point Person.,Relative clip timestamp = main video word timestamp - segment start timestamp. Estimates are evenly divided and must be replaced with reviewed sign-level annotation timestamps.
72,announce,bullet-2,1,1,5,0,40,64,40,64,40,42.1818,0,2.1818,0,2.1818,segments/sentences/sent_5.mp4,segments/paragraphs/para_1.mp4,estimated-needs-review,Announce them from the mic; have them wear armbands for visibility.,Announce them from the mic; have them wear armbands for visibility.,Relative clip timestamp = main video word timestamp - segment start timestamp. Estimates are evenly divided and must be replaced with reviewed sign-level annotation timestamps.
73,them,bullet-2,1,1,5,1,40,64,40,64,42.1818,44.3636,2.1818,4.3636,2.1818,4.3636,segments/sentences/sent_5.mp4,segments/paragraphs/para_1.mp4,estimated-needs-review,Announce them from the mic; have them wear armbands for visibility.,Announce them from the mic; have them wear armbands for visibility.,Relative clip timestamp = main video word timestamp - segment start timestamp. Estimates are evenly divided and must be replaced with reviewed sign-level annotation timestamps.
74,from,bullet-2,1,1,5,2,40,64,40,64,44.3636,46.5455,4.3636,6.5455,4.3636,6.5455,segments/sentences/sent_5.mp4,segments/paragraphs/para_1.mp4,estimated-needs-review,Announce them from the mic; have them wear armbands for visibility.,Announce them from the mic; have them wear armbands for visibility.,Relative clip timestamp = main video word timestamp - segment start timestamp. Estimates are evenly divided and must be replaced with reviewed sign-level annotation timestamps.
75,the,bullet-2,1,1,5,3,40,64,40,64,46.5455,48.7273,6.5455,8.7273,6.5455,8.7273,segments/sentences/sent_5.mp4,segments/paragraphs/para_1.mp4,estimated-needs-review,Announce them from the mic; have them wear armbands for visibility.,Announce them from the mic; have them wear armbands for visibility.,Relative clip timestamp = main video word timestamp - segment start timestamp. Estimates are evenly divided and must be replaced with reviewed sign-level annotation timestamps.
76,mic,bullet-2,1,1,5,4,40,64,40,64,48.7273,50.9091,8.7273,10.9091,8.7273,10.9091,segments/sentences/sent_5.mp4,segments/paragraphs/para_1.mp4,estimated-needs-review,Announce them from the mic; have them wear armbands for visibility.,Announce them from the mic; have them wear armbands for visibility.,Relative clip timestamp = main video word timestamp - segment start timestamp. Estimates are evenly divided and must be replaced with reviewed sign-level annotation timestamps.
77,have,bullet-2,1,1,5,5,40,64,40,64,50.9091,53.0909,10.9091,13.0909,10.9091,13.0909,segments/sentences/sent_5.mp4,segments/paragraphs/para_1.mp4,estimated-needs-review,Announce them from the mic; have them wear armbands for visibility.,Announce them from the mic; have them wear armbands for visibility.,Relative clip timestamp = main video word timestamp - segment start timestamp. Estimates are evenly divided and must be replaced with reviewed sign-level annotation timestamps.
78,them,bullet-2,1,1,5,6,40,64,40,64,53.0909,55.2727,13.0909,15.2727,13.0909,15.2727,segments/sentences/sent_5.mp4,segments/paragraphs/para_1.mp4,estimated-needs-review,Announce them from the mic; have them wear armbands for visibility.,Announce them from the mic; have them wear armbands for visibility.,Relative clip timestamp = main video word timestamp - segment start timestamp. Estimates are evenly divided and must be replaced with reviewed sign-level annotation timestamps.
79,wear,bullet-2,1,1,5,7,40,64,40,64,55.2727,57.4545,15.2727,17.4545,15.2727,17.4545,segments/sentences/sent_5.mp4,segments/paragraphs/para_1.mp4,estimated-needs-review,Announce them from the mic; have them wear armbands for visibility.,Announce them from the mic; have them wear armbands for visibility.,Relative clip timestamp = main video word timestamp - segment start timestamp. Estimates are evenly divided and must be replaced with reviewed sign-level annotation timestamps.
80,armbands,bullet-2,1,1,5,8,40,64,40,64,57.4545,59.6364,17.4545,19.6364,17.4545,19.6364,segments/sentences/sent_5.mp4,segments/paragraphs/para_1.mp4,estimated-needs-review,Announce them from the mic; have them wear armbands for visibility.,Announce them from the mic; have them wear armbands for visibility.,Relative clip timestamp = main video word timestamp - segment start timestamp. Estimates are evenly divided and must be replaced with reviewed sign-level annotation timestamps.
81,for,bullet-2,1,1,5,9,40,64,40,64,59.6364,61.8182,19.6364,21.8182,19.6364,21.8182,segments/sentences/sent_5.mp4,segments/paragraphs/para_1.mp4,estimated-needs-review,Announce them from the mic; have them wear armbands for visibility.,Announce them from the mic; have them wear armbands for visibility.,Relative clip timestamp = main video word timestamp - segment start timestamp. Estimates are evenly divided and must be replaced with reviewed sign-level annotation timestamps.
82,visibility,bullet-2,1,1,5,10,40,64,40,64,61.8182,64,21.8182,24,21.8182,24,segments/sentences/sent_5.mp4,segments/paragraphs/para_1.mp4,estimated-needs-review,Announce them from the mic; have them wear armbands for visibility.,Announce them from the mic; have them wear armbands for visibility.,Relative clip timestamp = main video word timestamp - segment start timestamp. Estimates are evenly divided and must be replaced with reviewed sign-level annotation timestamps.
83,their,paragraph,2,2,6,0,64,73.75,64,103,64,64.75,0,0.75,0,0.75,segments/sentences/sent_6.mp4,segments/paragraphs/para_2.mp4,estimated-needs-review,"Their skills should include a disability justice framework, problem solving, and good listening.","Their skills should include a disability justice framework, problem solving, and good listening. Create a clearly marked scent-free area. Have volunteers who can help explain what it is and why it is important. Create large-print and Braille versions of written materials.",Relative clip timestamp = main video word timestamp - segment start timestamp. Estimates are evenly divided and must be replaced with reviewed sign-level annotation timestamps.
84,skills,paragraph,2,2,6,1,64,73.75,64,103,64.75,65.5,0.75,1.5,0.75,1.5,segments/sentences/sent_6.mp4,segments/paragraphs/para_2.mp4,estimated-needs-review,"Their skills should include a disability justice framework, problem solving, and good listening.","Their skills should include a disability justice framework, problem solving, and good listening. Create a clearly marked scent-free area. Have volunteers who can help explain what it is and why it is important. Create large-print and Braille versions of written materials.",Relative clip timestamp = main video word timestamp - segment start timestamp. Estimates are evenly divided and must be replaced with reviewed sign-level annotation timestamps.
85,should,paragraph,2,2,6,2,64,73.75,64,103,65.5,66.25,1.5,2.25,1.5,2.25,segments/sentences/sent_6.mp4,segments/paragraphs/para_2.mp4,estimated-needs-review,"Their skills should include a disability justice framework, problem solving, and good listening.","Their skills should include a disability justice framework, problem solving, and good listening. Create a clearly marked scent-free area. Have volunteers who can help explain what it is and why it is important. Create large-print and Braille versions of written materials.",Relative clip timestamp = main video word timestamp - segment start timestamp. Estimates are evenly divided and must be replaced with reviewed sign-level annotation timestamps.
86,include,paragraph,2,2,6,3,64,73.75,64,103,66.25,67,2.25,3,2.25,3,segments/sentences/sent_6.mp4,segments/paragraphs/para_2.mp4,estimated-needs-review,"Their skills should include a disability justice framework, problem solving, and good listening.","Their skills should include a disability justice framework, problem solving, and good listening. Create a clearly marked scent-free area. Have volunteers who can help explain what it is and why it is important. Create large-print and Braille versions of written materials.",Relative clip timestamp = main video word timestamp - segment start timestamp. Estimates are evenly divided and must be replaced with reviewed sign-level annotation timestamps.
87,a,paragraph,2,2,6,4,64,73.75,64,103,67,67.75,3,3.75,3,3.75,segments/sentences/sent_6.mp4,segments/paragraphs/para_2.mp4,estimated-needs-review,"Their skills should include a disability justice framework, problem solving, and good listening.","Their skills should include a disability justice framework, problem solving, and good listening. Create a clearly marked scent-free area. Have volunteers who can help explain what it is and why it is important. Create large-print and Braille versions of written materials.",Relative clip timestamp = main video word timestamp - segment start timestamp. Estimates are evenly divided and must be replaced with reviewed sign-level annotation timestamps.
88,disability,paragraph,2,2,6,5,64,73.75,64,103,67.75,68.5,3.75,4.5,3.75,4.5,segments/sentences/sent_6.mp4,segments/paragraphs/para_2.mp4,estimated-needs-review,"Their skills should include a disability justice framework, problem solving, and good listening.","Their skills should include a disability justice framework, problem solving, and good listening. Create a clearly marked scent-free area. Have volunteers who can help explain what it is and why it is important. Create large-print and Braille versions of written materials.",Relative clip timestamp = main video word timestamp - segment start timestamp. Estimates are evenly divided and must be replaced with reviewed sign-level annotation timestamps.
89,justice,paragraph,2,2,6,6,64,73.75,64,103,68.5,69.25,4.5,5.25,4.5,5.25,segments/sentences/sent_6.mp4,segments/paragraphs/para_2.mp4,estimated-needs-review,"Their skills should include a disability justice framework, problem solving, and good listening.","Their skills should include a disability justice framework, problem solving, and good listening. Create a clearly marked scent-free area. Have volunteers who can help explain what it is and why it is important. Create large-print and Braille versions of written materials.",Relative clip timestamp = main video word timestamp - segment start timestamp. Estimates are evenly divided and must be replaced with reviewed sign-level annotation timestamps.
90,framework,paragraph,2,2,6,7,64,73.75,64,103,69.25,70,5.25,6,5.25,6,segments/sentences/sent_6.mp4,segments/paragraphs/para_2.mp4,estimated-needs-review,"Their skills should include a disability justice framework, problem solving, and good listening.","Their skills should include a disability justice framework, problem solving, and good listening. Create a clearly marked scent-free area. Have volunteers who can help explain what it is and why it is important. Create large-print and Braille versions of written materials.",Relative clip timestamp = main video word timestamp - segment start timestamp. Estimates are evenly divided and must be replaced with reviewed sign-level annotation timestamps.
91,problem,paragraph,2,2,6,8,64,73.75,64,103,70,70.75,6,6.75,6,6.75,segments/sentences/sent_6.mp4,segments/paragraphs/para_2.mp4,estimated-needs-review,"Their skills should include a disability justice framework, problem solving, and good listening.","Their skills should include a disability justice framework, problem solving, and good listening. Create a clearly marked scent-free area. Have volunteers who can help explain what it is and why it is important. Create large-print and Braille versions of written materials.",Relative clip timestamp = main video word timestamp - segment start timestamp. Estimates are evenly divided and must be replaced with reviewed sign-level annotation timestamps.
92,solving,paragraph,2,2,6,9,64,73.75,64,103,70.75,71.5,6.75,7.5,6.75,7.5,segments/sentences/sent_6.mp4,segments/paragraphs/para_2.mp4,estimated-needs-review,"Their skills should include a disability justice framework, problem solving, and good listening.","Their skills should include a disability justice framework, problem solving, and good listening. Create a clearly marked scent-free area. Have volunteers who can help explain what it is and why it is important. Create large-print and Braille versions of written materials.",Relative clip timestamp = main video word timestamp - segment start timestamp. Estimates are evenly divided and must be replaced with reviewed sign-level annotation timestamps.
93,and,paragraph,2,2,6,10,64,73.75,64,103,71.5,72.25,7.5,8.25,7.5,8.25,segments/sentences/sent_6.mp4,segments/paragraphs/para_2.mp4,estimated-needs-review,"Their skills should include a disability justice framework, problem solving, and good listening.","Their skills should include a disability justice framework, problem solving, and good listening. Create a clearly marked scent-free area. Have volunteers who can help explain what it is and why it is important. Create large-print and Braille versions of written materials.",Relative clip timestamp = main video word timestamp - segment start timestamp. Estimates are evenly divided and must be replaced with reviewed sign-level annotation timestamps.
94,good,paragraph,2,2,6,11,64,73.75,64,103,72.25,73,8.25,9,8.25,9,segments/sentences/sent_6.mp4,segments/paragraphs/para_2.mp4,estimated-needs-review,"Their skills should include a disability justice framework, problem solving, and good listening.","Their skills should include a disability justice framework, problem solving, and good listening. Create a clearly marked scent-free area. Have volunteers who can help explain what it is and why it is important. Create large-print and Braille versions of written materials.",Relative clip timestamp = main video word timestamp - segment start timestamp. Estimates are evenly divided and must be replaced with reviewed sign-level annotation timestamps.
95,listening,paragraph,2,2,6,12,64,73.75,64,103,73,73.75,9,9.75,9,9.75,segments/sentences/sent_6.mp4,segments/paragraphs/para_2.mp4,estimated-needs-review,"Their skills should include a disability justice framework, problem solving, and good listening.","Their skills should include a disability justice framework, problem solving, and good listening. Create a clearly marked scent-free area. Have volunteers who can help explain what it is and why it is important. Create large-print and Braille versions of written materials.",Relative clip timestamp = main video word timestamp - segment start timestamp. Estimates are evenly divided and must be replaced with reviewed sign-level annotation timestamps.
96,create,paragraph,2,2,7,0,73.75,83.5,64,103,73.75,75.1429,0,1.3929,9.75,11.1429,segments/sentences/sent_7.mp4,segments/paragraphs/para_2.mp4,estimated-needs-review,Create a clearly marked scent-free area.,"Their skills should include a disability justice framework, problem solving, and good listening. Create a clearly marked scent-free area. Have volunteers who can help explain what it is and why it is important. Create large-print and Braille versions of written materials.",Relative clip timestamp = main video word timestamp - segment start timestamp. Estimates are evenly divided and must be replaced with reviewed sign-level annotation timestamps.
97,a,paragraph,2,2,7,1,73.75,83.5,64,103,75.1429,76.5357,1.3929,2.7857,11.1429,12.5357,segments/sentences/sent_7.mp4,segments/paragraphs/para_2.mp4,estimated-needs-review,Create a clearly marked scent-free area.,"Their skills should include a disability justice framework, problem solving, and good listening. Create a clearly marked scent-free area. Have volunteers who can help explain what it is and why it is important. Create large-print and Braille versions of written materials.",Relative clip timestamp = main video word timestamp - segment start timestamp. Estimates are evenly divided and must be replaced with reviewed sign-level annotation timestamps.
98,clearly,paragraph,2,2,7,2,73.75,83.5,64,103,76.5357,77.9286,2.7857,4.1786,12.5357,13.9286,segments/sentences/sent_7.mp4,segments/paragraphs/para_2.mp4,estimated-needs-review,Create a clearly marked scent-free area.,"Their skills should include a disability justice framework, problem solving, and good listening. Create a clearly marked scent-free area. Have volunteers who can help explain what it is and why it is important. Create large-print and Braille versions of written materials.",Relative clip timestamp = main video word timestamp - segment start timestamp. Estimates are evenly divided and must be replaced with reviewed sign-level annotation timestamps.
99,marked,paragraph,2,2,7,3,73.75,83.5,64,103,77.9286,79.3214,4.1786,5.5714,13.9286,15.3214,segments/sentences/sent_7.mp4,segments/paragraphs/para_2.mp4,estimated-needs-review,Create a clearly marked scent-free area.,"Their skills should include a disability justice framework, problem solving, and good listening. Create a clearly marked scent-free area. Have volunteers who can help explain what it is and why it is important. Create large-print and Braille versions of written materials.",Relative clip timestamp = main video word timestamp - segment start timestamp. Estimates are evenly divided and must be replaced with reviewed sign-level annotation timestamps.
100,scent,paragraph,2,2,7,4,73.75,83.5,64,103,79.3214,80.7143,5.5714,6.9643,15.3214,16.7143,segments/sentences/sent_7.mp4,segments/paragraphs/para_2.mp4,estimated-needs-review,Create a clearly marked scent-free area.,"Their skills should include a disability justice framework, problem solving, and good listening. Create a clearly marked scent-free area. Have volunteers who can help explain what it is and why it is important. Create large-print and Braille versions of written materials.",Relative clip timestamp = main video word timestamp - segment start timestamp. Estimates are evenly divided and must be replaced with reviewed sign-level annotation timestamps.
101,free,paragraph,2,2,7,5,73.75,83.5,64,103,80.7143,82.1071,6.9643,8.3571,16.7143,18.1071,segments/sentences/sent_7.mp4,segments/paragraphs/para_2.mp4,estimated-needs-review,Create a clearly marked scent-free area.,"Their skills should include a disability justice framework, problem solving, and good listening. Create a clearly marked scent-free area. Have volunteers who can help explain what it is and why it is important. Create large-print and Braille versions of written materials.",Relative clip timestamp = main video word timestamp - segment start timestamp. Estimates are evenly divided and must be replaced with reviewed sign-level annotation timestamps.
102,area,paragraph,2,2,7,6,73.75,83.5,64,103,82.1071,83.5,8.3571,9.75,18.1071,19.5,segments/sentences/sent_7.mp4,segments/paragraphs/para_2.mp4,estimated-needs-review,Create a clearly marked scent-free area.,"Their skills should include a disability justice framework, problem solving, and good listening. Create a clearly marked scent-free area. Have volunteers who can help explain what it is and why it is important. Create large-print and Braille versions of written materials.",Relative clip timestamp = main video word timestamp - segment start timestamp. Estimates are evenly divided and must be replaced with reviewed sign-level annotation timestamps.
103,have,paragraph,2,2,8,0,83.5,93.25,64,103,83.5,84.1964,0,0.6964,19.5,20.1964,segments/sentences/sent_8.mp4,segments/paragraphs/para_2.mp4,estimated-needs-review,Have volunteers who can help explain what it is and why it is important.,"Their skills should include a disability justice framework, problem solving, and good listening. Create a clearly marked scent-free area. Have volunteers who can help explain what it is and why it is important. Create large-print and Braille versions of written materials.",Relative clip timestamp = main video word timestamp - segment start timestamp. Estimates are evenly divided and must be replaced with reviewed sign-level annotation timestamps.
104,volunteers,paragraph,2,2,8,1,83.5,93.25,64,103,84.1964,84.8929,0.6964,1.3929,20.1964,20.8929,segments/sentences/sent_8.mp4,segments/paragraphs/para_2.mp4,estimated-needs-review,Have volunteers who can help explain what it is and why it is important.,"Their skills should include a disability justice framework, problem solving, and good listening. Create a clearly marked scent-free area. Have volunteers who can help explain what it is and why it is important. Create large-print and Braille versions of written materials.",Relative clip timestamp = main video word timestamp - segment start timestamp. Estimates are evenly divided and must be replaced with reviewed sign-level annotation timestamps.
105,who,paragraph,2,2,8,2,83.5,93.25,64,103,84.8929,85.5893,1.3929,2.0893,20.8929,21.5893,segments/sentences/sent_8.mp4,segments/paragraphs/para_2.mp4,estimated-needs-review,Have volunteers who can help explain what it is and why it is important.,"Their skills should include a disability justice framework, problem solving, and good listening. Create a clearly marked scent-free area. Have volunteers who can help explain what it is and why it is important. Create large-print and Braille versions of written materials.",Relative clip timestamp = main video word timestamp - segment start timestamp. Estimates are evenly divided and must be replaced with reviewed sign-level annotation timestamps.
106,can,paragraph,2,2,8,3,83.5,93.25,64,103,85.5893,86.2857,2.0893,2.7857,21.5893,22.2857,segments/sentences/sent_8.mp4,segments/paragraphs/para_2.mp4,estimated-needs-review,Have volunteers who can help explain what it is and why it is important.,"Their skills should include a disability justice framework, problem solving, and good listening. Create a clearly marked scent-free area. Have volunteers who can help explain what it is and why it is important. Create large-print and Braille versions of written materials.",Relative clip timestamp = main video word timestamp - segment start timestamp. Estimates are evenly divided and must be replaced with reviewed sign-level annotation timestamps.
107,help,paragraph,2,2,8,4,83.5,93.25,64,103,86.2857,86.9821,2.7857,3.4821,22.2857,22.9821,segments/sentences/sent_8.mp4,segments/paragraphs/para_2.mp4,estimated-needs-review,Have volunteers who can help explain what it is and why it is important.,"Their skills should include a disability justice framework, problem solving, and good listening. Create a clearly marked scent-free area. Have volunteers who can help explain what it is and why it is important. Create large-print and Braille versions of written materials.",Relative clip timestamp = main video word timestamp - segment start timestamp. Estimates are evenly divided and must be replaced with reviewed sign-level annotation timestamps.
108,explain,paragraph,2,2,8,5,83.5,93.25,64,103,86.9821,87.6786,3.4821,4.1786,22.9821,23.6786,segments/sentences/sent_8.mp4,segments/paragraphs/para_2.mp4,estimated-needs-review,Have volunteers who can help explain what it is and why it is important.,"Their skills should include a disability justice framework, problem solving, and good listening. Create a clearly marked scent-free area. Have volunteers who can help explain what it is and why it is important. Create large-print and Braille versions of written materials.",Relative clip timestamp = main video word timestamp - segment start timestamp. Estimates are evenly divided and must be replaced with reviewed sign-level annotation timestamps.
109,what,paragraph,2,2,8,6,83.5,93.25,64,103,87.6786,88.375,4.1786,4.875,23.6786,24.375,segments/sentences/sent_8.mp4,segments/paragraphs/para_2.mp4,estimated-needs-review,Have volunteers who can help explain what it is and why it is important.,"Their skills should include a disability justice framework, problem solving, and good listening. Create a clearly marked scent-free area. Have volunteers who can help explain what it is and why it is important. Create large-print and Braille versions of written materials.",Relative clip timestamp = main video word timestamp - segment start timestamp. Estimates are evenly divided and must be replaced with reviewed sign-level annotation timestamps.
110,it,paragraph,2,2,8,7,83.5,93.25,64,103,88.375,89.0714,4.875,5.5714,24.375,25.0714,segments/sentences/sent_8.mp4,segments/paragraphs/para_2.mp4,estimated-needs-review,Have volunteers who can help explain what it is and why it is important.,"Their skills should include a disability justice framework, problem solving, and good listening. Create a clearly marked scent-free area. Have volunteers who can help explain what it is and why it is important. Create large-print and Braille versions of written materials.",Relative clip timestamp = main video word timestamp - segment start timestamp. Estimates are evenly divided and must be replaced with reviewed sign-level annotation timestamps.
111,is,paragraph,2,2,8,8,83.5,93.25,64,103,89.0714,89.7679,5.5714,6.2679,25.0714,25.7679,segments/sentences/sent_8.mp4,segments/paragraphs/para_2.mp4,estimated-needs-review,Have volunteers who can help explain what it is and why it is important.,"Their skills should include a disability justice framework, problem solving, and good listening. Create a clearly marked scent-free area. Have volunteers who can help explain what it is and why it is important. Create large-print and Braille versions of written materials.",Relative clip timestamp = main video word timestamp - segment start timestamp. Estimates are evenly divided and must be replaced with reviewed sign-level annotation timestamps.
112,and,paragraph,2,2,8,9,83.5,93.25,64,103,89.7679,90.4643,6.2679,6.9643,25.7679,26.4643,segments/sentences/sent_8.mp4,segments/paragraphs/para_2.mp4,estimated-needs-review,Have volunteers who can help explain what it is and why it is important.,"Their skills should include a disability justice framework, problem solving, and good listening. Create a clearly marked scent-free area. Have volunteers who can help explain what it is and why it is important. Create large-print and Braille versions of written materials.",Relative clip timestamp = main video word timestamp - segment start timestamp. Estimates are evenly divided and must be replaced with reviewed sign-level annotation timestamps.
113,why,paragraph,2,2,8,10,83.5,93.25,64,103,90.4643,91.1607,6.9643,7.6607,26.4643,27.1607,segments/sentences/sent_8.mp4,segments/paragraphs/para_2.mp4,estimated-needs-review,Have volunteers who can help explain what it is and why it is important.,"Their skills should include a disability justice framework, problem solving, and good listening. Create a clearly marked scent-free area. Have volunteers who can help explain what it is and why it is important. Create large-print and Braille versions of written materials.",Relative clip timestamp = main video word timestamp - segment start timestamp. Estimates are evenly divided and must be replaced with reviewed sign-level annotation timestamps.
114,it,paragraph,2,2,8,11,83.5,93.25,64,103,91.1607,91.8571,7.6607,8.3571,27.1607,27.8571,segments/sentences/sent_8.mp4,segments/paragraphs/para_2.mp4,estimated-needs-review,Have volunteers who can help explain what it is and why it is important.,"Their skills should include a disability justice framework, problem solving, and good listening. Create a clearly marked scent-free area. Have volunteers who can help explain what it is and why it is important. Create large-print and Braille versions of written materials.",Relative clip timestamp = main video word timestamp - segment start timestamp. Estimates are evenly divided and must be replaced with reviewed sign-level annotation timestamps.
115,is,paragraph,2,2,8,12,83.5,93.25,64,103,91.8571,92.5536,8.3571,9.0536,27.8571,28.5536,segments/sentences/sent_8.mp4,segments/paragraphs/para_2.mp4,estimated-needs-review,Have volunteers who can help explain what it is and why it is important.,"Their skills should include a disability justice framework, problem solving, and good listening. Create a clearly marked scent-free area. Have volunteers who can help explain what it is and why it is important. Create large-print and Braille versions of written materials.",Relative clip timestamp = main video word timestamp - segment start timestamp. Estimates are evenly divided and must be replaced with reviewed sign-level annotation timestamps.
116,important,paragraph,2,2,8,13,83.5,93.25,64,103,92.5536,93.25,9.0536,9.75,28.5536,29.25,segments/sentences/sent_8.mp4,segments/paragraphs/para_2.mp4,estimated-needs-review,Have volunteers who can help explain what it is and why it is important.,"Their skills should include a disability justice framework, problem solving, and good listening. Create a clearly marked scent-free area. Have volunteers who can help explain what it is and why it is important. Create large-print and Braille versions of written materials.",Relative clip timestamp = main video word timestamp - segment start timestamp. Estimates are evenly divided and must be replaced with reviewed sign-level annotation timestamps.
117,create,paragraph,2,2,9,0,93.25,103,64,103,93.25,94.3333,0,1.0833,29.25,30.3333,segments/sentences/sent_9.mp4,segments/paragraphs/para_2.mp4,estimated-needs-review,Create large-print and Braille versions of written materials.,"Their skills should include a disability justice framework, problem solving, and good listening. Create a clearly marked scent-free area. Have volunteers who can help explain what it is and why it is important. Create large-print and Braille versions of written materials.",Relative clip timestamp = main video word timestamp - segment start timestamp. Estimates are evenly divided and must be replaced with reviewed sign-level annotation timestamps.
118,large,paragraph,2,2,9,1,93.25,103,64,103,94.3333,95.4167,1.0833,2.1667,30.3333,31.4167,segments/sentences/sent_9.mp4,segments/paragraphs/para_2.mp4,estimated-needs-review,Create large-print and Braille versions of written materials.,"Their skills should include a disability justice framework, problem solving, and good listening. Create a clearly marked scent-free area. Have volunteers who can help explain what it is and why it is important. Create large-print and Braille versions of written materials.",Relative clip timestamp = main video word timestamp - segment start timestamp. Estimates are evenly divided and must be replaced with reviewed sign-level annotation timestamps.
119,print,paragraph,2,2,9,2,93.25,103,64,103,95.4167,96.5,2.1667,3.25,31.4167,32.5,segments/sentences/sent_9.mp4,segments/paragraphs/para_2.mp4,estimated-needs-review,Create large-print and Braille versions of written materials.,"Their skills should include a disability justice framework, problem solving, and good listening. Create a clearly marked scent-free area. Have volunteers who can help explain what it is and why it is important. Create large-print and Braille versions of written materials.",Relative clip timestamp = main video word timestamp - segment start timestamp. Estimates are evenly divided and must be replaced with reviewed sign-level annotation timestamps.
120,and,paragraph,2,2,9,3,93.25,103,64,103,96.5,97.5833,3.25,4.3333,32.5,33.5833,segments/sentences/sent_9.mp4,segments/paragraphs/para_2.mp4,estimated-needs-review,Create large-print and Braille versions of written materials.,"Their skills should include a disability justice framework, problem solving, and good listening. Create a clearly marked scent-free area. Have volunteers who can help explain what it is and why it is important. Create large-print and Braille versions of written materials.",Relative clip timestamp = main video word timestamp - segment start timestamp. Estimates are evenly divided and must be replaced with reviewed sign-level annotation timestamps.
121,braille,paragraph,2,2,9,4,93.25,103,64,103,97.5833,98.6667,4.3333,5.4167,33.5833,34.6667,segments/sentences/sent_9.mp4,segments/paragraphs/para_2.mp4,estimated-needs-review,Create large-print and Braille versions of written materials.,"Their skills should include a disability justice framework, problem solving, and good listening. Create a clearly marked scent-free area. Have volunteers who can help explain what it is and why it is important. Create large-print and Braille versions of written materials.",Relative clip timestamp = main video word timestamp - segment start timestamp. Estimates are evenly divided and must be replaced with reviewed sign-level annotation timestamps.
122,versions,paragraph,2,2,9,5,93.25,103,64,103,98.6667,99.75,5.4167,6.5,34.6667,35.75,segments/sentences/sent_9.mp4,segments/paragraphs/para_2.mp4,estimated-needs-review,Create large-print and Braille versions of written materials.,"Their skills should include a disability justice framework, problem solving, and good listening. Create a clearly marked scent-free area. Have volunteers who can help explain what it is and why it is important. Create large-print and Braille versions of written materials.",Relative clip timestamp = main video word timestamp - segment start timestamp. Estimates are evenly divided and must be replaced with reviewed sign-level annotation timestamps.
123,of,paragraph,2,2,9,6,93.25,103,64,103,99.75,100.8333,6.5,7.5833,35.75,36.8333,segments/sentences/sent_9.mp4,segments/paragraphs/para_2.mp4,estimated-needs-review,Create large-print and Braille versions of written materials.,"Their skills should include a disability justice framework, problem solving, and good listening. Create a clearly marked scent-free area. Have volunteers who can help explain what it is and why it is important. Create large-print and Braille versions of written materials.",Relative clip timestamp = main video word timestamp - segment start timestamp. Estimates are evenly divided and must be replaced with reviewed sign-level annotation timestamps.
124,written,paragraph,2,2,9,7,93.25,103,64,103,100.8333,101.9167,7.5833,8.6667,36.8333,37.9167,segments/sentences/sent_9.mp4,segments/paragraphs/para_2.mp4,estimated-needs-review,Create large-print and Braille versions of written materials.,"Their skills should include a disability justice framework, problem solving, and good listening. Create a clearly marked scent-free area. Have volunteers who can help explain what it is and why it is important. Create large-print and Braille versions of written materials.",Relative clip timestamp = main video word timestamp - segment start timestamp. Estimates are evenly divided and must be replaced with reviewed sign-level annotation timestamps.
125,materials,paragraph,2,2,9,8,93.25,103,64,103,101.9167,103,8.6667,9.75,37.9167,39,segments/sentences/sent_9.mp4,segments/paragraphs/para_2.mp4,estimated-needs-review,Create large-print and Braille versions of written materials.,"Their skills should include a disability justice framework, problem solving, and good listening. Create a clearly marked scent-free area. Have volunteers who can help explain what it is and why it is important. Create large-print and Braille versions of written materials.",Relative clip timestamp = main video word timestamp - segment start timestamp. Estimates are evenly divided and must be replaced with reviewed sign-level annotation timestamps.
126,include,paragraph,3,3,10,0,103,114,103,136,103,103.6471,0,0.6471,0,0.6471,segments/sentences/sent_10.mp4,segments/paragraphs/para_3.mp4,estimated-needs-review,"Include important information, such as messaging/chants, route, destinations, National Lawyers Guild phone number, and additional instructions.","Include important information, such as messaging/chants, route, destinations, National Lawyers Guild phone number, and additional instructions. Use a “sans serif” font for readability. These are fonts without the little “tails” at the edges of the letters.",Relative clip timestamp = main video word timestamp - segment start timestamp. Estimates are evenly divided and must be replaced with reviewed sign-level annotation timestamps.
127,important,paragraph,3,3,10,1,103,114,103,136,103.6471,104.2941,0.6471,1.2941,0.6471,1.2941,segments/sentences/sent_10.mp4,segments/paragraphs/para_3.mp4,estimated-needs-review,"Include important information, such as messaging/chants, route, destinations, National Lawyers Guild phone number, and additional instructions.","Include important information, such as messaging/chants, route, destinations, National Lawyers Guild phone number, and additional instructions. Use a “sans serif” font for readability. These are fonts without the little “tails” at the edges of the letters.",Relative clip timestamp = main video word timestamp - segment start timestamp. Estimates are evenly divided and must be replaced with reviewed sign-level annotation timestamps.
128,information,paragraph,3,3,10,2,103,114,103,136,104.2941,104.9412,1.2941,1.9412,1.2941,1.9412,segments/sentences/sent_10.mp4,segments/paragraphs/para_3.mp4,estimated-needs-review,"Include important information, such as messaging/chants, route, destinations, National Lawyers Guild phone number, and additional instructions.","Include important information, such as messaging/chants, route, destinations, National Lawyers Guild phone number, and additional instructions. Use a “sans serif” font for readability. These are fonts without the little “tails” at the edges of the letters.",Relative clip timestamp = main video word timestamp - segment start timestamp. Estimates are evenly divided and must be replaced with reviewed sign-level annotation timestamps.
129,such,paragraph,3,3,10,3,103,114,103,136,104.9412,105.5882,1.9412,2.5882,1.9412,2.5882,segments/sentences/sent_10.mp4,segments/paragraphs/para_3.mp4,estimated-needs-review,"Include important information, such as messaging/chants, route, destinations, National Lawyers Guild phone number, and additional instructions.","Include important information, such as messaging/chants, route, destinations, National Lawyers Guild phone number, and additional instructions. Use a “sans serif” font for readability. These are fonts without the little “tails” at the edges of the letters.",Relative clip timestamp = main video word timestamp - segment start timestamp. Estimates are evenly divided and must be replaced with reviewed sign-level annotation timestamps.
130,as,paragraph,3,3,10,4,103,114,103,136,105.5882,106.2353,2.5882,3.2353,2.5882,3.2353,segments/sentences/sent_10.mp4,segments/paragraphs/para_3.mp4,estimated-needs-review,"Include important information, such as messaging/chants, route, destinations, National Lawyers Guild phone number, and additional instructions.","Include important information, such as messaging/chants, route, destinations, National Lawyers Guild phone number, and additional instructions. Use a “sans serif” font for readability. These are fonts without the little “tails” at the edges of the letters.",Relative clip timestamp = main video word timestamp - segment start timestamp. Estimates are evenly divided and must be replaced with reviewed sign-level annotation timestamps.
131,messaging,paragraph,3,3,10,5,103,114,103,136,106.2353,106.8824,3.2353,3.8824,3.2353,3.8824,segments/sentences/sent_10.mp4,segments/paragraphs/para_3.mp4,estimated-needs-review,"Include important information, such as messaging/chants, route, destinations, National Lawyers Guild phone number, and additional instructions.","Include important information, such as messaging/chants, route, destinations, National Lawyers Guild phone number, and additional instructions. Use a “sans serif” font for readability. These are fonts without the little “tails” at the edges of the letters.",Relative clip timestamp = main video word timestamp - segment start timestamp. Estimates are evenly divided and must be replaced with reviewed sign-level annotation timestamps.
132,chants,paragraph,3,3,10,6,103,114,103,136,106.8824,107.5294,3.8824,4.5294,3.8824,4.5294,segments/sentences/sent_10.mp4,segments/paragraphs/para_3.mp4,estimated-needs-review,"Include important information, such as messaging/chants, route, destinations, National Lawyers Guild phone number, and additional instructions.","Include important information, such as messaging/chants, route, destinations, National Lawyers Guild phone number, and additional instructions. Use a “sans serif” font for readability. These are fonts without the little “tails” at the edges of the letters.",Relative clip timestamp = main video word timestamp - segment start timestamp. Estimates are evenly divided and must be replaced with reviewed sign-level annotation timestamps.
133,route,paragraph,3,3,10,7,103,114,103,136,107.5294,108.1765,4.5294,5.1765,4.5294,5.1765,segments/sentences/sent_10.mp4,segments/paragraphs/para_3.mp4,estimated-needs-review,"Include important information, such as messaging/chants, route, destinations, National Lawyers Guild phone number, and additional instructions.","Include important information, such as messaging/chants, route, destinations, National Lawyers Guild phone number, and additional instructions. Use a “sans serif” font for readability. These are fonts without the little “tails” at the edges of the letters.",Relative clip timestamp = main video word timestamp - segment start timestamp. Estimates are evenly divided and must be replaced with reviewed sign-level annotation timestamps.
134,destinations,paragraph,3,3,10,8,103,114,103,136,108.1765,108.8235,5.1765,5.8235,5.1765,5.8235,segments/sentences/sent_10.mp4,segments/paragraphs/para_3.mp4,estimated-needs-review,"Include important information, such as messaging/chants, route, destinations, National Lawyers Guild phone number, and additional instructions.","Include important information, such as messaging/chants, route, destinations, National Lawyers Guild phone number, and additional instructions. Use a “sans serif” font for readability. These are fonts without the little “tails” at the edges of the letters.",Relative clip timestamp = main video word timestamp - segment start timestamp. Estimates are evenly divided and must be replaced with reviewed sign-level annotation timestamps.
135,national,paragraph,3,3,10,9,103,114,103,136,108.8235,109.4706,5.8235,6.4706,5.8235,6.4706,segments/sentences/sent_10.mp4,segments/paragraphs/para_3.mp4,estimated-needs-review,"Include important information, such as messaging/chants, route, destinations, National Lawyers Guild phone number, and additional instructions.","Include important information, such as messaging/chants, route, destinations, National Lawyers Guild phone number, and additional instructions. Use a “sans serif” font for readability. These are fonts without the little “tails” at the edges of the letters.",Relative clip timestamp = main video word timestamp - segment start timestamp. Estimates are evenly divided and must be replaced with reviewed sign-level annotation timestamps.
136,lawyers,paragraph,3,3,10,10,103,114,103,136,109.4706,110.1176,6.4706,7.1176,6.4706,7.1176,segments/sentences/sent_10.mp4,segments/paragraphs/para_3.mp4,estimated-needs-review,"Include important information, such as messaging/chants, route, destinations, National Lawyers Guild phone number, and additional instructions.","Include important information, such as messaging/chants, route, destinations, National Lawyers Guild phone number, and additional instructions. Use a “sans serif” font for readability. These are fonts without the little “tails” at the edges of the letters.",Relative clip timestamp = main video word timestamp - segment start timestamp. Estimates are evenly divided and must be replaced with reviewed sign-level annotation timestamps.
137,guild,paragraph,3,3,10,11,103,114,103,136,110.1176,110.7647,7.1176,7.7647,7.1176,7.7647,segments/sentences/sent_10.mp4,segments/paragraphs/para_3.mp4,estimated-needs-review,"Include important information, such as messaging/chants, route, destinations, National Lawyers Guild phone number, and additional instructions.","Include important information, such as messaging/chants, route, destinations, National Lawyers Guild phone number, and additional instructions. Use a “sans serif” font for readability. These are fonts without the little “tails” at the edges of the letters.",Relative clip timestamp = main video word timestamp - segment start timestamp. Estimates are evenly divided and must be replaced with reviewed sign-level annotation timestamps.
138,phone,paragraph,3,3,10,12,103,114,103,136,110.7647,111.4118,7.7647,8.4118,7.7647,8.4118,segments/sentences/sent_10.mp4,segments/paragraphs/para_3.mp4,estimated-needs-review,"Include important information, such as messaging/chants, route, destinations, National Lawyers Guild phone number, and additional instructions.","Include important information, such as messaging/chants, route, destinations, National Lawyers Guild phone number, and additional instructions. Use a “sans serif” font for readability. These are fonts without the little “tails” at the edges of the letters.",Relative clip timestamp = main video word timestamp - segment start timestamp. Estimates are evenly divided and must be replaced with reviewed sign-level annotation timestamps.
139,number,paragraph,3,3,10,13,103,114,103,136,111.4118,112.0588,8.4118,9.0588,8.4118,9.0588,segments/sentences/sent_10.mp4,segments/paragraphs/para_3.mp4,estimated-needs-review,"Include important information, such as messaging/chants, route, destinations, National Lawyers Guild phone number, and additional instructions.","Include important information, such as messaging/chants, route, destinations, National Lawyers Guild phone number, and additional instructions. Use a “sans serif” font for readability. These are fonts without the little “tails” at the edges of the letters.",Relative clip timestamp = main video word timestamp - segment start timestamp. Estimates are evenly divided and must be replaced with reviewed sign-level annotation timestamps.
140,and,paragraph,3,3,10,14,103,114,103,136,112.0588,112.7059,9.0588,9.7059,9.0588,9.7059,segments/sentences/sent_10.mp4,segments/paragraphs/para_3.mp4,estimated-needs-review,"Include important information, such as messaging/chants, route, destinations, National Lawyers Guild phone number, and additional instructions.","Include important information, such as messaging/chants, route, destinations, National Lawyers Guild phone number, and additional instructions. Use a “sans serif” font for readability. These are fonts without the little “tails” at the edges of the letters.",Relative clip timestamp = main video word timestamp - segment start timestamp. Estimates are evenly divided and must be replaced with reviewed sign-level annotation timestamps.
141,additional,paragraph,3,3,10,15,103,114,103,136,112.7059,113.3529,9.7059,10.3529,9.7059,10.3529,segments/sentences/sent_10.mp4,segments/paragraphs/para_3.mp4,estimated-needs-review,"Include important information, such as messaging/chants, route, destinations, National Lawyers Guild phone number, and additional instructions.","Include important information, such as messaging/chants, route, destinations, National Lawyers Guild phone number, and additional instructions. Use a “sans serif” font for readability. These are fonts without the little “tails” at the edges of the letters.",Relative clip timestamp = main video word timestamp - segment start timestamp. Estimates are evenly divided and must be replaced with reviewed sign-level annotation timestamps.
142,instructions,paragraph,3,3,10,16,103,114,103,136,113.3529,114,10.3529,11,10.3529,11,segments/sentences/sent_10.mp4,segments/paragraphs/para_3.mp4,estimated-needs-review,"Include important information, such as messaging/chants, route, destinations, National Lawyers Guild phone number, and additional instructions.","Include important information, such as messaging/chants, route, destinations, National Lawyers Guild phone number, and additional instructions. Use a “sans serif” font for readability. These are fonts without the little “tails” at the edges of the letters.",Relative clip timestamp = main video word timestamp - segment start timestamp. Estimates are evenly divided and must be replaced with reviewed sign-level annotation timestamps.
143,use,paragraph,3,3,11,0,114,125,103,136,114,115.5714,0,1.5714,11,12.5714,segments/sentences/sent_11.mp4,segments/paragraphs/para_3.mp4,estimated-needs-review,Use a “sans serif” font for readability.,"Include important information, such as messaging/chants, route, destinations, National Lawyers Guild phone number, and additional instructions. Use a “sans serif” font for readability. These are fonts without the little “tails” at the edges of the letters.",Relative clip timestamp = main video word timestamp - segment start timestamp. Estimates are evenly divided and must be replaced with reviewed sign-level annotation timestamps.
144,a,paragraph,3,3,11,1,114,125,103,136,115.5714,117.1429,1.5714,3.1429,12.5714,14.1429,segments/sentences/sent_11.mp4,segments/paragraphs/para_3.mp4,estimated-needs-review,Use a “sans serif” font for readability.,"Include important information, such as messaging/chants, route, destinations, National Lawyers Guild phone number, and additional instructions. Use a “sans serif” font for readability. These are fonts without the little “tails” at the edges of the letters.",Relative clip timestamp = main video word timestamp - segment start timestamp. Estimates are evenly divided and must be replaced with reviewed sign-level annotation timestamps.
145,sans,paragraph,3,3,11,2,114,125,103,136,117.1429,118.7143,3.1429,4.7143,14.1429,15.7143,segments/sentences/sent_11.mp4,segments/paragraphs/para_3.mp4,estimated-needs-review,Use a “sans serif” font for readability.,"Include important information, such as messaging/chants, route, destinations, National Lawyers Guild phone number, and additional instructions. Use a “sans serif” font for readability. These are fonts without the little “tails” at the edges of the letters.",Relative clip timestamp = main video word timestamp - segment start timestamp. Estimates are evenly divided and must be replaced with reviewed sign-level annotation timestamps.
146,serif,paragraph,3,3,11,3,114,125,103,136,118.7143,120.2857,4.7143,6.2857,15.7143,17.2857,segments/sentences/sent_11.mp4,segments/paragraphs/para_3.mp4,estimated-needs-review,Use a “sans serif” font for readability.,"Include important information, such as messaging/chants, route, destinations, National Lawyers Guild phone number, and additional instructions. Use a “sans serif” font for readability. These are fonts without the little “tails” at the edges of the letters.",Relative clip timestamp = main video word timestamp - segment start timestamp. Estimates are evenly divided and must be replaced with reviewed sign-level annotation timestamps.
147,font,paragraph,3,3,11,4,114,125,103,136,120.2857,121.8571,6.2857,7.8571,17.2857,18.8571,segments/sentences/sent_11.mp4,segments/paragraphs/para_3.mp4,estimated-needs-review,Use a “sans serif” font for readability.,"Include important information, such as messaging/chants, route, destinations, National Lawyers Guild phone number, and additional instructions. Use a “sans serif” font for readability. These are fonts without the little “tails” at the edges of the letters.",Relative clip timestamp = main video word timestamp - segment start timestamp. Estimates are evenly divided and must be replaced with reviewed sign-level annotation timestamps.
148,for,paragraph,3,3,11,5,114,125,103,136,121.8571,123.4286,7.8571,9.4286,18.8571,20.4286,segments/sentences/sent_11.mp4,segments/paragraphs/para_3.mp4,estimated-needs-review,Use a “sans serif” font for readability.,"Include important information, such as messaging/chants, route, destinations, National Lawyers Guild phone number, and additional instructions. Use a “sans serif” font for readability. These are fonts without the little “tails” at the edges of the letters.",Relative clip timestamp = main video word timestamp - segment start timestamp. Estimates are evenly divided and must be replaced with reviewed sign-level annotation timestamps.
149,readability,paragraph,3,3,11,6,114,125,103,136,123.4286,125,9.4286,11,20.4286,22,segments/sentences/sent_11.mp4,segments/paragraphs/para_3.mp4,estimated-needs-review,Use a “sans serif” font for readability.,"Include important information, such as messaging/chants, route, destinations, National Lawyers Guild phone number, and additional instructions. Use a “sans serif” font for readability. These are fonts without the little “tails” at the edges of the letters.",Relative clip timestamp = main video word timestamp - segment start timestamp. Estimates are evenly divided and must be replaced with reviewed sign-level annotation timestamps.
150,these,paragraph,3,3,12,0,125,136,103,136,125,125.8462,0,0.8462,22,22.8462,segments/sentences/sent_12.mp4,segments/paragraphs/para_3.mp4,estimated-needs-review,These are fonts without the little “tails” at the edges of the letters.,"Include important information, such as messaging/chants, route, destinations, National Lawyers Guild phone number, and additional instructions. Use a “sans serif” font for readability. These are fonts without the little “tails” at the edges of the letters.",Relative clip timestamp = main video word timestamp - segment start timestamp. Estimates are evenly divided and must be replaced with reviewed sign-level annotation timestamps.
151,are,paragraph,3,3,12,1,125,136,103,136,125.8462,126.6923,0.8462,1.6923,22.8462,23.6923,segments/sentences/sent_12.mp4,segments/paragraphs/para_3.mp4,estimated-needs-review,These are fonts without the little “tails” at the edges of the letters.,"Include important information, such as messaging/chants, route, destinations, National Lawyers Guild phone number, and additional instructions. Use a “sans serif” font for readability. These are fonts without the little “tails” at the edges of the letters.",Relative clip timestamp = main video word timestamp - segment start timestamp. Estimates are evenly divided and must be replaced with reviewed sign-level annotation timestamps.
152,fonts,paragraph,3,3,12,2,125,136,103,136,126.6923,127.5385,1.6923,2.5385,23.6923,24.5385,segments/sentences/sent_12.mp4,segments/paragraphs/para_3.mp4,estimated-needs-review,These are fonts without the little “tails” at the edges of the letters.,"Include important information, such as messaging/chants, route, destinations, National Lawyers Guild phone number, and additional instructions. Use a “sans serif” font for readability. These are fonts without the little “tails” at the edges of the letters.",Relative clip timestamp = main video word timestamp - segment start timestamp. Estimates are evenly divided and must be replaced with reviewed sign-level annotation timestamps.
153,without,paragraph,3,3,12,3,125,136,103,136,127.5385,128.3846,2.5385,3.3846,24.5385,25.3846,segments/sentences/sent_12.mp4,segments/paragraphs/para_3.mp4,estimated-needs-review,These are fonts without the little “tails” at the edges of the letters.,"Include important information, such as messaging/chants, route, destinations, National Lawyers Guild phone number, and additional instructions. Use a “sans serif” font for readability. These are fonts without the little “tails” at the edges of the letters.",Relative clip timestamp = main video word timestamp - segment start timestamp. Estimates are evenly divided and must be replaced with reviewed sign-level annotation timestamps.
154,the,paragraph,3,3,12,4,125,136,103,136,128.3846,129.2308,3.3846,4.2308,25.3846,26.2308,segments/sentences/sent_12.mp4,segments/paragraphs/para_3.mp4,estimated-needs-review,These are fonts without the little “tails” at the edges of the letters.,"Include important information, such as messaging/chants, route, destinations, National Lawyers Guild phone number, and additional instructions. Use a “sans serif” font for readability. These are fonts without the little “tails” at the edges of the letters.",Relative clip timestamp = main video word timestamp - segment start timestamp. Estimates are evenly divided and must be replaced with reviewed sign-level annotation timestamps.
155,little,paragraph,3,3,12,5,125,136,103,136,129.2308,130.0769,4.2308,5.0769,26.2308,27.0769,segments/sentences/sent_12.mp4,segments/paragraphs/para_3.mp4,estimated-needs-review,These are fonts without the little “tails” at the edges of the letters.,"Include important information, such as messaging/chants, route, destinations, National Lawyers Guild phone number, and additional instructions. Use a “sans serif” font for readability. These are fonts without the little “tails” at the edges of the letters.",Relative clip timestamp = main video word timestamp - segment start timestamp. Estimates are evenly divided and must be replaced with reviewed sign-level annotation timestamps.
156,tails,paragraph,3,3,12,6,125,136,103,136,130.0769,130.9231,5.0769,5.9231,27.0769,27.9231,segments/sentences/sent_12.mp4,segments/paragraphs/para_3.mp4,estimated-needs-review,These are fonts without the little “tails” at the edges of the letters.,"Include important information, such as messaging/chants, route, destinations, National Lawyers Guild phone number, and additional instructions. Use a “sans serif” font for readability. These are fonts without the little “tails” at the edges of the letters.",Relative clip timestamp = main video word timestamp - segment start timestamp. Estimates are evenly divided and must be replaced with reviewed sign-level annotation timestamps.
157,at,paragraph,3,3,12,7,125,136,103,136,130.9231,131.7692,5.9231,6.7692,27.9231,28.7692,segments/sentences/sent_12.mp4,segments/paragraphs/para_3.mp4,estimated-needs-review,These are fonts without the little “tails” at the edges of the letters.,"Include important information, such as messaging/chants, route, destinations, National Lawyers Guild phone number, and additional instructions. Use a “sans serif” font for readability. These are fonts without the little “tails” at the edges of the letters.",Relative clip timestamp = main video word timestamp - segment start timestamp. Estimates are evenly divided and must be replaced with reviewed sign-level annotation timestamps.
158,the,paragraph,3,3,12,8,125,136,103,136,131.7692,132.6154,6.7692,7.6154,28.7692,29.6154,segments/sentences/sent_12.mp4,segments/paragraphs/para_3.mp4,estimated-needs-review,These are fonts without the little “tails” at the edges of the letters.,"Include important information, such as messaging/chants, route, destinations, National Lawyers Guild phone number, and additional instructions. Use a “sans serif” font for readability. These are fonts without the little “tails” at the edges of the letters.",Relative clip timestamp = main video word timestamp - segment start timestamp. Estimates are evenly divided and must be replaced with reviewed sign-level annotation timestamps.
159,edges,paragraph,3,3,12,9,125,136,103,136,132.6154,133.4615,7.6154,8.4615,29.6154,30.4615,segments/sentences/sent_12.mp4,segments/paragraphs/para_3.mp4,estimated-needs-review,These are fonts without the little “tails” at the edges of the letters.,"Include important information, such as messaging/chants, route, destinations, National Lawyers Guild phone number, and additional instructions. Use a “sans serif” font for readability. These are fonts without the little “tails” at the edges of the letters.",Relative clip timestamp = main video word timestamp - segment start timestamp. Estimates are evenly divided and must be replaced with reviewed sign-level annotation timestamps.
160,of,paragraph,3,3,12,10,125,136,103,136,133.4615,134.3077,8.4615,9.3077,30.4615,31.3077,segments/sentences/sent_12.mp4,segments/paragraphs/para_3.mp4,estimated-needs-review,These are fonts without the little “tails” at the edges of the letters.,"Include important information, such as messaging/chants, route, destinations, National Lawyers Guild phone number, and additional instructions. Use a “sans serif” font for readability. These are fonts without the little “tails” at the edges of the letters.",Relative clip timestamp = main video word timestamp - segment start timestamp. Estimates are evenly divided and must be replaced with reviewed sign-level annotation timestamps.
161,the,paragraph,3,3,12,11,125,136,103,136,134.3077,135.1538,9.3077,10.1538,31.3077,32.1538,segments/sentences/sent_12.mp4,segments/paragraphs/para_3.mp4,estimated-needs-review,These are fonts without the little “tails” at the edges of the letters.,"Include important information, such as messaging/chants, route, destinations, National Lawyers Guild phone number, and additional instructions. Use a “sans serif” font for readability. These are fonts without the little “tails” at the edges of the letters.",Relative clip timestamp = main video word timestamp - segment start timestamp. Estimates are evenly divided and must be replaced with reviewed sign-level annotation timestamps.
162,letters,paragraph,3,3,12,12,125,136,103,136,135.1538,136,10.1538,11,32.1538,33,segments/sentences/sent_12.mp4,segments/paragraphs/para_3.mp4,estimated-needs-review,These are fonts without the little “tails” at the edges of the letters.,"Include important information, such as messaging/chants, route, destinations, National Lawyers Guild phone number, and additional instructions. Use a “sans serif” font for readability. These are fonts without the little “tails” at the edges of the letters.",Relative clip timestamp = main video word timestamp - segment start timestamp. Estimates are evenly divided and must be replaced with reviewed sign-level annotation timestamps.
163,opendyslexic,paragraph,4,4,13,0,136,146,136,166,136,136.5556,0,0.5556,0,0.5556,segments/sentences/sent_13.mp4,segments/paragraphs/para_4.mp4,estimated-needs-review,OpenDyslexic and Comic Sans are fonts that are more accessible for people who are dyslexic and/or neurodiverse.,"OpenDyslexic and Comic Sans are fonts that are more accessible for people who are dyslexic and/or neurodiverse. Use microphones for all instructions or announcements. Provide ASL interpreters stationed at the mic, as well as throughout the crowd if possible.",Relative clip timestamp = main video word timestamp - segment start timestamp. Estimates are evenly divided and must be replaced with reviewed sign-level annotation timestamps.
164,and,paragraph,4,4,13,1,136,146,136,166,136.5556,137.1111,0.5556,1.1111,0.5556,1.1111,segments/sentences/sent_13.mp4,segments/paragraphs/para_4.mp4,estimated-needs-review,OpenDyslexic and Comic Sans are fonts that are more accessible for people who are dyslexic and/or neurodiverse.,"OpenDyslexic and Comic Sans are fonts that are more accessible for people who are dyslexic and/or neurodiverse. Use microphones for all instructions or announcements. Provide ASL interpreters stationed at the mic, as well as throughout the crowd if possible.",Relative clip timestamp = main video word timestamp - segment start timestamp. Estimates are evenly divided and must be replaced with reviewed sign-level annotation timestamps.
165,comic,paragraph,4,4,13,2,136,146,136,166,137.1111,137.6667,1.1111,1.6667,1.1111,1.6667,segments/sentences/sent_13.mp4,segments/paragraphs/para_4.mp4,estimated-needs-review,OpenDyslexic and Comic Sans are fonts that are more accessible for people who are dyslexic and/or neurodiverse.,"OpenDyslexic and Comic Sans are fonts that are more accessible for people who are dyslexic and/or neurodiverse. Use microphones for all instructions or announcements. Provide ASL interpreters stationed at the mic, as well as throughout the crowd if possible.",Relative clip timestamp = main video word timestamp - segment start timestamp. Estimates are evenly divided and must be replaced with reviewed sign-level annotation timestamps.
166,sans,paragraph,4,4,13,3,136,146,136,166,137.6667,138.2222,1.6667,2.2222,1.6667,2.2222,segments/sentences/sent_13.mp4,segments/paragraphs/para_4.mp4,estimated-needs-review,OpenDyslexic and Comic Sans are fonts that are more accessible for people who are dyslexic and/or neurodiverse.,"OpenDyslexic and Comic Sans are fonts that are more accessible for people who are dyslexic and/or neurodiverse. Use microphones for all instructions or announcements. Provide ASL interpreters stationed at the mic, as well as throughout the crowd if possible.",Relative clip timestamp = main video word timestamp - segment start timestamp. Estimates are evenly divided and must be replaced with reviewed sign-level annotation timestamps.
167,are,paragraph,4,4,13,4,136,146,136,166,138.2222,138.7778,2.2222,2.7778,2.2222,2.7778,segments/sentences/sent_13.mp4,segments/paragraphs/para_4.mp4,estimated-needs-review,OpenDyslexic and Comic Sans are fonts that are more accessible for people who are dyslexic and/or neurodiverse.,"OpenDyslexic and Comic Sans are fonts that are more accessible for people who are dyslexic and/or neurodiverse. Use microphones for all instructions or announcements. Provide ASL interpreters stationed at the mic, as well as throughout the crowd if possible.",Relative clip timestamp = main video word timestamp - segment start timestamp. Estimates are evenly divided and must be replaced with reviewed sign-level annotation timestamps.
168,fonts,paragraph,4,4,13,5,136,146,136,166,138.7778,139.3333,2.7778,3.3333,2.7778,3.3333,segments/sentences/sent_13.mp4,segments/paragraphs/para_4.mp4,estimated-needs-review,OpenDyslexic and Comic Sans are fonts that are more accessible for people who are dyslexic and/or neurodiverse.,"OpenDyslexic and Comic Sans are fonts that are more accessible for people who are dyslexic and/or neurodiverse. Use microphones for all instructions or announcements. Provide ASL interpreters stationed at the mic, as well as throughout the crowd if possible.",Relative clip timestamp = main video word timestamp - segment start timestamp. Estimates are evenly divided and must be replaced with reviewed sign-level annotation timestamps.
169,that,paragraph,4,4,13,6,136,146,136,166,139.3333,139.8889,3.3333,3.8889,3.3333,3.8889,segments/sentences/sent_13.mp4,segments/paragraphs/para_4.mp4,estimated-needs-review,OpenDyslexic and Comic Sans are fonts that are more accessible for people who are dyslexic and/or neurodiverse.,"OpenDyslexic and Comic Sans are fonts that are more accessible for people who are dyslexic and/or neurodiverse. Use microphones for all instructions or announcements. Provide ASL interpreters stationed at the mic, as well as throughout the crowd if possible.",Relative clip timestamp = main video word timestamp - segment start timestamp. Estimates are evenly divided and must be replaced with reviewed sign-level annotation timestamps.
170,are,paragraph,4,4,13,7,136,146,136,166,139.8889,140.4444,3.8889,4.4444,3.8889,4.4444,segments/sentences/sent_13.mp4,segments/paragraphs/para_4.mp4,estimated-needs-review,OpenDyslexic and Comic Sans are fonts that are more accessible for people who are dyslexic and/or neurodiverse.,"OpenDyslexic and Comic Sans are fonts that are more accessible for people who are dyslexic and/or neurodiverse. Use microphones for all instructions or announcements. Provide ASL interpreters stationed at the mic, as well as throughout the crowd if possible.",Relative clip timestamp = main video word timestamp - segment start timestamp. Estimates are evenly divided and must be replaced with reviewed sign-level annotation timestamps.
171,more,paragraph,4,4,13,8,136,146,136,166,140.4444,141,4.4444,5,4.4444,5,segments/sentences/sent_13.mp4,segments/paragraphs/para_4.mp4,estimated-needs-review,OpenDyslexic and Comic Sans are fonts that are more accessible for people who are dyslexic and/or neurodiverse.,"OpenDyslexic and Comic Sans are fonts that are more accessible for people who are dyslexic and/or neurodiverse. Use microphones for all instructions or announcements. Provide ASL interpreters stationed at the mic, as well as throughout the crowd if possible.",Relative clip timestamp = main video word timestamp - segment start timestamp. Estimates are evenly divided and must be replaced with reviewed sign-level annotation timestamps.
172,accessible,paragraph,4,4,13,9,136,146,136,166,141,141.5556,5,5.5556,5,5.5556,segments/sentences/sent_13.mp4,segments/paragraphs/para_4.mp4,estimated-needs-review,OpenDyslexic and Comic Sans are fonts that are more accessible for people who are dyslexic and/or neurodiverse.,"OpenDyslexic and Comic Sans are fonts that are more accessible for people who are dyslexic and/or neurodiverse. Use microphones for all instructions or announcements. Provide ASL interpreters stationed at the mic, as well as throughout the crowd if possible.",Relative clip timestamp = main video word timestamp - segment start timestamp. Estimates are evenly divided and must be replaced with reviewed sign-level annotation timestamps.
173,for,paragraph,4,4,13,10,136,146,136,166,141.5556,142.1111,5.5556,6.1111,5.5556,6.1111,segments/sentences/sent_13.mp4,segments/paragraphs/para_4.mp4,estimated-needs-review,OpenDyslexic and Comic Sans are fonts that are more accessible for people who are dyslexic and/or neurodiverse.,"OpenDyslexic and Comic Sans are fonts that are more accessible for people who are dyslexic and/or neurodiverse. Use microphones for all instructions or announcements. Provide ASL interpreters stationed at the mic, as well as throughout the crowd if possible.",Relative clip timestamp = main video word timestamp - segment start timestamp. Estimates are evenly divided and must be replaced with reviewed sign-level annotation timestamps.
174,people,paragraph,4,4,13,11,136,146,136,166,142.1111,142.6667,6.1111,6.6667,6.1111,6.6667,segments/sentences/sent_13.mp4,segments/paragraphs/para_4.mp4,estimated-needs-review,OpenDyslexic and Comic Sans are fonts that are more accessible for people who are dyslexic and/or neurodiverse.,"OpenDyslexic and Comic Sans are fonts that are more accessible for people who are dyslexic and/or neurodiverse. Use microphones for all instructions or announcements. Provide ASL interpreters stationed at the mic, as well as throughout the crowd if possible.",Relative clip timestamp = main video word timestamp - segment start timestamp. Estimates are evenly divided and must be replaced with reviewed sign-level annotation timestamps.
175,who,paragraph,4,4,13,12,136,146,136,166,142.6667,143.2222,6.6667,7.2222,6.6667,7.2222,segments/sentences/sent_13.mp4,segments/paragraphs/para_4.mp4,estimated-needs-review,OpenDyslexic and Comic Sans are fonts that are more accessible for people who are dyslexic and/or neurodiverse.,"OpenDyslexic and Comic Sans are fonts that are more accessible for people who are dyslexic and/or neurodiverse. Use microphones for all instructions or announcements. Provide ASL interpreters stationed at the mic, as well as throughout the crowd if possible.",Relative clip timestamp = main video word timestamp - segment start timestamp. Estimates are evenly divided and must be replaced with reviewed sign-level annotation timestamps.
176,are,paragraph,4,4,13,13,136,146,136,166,143.2222,143.7778,7.2222,7.7778,7.2222,7.7778,segments/sentences/sent_13.mp4,segments/paragraphs/para_4.mp4,estimated-needs-review,OpenDyslexic and Comic Sans are fonts that are more accessible for people who are dyslexic and/or neurodiverse.,"OpenDyslexic and Comic Sans are fonts that are more accessible for people who are dyslexic and/or neurodiverse. Use microphones for all instructions or announcements. Provide ASL interpreters stationed at the mic, as well as throughout the crowd if possible.",Relative clip timestamp = main video word timestamp - segment start timestamp. Estimates are evenly divided and must be replaced with reviewed sign-level annotation timestamps.
177,dyslexic,paragraph,4,4,13,14,136,146,136,166,143.7778,144.3333,7.7778,8.3333,7.7778,8.3333,segments/sentences/sent_13.mp4,segments/paragraphs/para_4.mp4,estimated-needs-review,OpenDyslexic and Comic Sans are fonts that are more accessible for people who are dyslexic and/or neurodiverse.,"OpenDyslexic and Comic Sans are fonts that are more accessible for people who are dyslexic and/or neurodiverse. Use microphones for all instructions or announcements. Provide ASL interpreters stationed at the mic, as well as throughout the crowd if possible.",Relative clip timestamp = main video word timestamp - segment start timestamp. Estimates are evenly divided and must be replaced with reviewed sign-level annotation timestamps.
178,and,paragraph,4,4,13,15,136,146,136,166,144.3333,144.8889,8.3333,8.8889,8.3333,8.8889,segments/sentences/sent_13.mp4,segments/paragraphs/para_4.mp4,estimated-needs-review,OpenDyslexic and Comic Sans are fonts that are more accessible for people who are dyslexic and/or neurodiverse.,"OpenDyslexic and Comic Sans are fonts that are more accessible for people who are dyslexic and/or neurodiverse. Use microphones for all instructions or announcements. Provide ASL interpreters stationed at the mic, as well as throughout the crowd if possible.",Relative clip timestamp = main video word timestamp - segment start timestamp. Estimates are evenly divided and must be replaced with reviewed sign-level annotation timestamps.
179,or,paragraph,4,4,13,16,136,146,136,166,144.8889,145.4444,8.8889,9.4444,8.8889,9.4444,segments/sentences/sent_13.mp4,segments/paragraphs/para_4.mp4,estimated-needs-review,OpenDyslexic and Comic Sans are fonts that are more accessible for people who are dyslexic and/or neurodiverse.,"OpenDyslexic and Comic Sans are fonts that are more accessible for people who are dyslexic and/or neurodiverse. Use microphones for all instructions or announcements. Provide ASL interpreters stationed at the mic, as well as throughout the crowd if possible.",Relative clip timestamp = main video word timestamp - segment start timestamp. Estimates are evenly divided and must be replaced with reviewed sign-level annotation timestamps.
180,neurodiverse,paragraph,4,4,13,17,136,146,136,166,145.4444,146,9.4444,10,9.4444,10,segments/sentences/sent_13.mp4,segments/paragraphs/para_4.mp4,estimated-needs-review,OpenDyslexic and Comic Sans are fonts that are more accessible for people who are dyslexic and/or neurodiverse.,"OpenDyslexic and Comic Sans are fonts that are more accessible for people who are dyslexic and/or neurodiverse. Use microphones for all instructions or announcements. Provide ASL interpreters stationed at the mic, as well as throughout the crowd if possible.",Relative clip timestamp = main video word timestamp - segment start timestamp. Estimates are evenly divided and must be replaced with reviewed sign-level annotation timestamps.
181,use,paragraph,4,4,14,0,146,156,136,166,146,147.4286,0,1.4286,10,11.4286,segments/sentences/sent_14.mp4,segments/paragraphs/para_4.mp4,estimated-needs-review,Use microphones for all instructions or announcements.,"OpenDyslexic and Comic Sans are fonts that are more accessible for people who are dyslexic and/or neurodiverse. Use microphones for all instructions or announcements. Provide ASL interpreters stationed at the mic, as well as throughout the crowd if possible.",Relative clip timestamp = main video word timestamp - segment start timestamp. Estimates are evenly divided and must be replaced with reviewed sign-level annotation timestamps.
182,microphones,paragraph,4,4,14,1,146,156,136,166,147.4286,148.8571,1.4286,2.8571,11.4286,12.8571,segments/sentences/sent_14.mp4,segments/paragraphs/para_4.mp4,estimated-needs-review,Use microphones for all instructions or announcements.,"OpenDyslexic and Comic Sans are fonts that are more accessible for people who are dyslexic and/or neurodiverse. Use microphones for all instructions or announcements. Provide ASL interpreters stationed at the mic, as well as throughout the crowd if possible.",Relative clip timestamp = main video word timestamp - segment start timestamp. Estimates are evenly divided and must be replaced with reviewed sign-level annotation timestamps.
183,for,paragraph,4,4,14,2,146,156,136,166,148.8571,150.2857,2.8571,4.2857,12.8571,14.2857,segments/sentences/sent_14.mp4,segments/paragraphs/para_4.mp4,estimated-needs-review,Use microphones for all instructions or announcements.,"OpenDyslexic and Comic Sans are fonts that are more accessible for people who are dyslexic and/or neurodiverse. Use microphones for all instructions or announcements. Provide ASL interpreters stationed at the mic, as well as throughout the crowd if possible.",Relative clip timestamp = main video word timestamp - segment start timestamp. Estimates are evenly divided and must be replaced with reviewed sign-level annotation timestamps.
184,all,paragraph,4,4,14,3,146,156,136,166,150.2857,151.7143,4.2857,5.7143,14.2857,15.7143,segments/sentences/sent_14.mp4,segments/paragraphs/para_4.mp4,estimated-needs-review,Use microphones for all instructions or announcements.,"OpenDyslexic and Comic Sans are fonts that are more accessible for people who are dyslexic and/or neurodiverse. Use microphones for all instructions or announcements. Provide ASL interpreters stationed at the mic, as well as throughout the crowd if possible.",Relative clip timestamp = main video word timestamp - segment start timestamp. Estimates are evenly divided and must be replaced with reviewed sign-level annotation timestamps.
185,instructions,paragraph,4,4,14,4,146,156,136,166,151.7143,153.1429,5.7143,7.1429,15.7143,17.1429,segments/sentences/sent_14.mp4,segments/paragraphs/para_4.mp4,estimated-needs-review,Use microphones for all instructions or announcements.,"OpenDyslexic and Comic Sans are fonts that are more accessible for people who are dyslexic and/or neurodiverse. Use microphones for all instructions or announcements. Provide ASL interpreters stationed at the mic, as well as throughout the crowd if possible.",Relative clip timestamp = main video word timestamp - segment start timestamp. Estimates are evenly divided and must be replaced with reviewed sign-level annotation timestamps.
186,or,paragraph,4,4,14,5,146,156,136,166,153.1429,154.5714,7.1429,8.5714,17.1429,18.5714,segments/sentences/sent_14.mp4,segments/paragraphs/para_4.mp4,estimated-needs-review,Use microphones for all instructions or announcements.,"OpenDyslexic and Comic Sans are fonts that are more accessible for people who are dyslexic and/or neurodiverse. Use microphones for all instructions or announcements. Provide ASL interpreters stationed at the mic, as well as throughout the crowd if possible.",Relative clip timestamp = main video word timestamp - segment start timestamp. Estimates are evenly divided and must be replaced with reviewed sign-level annotation timestamps.
187,announcements,paragraph,4,4,14,6,146,156,136,166,154.5714,156,8.5714,10,18.5714,20,segments/sentences/sent_14.mp4,segments/paragraphs/para_4.mp4,estimated-needs-review,Use microphones for all instructions or announcements.,"OpenDyslexic and Comic Sans are fonts that are more accessible for people who are dyslexic and/or neurodiverse. Use microphones for all instructions or announcements. Provide ASL interpreters stationed at the mic, as well as throughout the crowd if possible.",Relative clip timestamp = main video word timestamp - segment start timestamp. Estimates are evenly divided and must be replaced with reviewed sign-level annotation timestamps.
188,provide,paragraph,4,4,15,0,156,166,136,166,156,156.6667,0,0.6667,20,20.6667,segments/sentences/sent_15.mp4,segments/paragraphs/para_4.mp4,estimated-needs-review,"Provide ASL interpreters stationed at the mic, as well as throughout the crowd if possible.","OpenDyslexic and Comic Sans are fonts that are more accessible for people who are dyslexic and/or neurodiverse. Use microphones for all instructions or announcements. Provide ASL interpreters stationed at the mic, as well as throughout the crowd if possible.",Relative clip timestamp = main video word timestamp - segment start timestamp. Estimates are evenly divided and must be replaced with reviewed sign-level annotation timestamps.
189,asl,paragraph,4,4,15,1,156,166,136,166,156.6667,157.3333,0.6667,1.3333,20.6667,21.3333,segments/sentences/sent_15.mp4,segments/paragraphs/para_4.mp4,estimated-needs-review,"Provide ASL interpreters stationed at the mic, as well as throughout the crowd if possible.","OpenDyslexic and Comic Sans are fonts that are more accessible for people who are dyslexic and/or neurodiverse. Use microphones for all instructions or announcements. Provide ASL interpreters stationed at the mic, as well as throughout the crowd if possible.",Relative clip timestamp = main video word timestamp - segment start timestamp. Estimates are evenly divided and must be replaced with reviewed sign-level annotation timestamps.
190,interpreters,paragraph,4,4,15,2,156,166,136,166,157.3333,158,1.3333,2,21.3333,22,segments/sentences/sent_15.mp4,segments/paragraphs/para_4.mp4,estimated-needs-review,"Provide ASL interpreters stationed at the mic, as well as throughout the crowd if possible.","OpenDyslexic and Comic Sans are fonts that are more accessible for people who are dyslexic and/or neurodiverse. Use microphones for all instructions or announcements. Provide ASL interpreters stationed at the mic, as well as throughout the crowd if possible.",Relative clip timestamp = main video word timestamp - segment start timestamp. Estimates are evenly divided and must be replaced with reviewed sign-level annotation timestamps.
191,stationed,paragraph,4,4,15,3,156,166,136,166,158,158.6667,2,2.6667,22,22.6667,segments/sentences/sent_15.mp4,segments/paragraphs/para_4.mp4,estimated-needs-review,"Provide ASL interpreters stationed at the mic, as well as throughout the crowd if possible.","OpenDyslexic and Comic Sans are fonts that are more accessible for people who are dyslexic and/or neurodiverse. Use microphones for all instructions or announcements. Provide ASL interpreters stationed at the mic, as well as throughout the crowd if possible.",Relative clip timestamp = main video word timestamp - segment start timestamp. Estimates are evenly divided and must be replaced with reviewed sign-level annotation timestamps.
192,at,paragraph,4,4,15,4,156,166,136,166,158.6667,159.3333,2.6667,3.3333,22.6667,23.3333,segments/sentences/sent_15.mp4,segments/paragraphs/para_4.mp4,estimated-needs-review,"Provide ASL interpreters stationed at the mic, as well as throughout the crowd if possible.","OpenDyslexic and Comic Sans are fonts that are more accessible for people who are dyslexic and/or neurodiverse. Use microphones for all instructions or announcements. Provide ASL interpreters stationed at the mic, as well as throughout the crowd if possible.",Relative clip timestamp = main video word timestamp - segment start timestamp. Estimates are evenly divided and must be replaced with reviewed sign-level annotation timestamps.
193,the,paragraph,4,4,15,5,156,166,136,166,159.3333,160,3.3333,4,23.3333,24,segments/sentences/sent_15.mp4,segments/paragraphs/para_4.mp4,estimated-needs-review,"Provide ASL interpreters stationed at the mic, as well as throughout the crowd if possible.","OpenDyslexic and Comic Sans are fonts that are more accessible for people who are dyslexic and/or neurodiverse. Use microphones for all instructions or announcements. Provide ASL interpreters stationed at the mic, as well as throughout the crowd if possible.",Relative clip timestamp = main video word timestamp - segment start timestamp. Estimates are evenly divided and must be replaced with reviewed sign-level annotation timestamps.
194,mic,paragraph,4,4,15,6,156,166,136,166,160,160.6667,4,4.6667,24,24.6667,segments/sentences/sent_15.mp4,segments/paragraphs/para_4.mp4,estimated-needs-review,"Provide ASL interpreters stationed at the mic, as well as throughout the crowd if possible.","OpenDyslexic and Comic Sans are fonts that are more accessible for people who are dyslexic and/or neurodiverse. Use microphones for all instructions or announcements. Provide ASL interpreters stationed at the mic, as well as throughout the crowd if possible.",Relative clip timestamp = main video word timestamp - segment start timestamp. Estimates are evenly divided and must be replaced with reviewed sign-level annotation timestamps.
195,as,paragraph,4,4,15,7,156,166,136,166,160.6667,161.3333,4.6667,5.3333,24.6667,25.3333,segments/sentences/sent_15.mp4,segments/paragraphs/para_4.mp4,estimated-needs-review,"Provide ASL interpreters stationed at the mic, as well as throughout the crowd if possible.","OpenDyslexic and Comic Sans are fonts that are more accessible for people who are dyslexic and/or neurodiverse. Use microphones for all instructions or announcements. Provide ASL interpreters stationed at the mic, as well as throughout the crowd if possible.",Relative clip timestamp = main video word timestamp - segment start timestamp. Estimates are evenly divided and must be replaced with reviewed sign-level annotation timestamps.
196,well,paragraph,4,4,15,8,156,166,136,166,161.3333,162,5.3333,6,25.3333,26,segments/sentences/sent_15.mp4,segments/paragraphs/para_4.mp4,estimated-needs-review,"Provide ASL interpreters stationed at the mic, as well as throughout the crowd if possible.","OpenDyslexic and Comic Sans are fonts that are more accessible for people who are dyslexic and/or neurodiverse. Use microphones for all instructions or announcements. Provide ASL interpreters stationed at the mic, as well as throughout the crowd if possible.",Relative clip timestamp = main video word timestamp - segment start timestamp. Estimates are evenly divided and must be replaced with reviewed sign-level annotation timestamps.
197,as,paragraph,4,4,15,9,156,166,136,166,162,162.6667,6,6.6667,26,26.6667,segments/sentences/sent_15.mp4,segments/paragraphs/para_4.mp4,estimated-needs-review,"Provide ASL interpreters stationed at the mic, as well as throughout the crowd if possible.","OpenDyslexic and Comic Sans are fonts that are more accessible for people who are dyslexic and/or neurodiverse. Use microphones for all instructions or announcements. Provide ASL interpreters stationed at the mic, as well as throughout the crowd if possible.",Relative clip timestamp = main video word timestamp - segment start timestamp. Estimates are evenly divided and must be replaced with reviewed sign-level annotation timestamps.
198,throughout,paragraph,4,4,15,10,156,166,136,166,162.6667,163.3333,6.6667,7.3333,26.6667,27.3333,segments/sentences/sent_15.mp4,segments/paragraphs/para_4.mp4,estimated-needs-review,"Provide ASL interpreters stationed at the mic, as well as throughout the crowd if possible.","OpenDyslexic and Comic Sans are fonts that are more accessible for people who are dyslexic and/or neurodiverse. Use microphones for all instructions or announcements. Provide ASL interpreters stationed at the mic, as well as throughout the crowd if possible.",Relative clip timestamp = main video word timestamp - segment start timestamp. Estimates are evenly divided and must be replaced with reviewed sign-level annotation timestamps.
199,the,paragraph,4,4,15,11,156,166,136,166,163.3333,164,7.3333,8,27.3333,28,segments/sentences/sent_15.mp4,segments/paragraphs/para_4.mp4,estimated-needs-review,"Provide ASL interpreters stationed at the mic, as well as throughout the crowd if possible.","OpenDyslexic and Comic Sans are fonts that are more accessible for people who are dyslexic and/or neurodiverse. Use microphones for all instructions or announcements. Provide ASL interpreters stationed at the mic, as well as throughout the crowd if possible.",Relative clip timestamp = main video word timestamp - segment start timestamp. Estimates are evenly divided and must be replaced with reviewed sign-level annotation timestamps.
200,crowd,paragraph,4,4,15,12,156,166,136,166,164,164.6667,8,8.6667,28,28.6667,segments/sentences/sent_15.mp4,segments/paragraphs/para_4.mp4,estimated-needs-review,"Provide ASL interpreters stationed at the mic, as well as throughout the crowd if possible.","OpenDyslexic and Comic Sans are fonts that are more accessible for people who are dyslexic and/or neurodiverse. Use microphones for all instructions or announcements. Provide ASL interpreters stationed at the mic, as well as throughout the crowd if possible.",Relative clip timestamp = main video word timestamp - segment start timestamp. Estimates are evenly divided and must be replaced with reviewed sign-level annotation timestamps.
201,if,paragraph,4,4,15,13,156,166,136,166,164.6667,165.3333,8.6667,9.3333,28.6667,29.3333,segments/sentences/sent_15.mp4,segments/paragraphs/para_4.mp4,estimated-needs-review,"Provide ASL interpreters stationed at the mic, as well as throughout the crowd if possible.","OpenDyslexic and Comic Sans are fonts that are more accessible for people who are dyslexic and/or neurodiverse. Use microphones for all instructions or announcements. Provide ASL interpreters stationed at the mic, as well as throughout the crowd if possible.",Relative clip timestamp = main video word timestamp - segment start timestamp. Estimates are evenly divided and must be replaced with reviewed sign-level annotation timestamps.
202,possible,paragraph,4,4,15,14,156,166,136,166,165.3333,166,9.3333,10,29.3333,30,segments/sentences/sent_15.mp4,segments/paragraphs/para_4.mp4,estimated-needs-review,"Provide ASL interpreters stationed at the mic, as well as throughout the crowd if possible.","OpenDyslexic and Comic Sans are fonts that are more accessible for people who are dyslexic and/or neurodiverse. Use microphones for all instructions or announcements. Provide ASL interpreters stationed at the mic, as well as throughout the crowd if possible.",Relative clip timestamp = main video word timestamp - segment start timestamp. Estimates are evenly divided and must be replaced with reviewed sign-level annotation timestamps.
203,organize,paragraph,5,5,16,0,166,180,166,208,166,166.9333,0,0.9333,0,0.9333,segments/sentences/sent_16.mp4,segments/paragraphs/para_5.mp4,estimated-needs-review,Organize and announce from the mic: Availability of manual wheelchairs for people who need them.,"Organize and announce from the mic: Availability of manual wheelchairs for people who need them. Low stimulation spaces near the main gathering space such as a room or a tent. Childcare and changing stations, and languages available at the event and how to access them.",Relative clip timestamp = main video word timestamp - segment start timestamp. Estimates are evenly divided and must be replaced with reviewed sign-level annotation timestamps.
204,and,paragraph,5,5,16,1,166,180,166,208,166.9333,167.8667,0.9333,1.8667,0.9333,1.8667,segments/sentences/sent_16.mp4,segments/paragraphs/para_5.mp4,estimated-needs-review,Organize and announce from the mic: Availability of manual wheelchairs for people who need them.,"Organize and announce from the mic: Availability of manual wheelchairs for people who need them. Low stimulation spaces near the main gathering space such as a room or a tent. Childcare and changing stations, and languages available at the event and how to access them.",Relative clip timestamp = main video word timestamp - segment start timestamp. Estimates are evenly divided and must be replaced with reviewed sign-level annotation timestamps.
205,announce,paragraph,5,5,16,2,166,180,166,208,167.8667,168.8,1.8667,2.8,1.8667,2.8,segments/sentences/sent_16.mp4,segments/paragraphs/para_5.mp4,estimated-needs-review,Organize and announce from the mic: Availability of manual wheelchairs for people who need them.,"Organize and announce from the mic: Availability of manual wheelchairs for people who need them. Low stimulation spaces near the main gathering space such as a room or a tent. Childcare and changing stations, and languages available at the event and how to access them.",Relative clip timestamp = main video word timestamp - segment start timestamp. Estimates are evenly divided and must be replaced with reviewed sign-level annotation timestamps.
206,from,paragraph,5,5,16,3,166,180,166,208,168.8,169.7333,2.8,3.7333,2.8,3.7333,segments/sentences/sent_16.mp4,segments/paragraphs/para_5.mp4,estimated-needs-review,Organize and announce from the mic: Availability of manual wheelchairs for people who need them.,"Organize and announce from the mic: Availability of manual wheelchairs for people who need them. Low stimulation spaces near the main gathering space such as a room or a tent. Childcare and changing stations, and languages available at the event and how to access them.",Relative clip timestamp = main video word timestamp - segment start timestamp. Estimates are evenly divided and must be replaced with reviewed sign-level annotation timestamps.
207,the,paragraph,5,5,16,4,166,180,166,208,169.7333,170.6667,3.7333,4.6667,3.7333,4.6667,segments/sentences/sent_16.mp4,segments/paragraphs/para_5.mp4,estimated-needs-review,Organize and announce from the mic: Availability of manual wheelchairs for people who need them.,"Organize and announce from the mic: Availability of manual wheelchairs for people who need them. Low stimulation spaces near the main gathering space such as a room or a tent. Childcare and changing stations, and languages available at the event and how to access them.",Relative clip timestamp = main video word timestamp - segment start timestamp. Estimates are evenly divided and must be replaced with reviewed sign-level annotation timestamps.
208,mic,paragraph,5,5,16,5,166,180,166,208,170.6667,171.6,4.6667,5.6,4.6667,5.6,segments/sentences/sent_16.mp4,segments/paragraphs/para_5.mp4,estimated-needs-review,Organize and announce from the mic: Availability of manual wheelchairs for people who need them.,"Organize and announce from the mic: Availability of manual wheelchairs for people who need them. Low stimulation spaces near the main gathering space such as a room or a tent. Childcare and changing stations, and languages available at the event and how to access them.",Relative clip timestamp = main video word timestamp - segment start timestamp. Estimates are evenly divided and must be replaced with reviewed sign-level annotation timestamps.
209,availability,paragraph,5,5,16,6,166,180,166,208,171.6,172.5333,5.6,6.5333,5.6,6.5333,segments/sentences/sent_16.mp4,segments/paragraphs/para_5.mp4,estimated-needs-review,Organize and announce from the mic: Availability of manual wheelchairs for people who need them.,"Organize and announce from the mic: Availability of manual wheelchairs for people who need them. Low stimulation spaces near the main gathering space such as a room or a tent. Childcare and changing stations, and languages available at the event and how to access them.",Relative clip timestamp = main video word timestamp - segment start timestamp. Estimates are evenly divided and must be replaced with reviewed sign-level annotation timestamps.
210,of,paragraph,5,5,16,7,166,180,166,208,172.5333,173.4667,6.5333,7.4667,6.5333,7.4667,segments/sentences/sent_16.mp4,segments/paragraphs/para_5.mp4,estimated-needs-review,Organize and announce from the mic: Availability of manual wheelchairs for people who need them.,"Organize and announce from the mic: Availability of manual wheelchairs for people who need them. Low stimulation spaces near the main gathering space such as a room or a tent. Childcare and changing stations, and languages available at the event and how to access them.",Relative clip timestamp = main video word timestamp - segment start timestamp. Estimates are evenly divided and must be replaced with reviewed sign-level annotation timestamps.
211,manual,paragraph,5,5,16,8,166,180,166,208,173.4667,174.4,7.4667,8.4,7.4667,8.4,segments/sentences/sent_16.mp4,segments/paragraphs/para_5.mp4,estimated-needs-review,Organize and announce from the mic: Availability of manual wheelchairs for people who need them.,"Organize and announce from the mic: Availability of manual wheelchairs for people who need them. Low stimulation spaces near the main gathering space such as a room or a tent. Childcare and changing stations, and languages available at the event and how to access them.",Relative clip timestamp = main video word timestamp - segment start timestamp. Estimates are evenly divided and must be replaced with reviewed sign-level annotation timestamps.
212,wheelchairs,paragraph,5,5,16,9,166,180,166,208,174.4,175.3333,8.4,9.3333,8.4,9.3333,segments/sentences/sent_16.mp4,segments/paragraphs/para_5.mp4,estimated-needs-review,Organize and announce from the mic: Availability of manual wheelchairs for people who need them.,"Organize and announce from the mic: Availability of manual wheelchairs for people who need them. Low stimulation spaces near the main gathering space such as a room or a tent. Childcare and changing stations, and languages available at the event and how to access them.",Relative clip timestamp = main video word timestamp - segment start timestamp. Estimates are evenly divided and must be replaced with reviewed sign-level annotation timestamps.
213,for,paragraph,5,5,16,10,166,180,166,208,175.3333,176.2667,9.3333,10.2667,9.3333,10.2667,segments/sentences/sent_16.mp4,segments/paragraphs/para_5.mp4,estimated-needs-review,Organize and announce from the mic: Availability of manual wheelchairs for people who need them.,"Organize and announce from the mic: Availability of manual wheelchairs for people who need them. Low stimulation spaces near the main gathering space such as a room or a tent. Childcare and changing stations, and languages available at the event and how to access them.",Relative clip timestamp = main video word timestamp - segment start timestamp. Estimates are evenly divided and must be replaced with reviewed sign-level annotation timestamps.
214,people,paragraph,5,5,16,11,166,180,166,208,176.2667,177.2,10.2667,11.2,10.2667,11.2,segments/sentences/sent_16.mp4,segments/paragraphs/para_5.mp4,estimated-needs-review,Organize and announce from the mic: Availability of manual wheelchairs for people who need them.,"Organize and announce from the mic: Availability of manual wheelchairs for people who need them. Low stimulation spaces near the main gathering space such as a room or a tent. Childcare and changing stations, and languages available at the event and how to access them.",Relative clip timestamp = main video word timestamp - segment start timestamp. Estimates are evenly divided and must be replaced with reviewed sign-level annotation timestamps.
215,who,paragraph,5,5,16,12,166,180,166,208,177.2,178.1333,11.2,12.1333,11.2,12.1333,segments/sentences/sent_16.mp4,segments/paragraphs/para_5.mp4,estimated-needs-review,Organize and announce from the mic: Availability of manual wheelchairs for people who need them.,"Organize and announce from the mic: Availability of manual wheelchairs for people who need them. Low stimulation spaces near the main gathering space such as a room or a tent. Childcare and changing stations, and languages available at the event and how to access them.",Relative clip timestamp = main video word timestamp - segment start timestamp. Estimates are evenly divided and must be replaced with reviewed sign-level annotation timestamps.
216,need,paragraph,5,5,16,13,166,180,166,208,178.1333,179.0667,12.1333,13.0667,12.1333,13.0667,segments/sentences/sent_16.mp4,segments/paragraphs/para_5.mp4,estimated-needs-review,Organize and announce from the mic: Availability of manual wheelchairs for people who need them.,"Organize and announce from the mic: Availability of manual wheelchairs for people who need them. Low stimulation spaces near the main gathering space such as a room or a tent. Childcare and changing stations, and languages available at the event and how to access them.",Relative clip timestamp = main video word timestamp - segment start timestamp. Estimates are evenly divided and must be replaced with reviewed sign-level annotation timestamps.
217,them,paragraph,5,5,16,14,166,180,166,208,179.0667,180,13.0667,14,13.0667,14,segments/sentences/sent_16.mp4,segments/paragraphs/para_5.mp4,estimated-needs-review,Organize and announce from the mic: Availability of manual wheelchairs for people who need them.,"Organize and announce from the mic: Availability of manual wheelchairs for people who need them. Low stimulation spaces near the main gathering space such as a room or a tent. Childcare and changing stations, and languages available at the event and how to access them.",Relative clip timestamp = main video word timestamp - segment start timestamp. Estimates are evenly divided and must be replaced with reviewed sign-level annotation timestamps.
218,low,paragraph,5,5,17,0,180,194,166,208,180,180.9333,0,0.9333,14,14.9333,segments/sentences/sent_17.mp4,segments/paragraphs/para_5.mp4,estimated-needs-review,Low stimulation spaces near the main gathering space such as a room or a tent.,"Organize and announce from the mic: Availability of manual wheelchairs for people who need them. Low stimulation spaces near the main gathering space such as a room or a tent. Childcare and changing stations, and languages available at the event and how to access them.",Relative clip timestamp = main video word timestamp - segment start timestamp. Estimates are evenly divided and must be replaced with reviewed sign-level annotation timestamps.
219,stimulation,paragraph,5,5,17,1,180,194,166,208,180.9333,181.8667,0.9333,1.8667,14.9333,15.8667,segments/sentences/sent_17.mp4,segments/paragraphs/para_5.mp4,estimated-needs-review,Low stimulation spaces near the main gathering space such as a room or a tent.,"Organize and announce from the mic: Availability of manual wheelchairs for people who need them. Low stimulation spaces near the main gathering space such as a room or a tent. Childcare and changing stations, and languages available at the event and how to access them.",Relative clip timestamp = main video word timestamp - segment start timestamp. Estimates are evenly divided and must be replaced with reviewed sign-level annotation timestamps.
220,spaces,paragraph,5,5,17,2,180,194,166,208,181.8667,182.8,1.8667,2.8,15.8667,16.8,segments/sentences/sent_17.mp4,segments/paragraphs/para_5.mp4,estimated-needs-review,Low stimulation spaces near the main gathering space such as a room or a tent.,"Organize and announce from the mic: Availability of manual wheelchairs for people who need them. Low stimulation spaces near the main gathering space such as a room or a tent. Childcare and changing stations, and languages available at the event and how to access them.",Relative clip timestamp = main video word timestamp - segment start timestamp. Estimates are evenly divided and must be replaced with reviewed sign-level annotation timestamps.
221,near,paragraph,5,5,17,3,180,194,166,208,182.8,183.7333,2.8,3.7333,16.8,17.7333,segments/sentences/sent_17.mp4,segments/paragraphs/para_5.mp4,estimated-needs-review,Low stimulation spaces near the main gathering space such as a room or a tent.,"Organize and announce from the mic: Availability of manual wheelchairs for people who need them. Low stimulation spaces near the main gathering space such as a room or a tent. Childcare and changing stations, and languages available at the event and how to access them.",Relative clip timestamp = main video word timestamp - segment start timestamp. Estimates are evenly divided and must be replaced with reviewed sign-level annotation timestamps.
222,the,paragraph,5,5,17,4,180,194,166,208,183.7333,184.6667,3.7333,4.6667,17.7333,18.6667,segments/sentences/sent_17.mp4,segments/paragraphs/para_5.mp4,estimated-needs-review,Low stimulation spaces near the main gathering space such as a room or a tent.,"Organize and announce from the mic: Availability of manual wheelchairs for people who need them. Low stimulation spaces near the main gathering space such as a room or a tent. Childcare and changing stations, and languages available at the event and how to access them.",Relative clip timestamp = main video word timestamp - segment start timestamp. Estimates are evenly divided and must be replaced with reviewed sign-level annotation timestamps.
223,main,paragraph,5,5,17,5,180,194,166,208,184.6667,185.6,4.6667,5.6,18.6667,19.6,segments/sentences/sent_17.mp4,segments/paragraphs/para_5.mp4,estimated-needs-review,Low stimulation spaces near the main gathering space such as a room or a tent.,"Organize and announce from the mic: Availability of manual wheelchairs for people who need them. Low stimulation spaces near the main gathering space such as a room or a tent. Childcare and changing stations, and languages available at the event and how to access them.",Relative clip timestamp = main video word timestamp - segment start timestamp. Estimates are evenly divided and must be replaced with reviewed sign-level annotation timestamps.
224,gathering,paragraph,5,5,17,6,180,194,166,208,185.6,186.5333,5.6,6.5333,19.6,20.5333,segments/sentences/sent_17.mp4,segments/paragraphs/para_5.mp4,estimated-needs-review,Low stimulation spaces near the main gathering space such as a room or a tent.,"Organize and announce from the mic: Availability of manual wheelchairs for people who need them. Low stimulation spaces near the main gathering space such as a room or a tent. Childcare and changing stations, and languages available at the event and how to access them.",Relative clip timestamp = main video word timestamp - segment start timestamp. Estimates are evenly divided and must be replaced with reviewed sign-level annotation timestamps.
225,space,paragraph,5,5,17,7,180,194,166,208,186.5333,187.4667,6.5333,7.4667,20.5333,21.4667,segments/sentences/sent_17.mp4,segments/paragraphs/para_5.mp4,estimated-needs-review,Low stimulation spaces near the main gathering space such as a room or a tent.,"Organize and announce from the mic: Availability of manual wheelchairs for people who need them. Low stimulation spaces near the main gathering space such as a room or a tent. Childcare and changing stations, and languages available at the event and how to access them.",Relative clip timestamp = main video word timestamp - segment start timestamp. Estimates are evenly divided and must be replaced with reviewed sign-level annotation timestamps.
226,such,paragraph,5,5,17,8,180,194,166,208,187.4667,188.4,7.4667,8.4,21.4667,22.4,segments/sentences/sent_17.mp4,segments/paragraphs/para_5.mp4,estimated-needs-review,Low stimulation spaces near the main gathering space such as a room or a tent.,"Organize and announce from the mic: Availability of manual wheelchairs for people who need them. Low stimulation spaces near the main gathering space such as a room or a tent. Childcare and changing stations, and languages available at the event and how to access them.",Relative clip timestamp = main video word timestamp - segment start timestamp. Estimates are evenly divided and must be replaced with reviewed sign-level annotation timestamps.
227,as,paragraph,5,5,17,9,180,194,166,208,188.4,189.3333,8.4,9.3333,22.4,23.3333,segments/sentences/sent_17.mp4,segments/paragraphs/para_5.mp4,estimated-needs-review,Low stimulation spaces near the main gathering space such as a room or a tent.,"Organize and announce from the mic: Availability of manual wheelchairs for people who need them. Low stimulation spaces near the main gathering space such as a room or a tent. Childcare and changing stations, and languages available at the event and how to access them.",Relative clip timestamp = main video word timestamp - segment start timestamp. Estimates are evenly divided and must be replaced with reviewed sign-level annotation timestamps.
228,a,paragraph,5,5,17,10,180,194,166,208,189.3333,190.2667,9.3333,10.2667,23.3333,24.2667,segments/sentences/sent_17.mp4,segments/paragraphs/para_5.mp4,estimated-needs-review,Low stimulation spaces near the main gathering space such as a room or a tent.,"Organize and announce from the mic: Availability of manual wheelchairs for people who need them. Low stimulation spaces near the main gathering space such as a room or a tent. Childcare and changing stations, and languages available at the event and how to access them.",Relative clip timestamp = main video word timestamp - segment start timestamp. Estimates are evenly divided and must be replaced with reviewed sign-level annotation timestamps.
229,room,paragraph,5,5,17,11,180,194,166,208,190.2667,191.2,10.2667,11.2,24.2667,25.2,segments/sentences/sent_17.mp4,segments/paragraphs/para_5.mp4,estimated-needs-review,Low stimulation spaces near the main gathering space such as a room or a tent.,"Organize and announce from the mic: Availability of manual wheelchairs for people who need them. Low stimulation spaces near the main gathering space such as a room or a tent. Childcare and changing stations, and languages available at the event and how to access them.",Relative clip timestamp = main video word timestamp - segment start timestamp. Estimates are evenly divided and must be replaced with reviewed sign-level annotation timestamps.
230,or,paragraph,5,5,17,12,180,194,166,208,191.2,192.1333,11.2,12.1333,25.2,26.1333,segments/sentences/sent_17.mp4,segments/paragraphs/para_5.mp4,estimated-needs-review,Low stimulation spaces near the main gathering space such as a room or a tent.,"Organize and announce from the mic: Availability of manual wheelchairs for people who need them. Low stimulation spaces near the main gathering space such as a room or a tent. Childcare and changing stations, and languages available at the event and how to access them.",Relative clip timestamp = main video word timestamp - segment start timestamp. Estimates are evenly divided and must be replaced with reviewed sign-level annotation timestamps.
231,a,paragraph,5,5,17,13,180,194,166,208,192.1333,193.0667,12.1333,13.0667,26.1333,27.0667,segments/sentences/sent_17.mp4,segments/paragraphs/para_5.mp4,estimated-needs-review,Low stimulation spaces near the main gathering space such as a room or a tent.,"Organize and announce from the mic: Availability of manual wheelchairs for people who need them. Low stimulation spaces near the main gathering space such as a room or a tent. Childcare and changing stations, and languages available at the event and how to access them.",Relative clip timestamp = main video word timestamp - segment start timestamp. Estimates are evenly divided and must be replaced with reviewed sign-level annotation timestamps.
232,tent,paragraph,5,5,17,14,180,194,166,208,193.0667,194,13.0667,14,27.0667,28,segments/sentences/sent_17.mp4,segments/paragraphs/para_5.mp4,estimated-needs-review,Low stimulation spaces near the main gathering space such as a room or a tent.,"Organize and announce from the mic: Availability of manual wheelchairs for people who need them. Low stimulation spaces near the main gathering space such as a room or a tent. Childcare and changing stations, and languages available at the event and how to access them.",Relative clip timestamp = main video word timestamp - segment start timestamp. Estimates are evenly divided and must be replaced with reviewed sign-level annotation timestamps.
233,childcare,paragraph,5,5,18,0,194,208,166,208,194,194.9333,0,0.9333,28,28.9333,segments/sentences/sent_18.mp4,segments/paragraphs/para_5.mp4,estimated-needs-review,"Childcare and changing stations, and languages available at the event and how to access them.","Organize and announce from the mic: Availability of manual wheelchairs for people who need them. Low stimulation spaces near the main gathering space such as a room or a tent. Childcare and changing stations, and languages available at the event and how to access them.",Relative clip timestamp = main video word timestamp - segment start timestamp. Estimates are evenly divided and must be replaced with reviewed sign-level annotation timestamps.
234,and,paragraph,5,5,18,1,194,208,166,208,194.9333,195.8667,0.9333,1.8667,28.9333,29.8667,segments/sentences/sent_18.mp4,segments/paragraphs/para_5.mp4,estimated-needs-review,"Childcare and changing stations, and languages available at the event and how to access them.","Organize and announce from the mic: Availability of manual wheelchairs for people who need them. Low stimulation spaces near the main gathering space such as a room or a tent. Childcare and changing stations, and languages available at the event and how to access them.",Relative clip timestamp = main video word timestamp - segment start timestamp. Estimates are evenly divided and must be replaced with reviewed sign-level annotation timestamps.
235,changing,paragraph,5,5,18,2,194,208,166,208,195.8667,196.8,1.8667,2.8,29.8667,30.8,segments/sentences/sent_18.mp4,segments/paragraphs/para_5.mp4,estimated-needs-review,"Childcare and changing stations, and languages available at the event and how to access them.","Organize and announce from the mic: Availability of manual wheelchairs for people who need them. Low stimulation spaces near the main gathering space such as a room or a tent. Childcare and changing stations, and languages available at the event and how to access them.",Relative clip timestamp = main video word timestamp - segment start timestamp. Estimates are evenly divided and must be replaced with reviewed sign-level annotation timestamps.
236,stations,paragraph,5,5,18,3,194,208,166,208,196.8,197.7333,2.8,3.7333,30.8,31.7333,segments/sentences/sent_18.mp4,segments/paragraphs/para_5.mp4,estimated-needs-review,"Childcare and changing stations, and languages available at the event and how to access them.","Organize and announce from the mic: Availability of manual wheelchairs for people who need them. Low stimulation spaces near the main gathering space such as a room or a tent. Childcare and changing stations, and languages available at the event and how to access them.",Relative clip timestamp = main video word timestamp - segment start timestamp. Estimates are evenly divided and must be replaced with reviewed sign-level annotation timestamps.
237,and,paragraph,5,5,18,4,194,208,166,208,197.7333,198.6667,3.7333,4.6667,31.7333,32.6667,segments/sentences/sent_18.mp4,segments/paragraphs/para_5.mp4,estimated-needs-review,"Childcare and changing stations, and languages available at the event and how to access them.","Organize and announce from the mic: Availability of manual wheelchairs for people who need them. Low stimulation spaces near the main gathering space such as a room or a tent. Childcare and changing stations, and languages available at the event and how to access them.",Relative clip timestamp = main video word timestamp - segment start timestamp. Estimates are evenly divided and must be replaced with reviewed sign-level annotation timestamps.
238,languages,paragraph,5,5,18,5,194,208,166,208,198.6667,199.6,4.6667,5.6,32.6667,33.6,segments/sentences/sent_18.mp4,segments/paragraphs/para_5.mp4,estimated-needs-review,"Childcare and changing stations, and languages available at the event and how to access them.","Organize and announce from the mic: Availability of manual wheelchairs for people who need them. Low stimulation spaces near the main gathering space such as a room or a tent. Childcare and changing stations, and languages available at the event and how to access them.",Relative clip timestamp = main video word timestamp - segment start timestamp. Estimates are evenly divided and must be replaced with reviewed sign-level annotation timestamps.
239,available,paragraph,5,5,18,6,194,208,166,208,199.6,200.5333,5.6,6.5333,33.6,34.5333,segments/sentences/sent_18.mp4,segments/paragraphs/para_5.mp4,estimated-needs-review,"Childcare and changing stations, and languages available at the event and how to access them.","Organize and announce from the mic: Availability of manual wheelchairs for people who need them. Low stimulation spaces near the main gathering space such as a room or a tent. Childcare and changing stations, and languages available at the event and how to access them.",Relative clip timestamp = main video word timestamp - segment start timestamp. Estimates are evenly divided and must be replaced with reviewed sign-level annotation timestamps.
240,at,paragraph,5,5,18,7,194,208,166,208,200.5333,201.4667,6.5333,7.4667,34.5333,35.4667,segments/sentences/sent_18.mp4,segments/paragraphs/para_5.mp4,estimated-needs-review,"Childcare and changing stations, and languages available at the event and how to access them.","Organize and announce from the mic: Availability of manual wheelchairs for people who need them. Low stimulation spaces near the main gathering space such as a room or a tent. Childcare and changing stations, and languages available at the event and how to access them.",Relative clip timestamp = main video word timestamp - segment start timestamp. Estimates are evenly divided and must be replaced with reviewed sign-level annotation timestamps.
241,the,paragraph,5,5,18,8,194,208,166,208,201.4667,202.4,7.4667,8.4,35.4667,36.4,segments/sentences/sent_18.mp4,segments/paragraphs/para_5.mp4,estimated-needs-review,"Childcare and changing stations, and languages available at the event and how to access them.","Organize and announce from the mic: Availability of manual wheelchairs for people who need them. Low stimulation spaces near the main gathering space such as a room or a tent. Childcare and changing stations, and languages available at the event and how to access them.",Relative clip timestamp = main video word timestamp - segment start timestamp. Estimates are evenly divided and must be replaced with reviewed sign-level annotation timestamps.
242,event,paragraph,5,5,18,9,194,208,166,208,202.4,203.3333,8.4,9.3333,36.4,37.3333,segments/sentences/sent_18.mp4,segments/paragraphs/para_5.mp4,estimated-needs-review,"Childcare and changing stations, and languages available at the event and how to access them.","Organize and announce from the mic: Availability of manual wheelchairs for people who need them. Low stimulation spaces near the main gathering space such as a room or a tent. Childcare and changing stations, and languages available at the event and how to access them.",Relative clip timestamp = main video word timestamp - segment start timestamp. Estimates are evenly divided and must be replaced with reviewed sign-level annotation timestamps.
243,and,paragraph,5,5,18,10,194,208,166,208,203.3333,204.2667,9.3333,10.2667,37.3333,38.2667,segments/sentences/sent_18.mp4,segments/paragraphs/para_5.mp4,estimated-needs-review,"Childcare and changing stations, and languages available at the event and how to access them.","Organize and announce from the mic: Availability of manual wheelchairs for people who need them. Low stimulation spaces near the main gathering space such as a room or a tent. Childcare and changing stations, and languages available at the event and how to access them.",Relative clip timestamp = main video word timestamp - segment start timestamp. Estimates are evenly divided and must be replaced with reviewed sign-level annotation timestamps.
244,how,paragraph,5,5,18,11,194,208,166,208,204.2667,205.2,10.2667,11.2,38.2667,39.2,segments/sentences/sent_18.mp4,segments/paragraphs/para_5.mp4,estimated-needs-review,"Childcare and changing stations, and languages available at the event and how to access them.","Organize and announce from the mic: Availability of manual wheelchairs for people who need them. Low stimulation spaces near the main gathering space such as a room or a tent. Childcare and changing stations, and languages available at the event and how to access them.",Relative clip timestamp = main video word timestamp - segment start timestamp. Estimates are evenly divided and must be replaced with reviewed sign-level annotation timestamps.
245,to,paragraph,5,5,18,12,194,208,166,208,205.2,206.1333,11.2,12.1333,39.2,40.1333,segments/sentences/sent_18.mp4,segments/paragraphs/para_5.mp4,estimated-needs-review,"Childcare and changing stations, and languages available at the event and how to access them.","Organize and announce from the mic: Availability of manual wheelchairs for people who need them. Low stimulation spaces near the main gathering space such as a room or a tent. Childcare and changing stations, and languages available at the event and how to access them.",Relative clip timestamp = main video word timestamp - segment start timestamp. Estimates are evenly divided and must be replaced with reviewed sign-level annotation timestamps.
246,access,paragraph,5,5,18,13,194,208,166,208,206.1333,207.0667,12.1333,13.0667,40.1333,41.0667,segments/sentences/sent_18.mp4,segments/paragraphs/para_5.mp4,estimated-needs-review,"Childcare and changing stations, and languages available at the event and how to access them.","Organize and announce from the mic: Availability of manual wheelchairs for people who need them. Low stimulation spaces near the main gathering space such as a room or a tent. Childcare and changing stations, and languages available at the event and how to access them.",Relative clip timestamp = main video word timestamp - segment start timestamp. Estimates are evenly divided and must be replaced with reviewed sign-level annotation timestamps.
247,them,paragraph,5,5,18,14,194,208,166,208,207.0667,208,13.0667,14,41.0667,42,segments/sentences/sent_18.mp4,segments/paragraphs/para_5.mp4,estimated-needs-review,"Childcare and changing stations, and languages available at the event and how to access them.","Organize and announce from the mic: Availability of manual wheelchairs for people who need them. Low stimulation spaces near the main gathering space such as a room or a tent. Childcare and changing stations, and languages available at the event and how to access them.",Relative clip timestamp = main video word timestamp - segment start timestamp. Estimates are evenly divided and must be replaced with reviewed sign-level annotation timestamps.
248,have,paragraph,6,6,19,0,208,226.25,208,281,208,210.2813,0,2.2813,0,2.2813,segments/sentences/sent_19.mp4,segments/paragraphs/para_6.mp4,estimated-needs-review,Have people who know what’s happening clearly marked.,"Have people who know what’s happening clearly marked. Have them spread out throughout the mobilization - at the front, middle and back of the march, throughout the four quadrants of the rally, etc. More communication = more information = better access. Provide seating such as folding chairs, mobile bleachers, etc.",Relative clip timestamp = main video word timestamp - segment start timestamp. Estimates are evenly divided and must be replaced with reviewed sign-level annotation timestamps.
249,people,paragraph,6,6,19,1,208,226.25,208,281,210.2813,212.5625,2.2813,4.5625,2.2813,4.5625,segments/sentences/sent_19.mp4,segments/paragraphs/para_6.mp4,estimated-needs-review,Have people who know what’s happening clearly marked.,"Have people who know what’s happening clearly marked. Have them spread out throughout the mobilization - at the front, middle and back of the march, throughout the four quadrants of the rally, etc. More communication = more information = better access. Provide seating such as folding chairs, mobile bleachers, etc.",Relative clip timestamp = main video word timestamp - segment start timestamp. Estimates are evenly divided and must be replaced with reviewed sign-level annotation timestamps.
250,who,paragraph,6,6,19,2,208,226.25,208,281,212.5625,214.8438,4.5625,6.8438,4.5625,6.8438,segments/sentences/sent_19.mp4,segments/paragraphs/para_6.mp4,estimated-needs-review,Have people who know what’s happening clearly marked.,"Have people who know what’s happening clearly marked. Have them spread out throughout the mobilization - at the front, middle and back of the march, throughout the four quadrants of the rally, etc. More communication = more information = better access. Provide seating such as folding chairs, mobile bleachers, etc.",Relative clip timestamp = main video word timestamp - segment start timestamp. Estimates are evenly divided and must be replaced with reviewed sign-level annotation timestamps.
251,know,paragraph,6,6,19,3,208,226.25,208,281,214.8438,217.125,6.8438,9.125,6.8438,9.125,segments/sentences/sent_19.mp4,segments/paragraphs/para_6.mp4,estimated-needs-review,Have people who know what’s happening clearly marked.,"Have people who know what’s happening clearly marked. Have them spread out throughout the mobilization - at the front, middle and back of the march, throughout the four quadrants of the rally, etc. More communication = more information = better access. Provide seating such as folding chairs, mobile bleachers, etc.",Relative clip timestamp = main video word timestamp - segment start timestamp. Estimates are evenly divided and must be replaced with reviewed sign-level annotation timestamps.
252,what,paragraph,6,6,19,4,208,226.25,208,281,217.125,219.4063,9.125,11.4063,9.125,11.4063,segments/sentences/sent_19.mp4,segments/paragraphs/para_6.mp4,estimated-needs-review,Have people who know what’s happening clearly marked.,"Have people who know what’s happening clearly marked. Have them spread out throughout the mobilization - at the front, middle and back of the march, throughout the four quadrants of the rally, etc. More communication = more information = better access. Provide seating such as folding chairs, mobile bleachers, etc.",Relative clip timestamp = main video word timestamp - segment start timestamp. Estimates are evenly divided and must be replaced with reviewed sign-level annotation timestamps.
253,happening,paragraph,6,6,19,5,208,226.25,208,281,219.4063,221.6875,11.4063,13.6875,11.4063,13.6875,segments/sentences/sent_19.mp4,segments/paragraphs/para_6.mp4,estimated-needs-review,Have people who know what’s happening clearly marked.,"Have people who know what’s happening clearly marked. Have them spread out throughout the mobilization - at the front, middle and back of the march, throughout the four quadrants of the rally, etc. More communication = more information = better access. Provide seating such as folding chairs, mobile bleachers, etc.",Relative clip timestamp = main video word timestamp - segment start timestamp. Estimates are evenly divided and must be replaced with reviewed sign-level annotation timestamps.
254,clearly,paragraph,6,6,19,6,208,226.25,208,281,221.6875,223.9688,13.6875,15.9688,13.6875,15.9688,segments/sentences/sent_19.mp4,segments/paragraphs/para_6.mp4,estimated-needs-review,Have people who know what’s happening clearly marked.,"Have people who know what’s happening clearly marked. Have them spread out throughout the mobilization - at the front, middle and back of the march, throughout the four quadrants of the rally, etc. More communication = more information = better access. Provide seating such as folding chairs, mobile bleachers, etc.",Relative clip timestamp = main video word timestamp - segment start timestamp. Estimates are evenly divided and must be replaced with reviewed sign-level annotation timestamps.
255,marked,paragraph,6,6,19,7,208,226.25,208,281,223.9688,226.25,15.9688,18.25,15.9688,18.25,segments/sentences/sent_19.mp4,segments/paragraphs/para_6.mp4,estimated-needs-review,Have people who know what’s happening clearly marked.,"Have people who know what’s happening clearly marked. Have them spread out throughout the mobilization - at the front, middle and back of the march, throughout the four quadrants of the rally, etc. More communication = more information = better access. Provide seating such as folding chairs, mobile bleachers, etc.",Relative clip timestamp = main video word timestamp - segment start timestamp. Estimates are evenly divided and must be replaced with reviewed sign-level annotation timestamps.
256,have,paragraph,6,6,20,0,226.25,244.5,208,281,226.25,227.0104,0,0.7604,18.25,19.0104,segments/sentences/sent_20.mp4,segments/paragraphs/para_6.mp4,estimated-needs-review,"Have them spread out throughout the mobilization - at the front, middle and back of the march, throughout the four quadrants of the rally, etc.","Have people who know what’s happening clearly marked. Have them spread out throughout the mobilization - at the front, middle and back of the march, throughout the four quadrants of the rally, etc. More communication = more information = better access. Provide seating such as folding chairs, mobile bleachers, etc.",Relative clip timestamp = main video word timestamp - segment start timestamp. Estimates are evenly divided and must be replaced with reviewed sign-level annotation timestamps.
257,them,paragraph,6,6,20,1,226.25,244.5,208,281,227.0104,227.7708,0.7604,1.5208,19.0104,19.7708,segments/sentences/sent_20.mp4,segments/paragraphs/para_6.mp4,estimated-needs-review,"Have them spread out throughout the mobilization - at the front, middle and back of the march, throughout the four quadrants of the rally, etc.","Have people who know what’s happening clearly marked. Have them spread out throughout the mobilization - at the front, middle and back of the march, throughout the four quadrants of the rally, etc. More communication = more information = better access. Provide seating such as folding chairs, mobile bleachers, etc.",Relative clip timestamp = main video word timestamp - segment start timestamp. Estimates are evenly divided and must be replaced with reviewed sign-level annotation timestamps.
258,spread,paragraph,6,6,20,2,226.25,244.5,208,281,227.7708,228.5313,1.5208,2.2813,19.7708,20.5313,segments/sentences/sent_20.mp4,segments/paragraphs/para_6.mp4,estimated-needs-review,"Have them spread out throughout the mobilization - at the front, middle and back of the march, throughout the four quadrants of the rally, etc.","Have people who know what’s happening clearly marked. Have them spread out throughout the mobilization - at the front, middle and back of the march, throughout the four quadrants of the rally, etc. More communication = more information = better access. Provide seating such as folding chairs, mobile bleachers, etc.",Relative clip timestamp = main video word timestamp - segment start timestamp. Estimates are evenly divided and must be replaced with reviewed sign-level annotation timestamps.
259,out,paragraph,6,6,20,3,226.25,244.5,208,281,228.5313,229.2917,2.2813,3.0417,20.5313,21.2917,segments/sentences/sent_20.mp4,segments/paragraphs/para_6.mp4,estimated-needs-review,"Have them spread out throughout the mobilization - at the front, middle and back of the march, throughout the four quadrants of the rally, etc.","Have people who know what’s happening clearly marked. Have them spread out throughout the mobilization - at the front, middle and back of the march, throughout the four quadrants of the rally, etc. More communication = more information = better access. Provide seating such as folding chairs, mobile bleachers, etc.",Relative clip timestamp = main video word timestamp - segment start timestamp. Estimates are evenly divided and must be replaced with reviewed sign-level annotation timestamps.
260,throughout,paragraph,6,6,20,4,226.25,244.5,208,281,229.2917,230.0521,3.0417,3.8021,21.2917,22.0521,segments/sentences/sent_20.mp4,segments/paragraphs/para_6.mp4,estimated-needs-review,"Have them spread out throughout the mobilization - at the front, middle and back of the march, throughout the four quadrants of the rally, etc.","Have people who know what’s happening clearly marked. Have them spread out throughout the mobilization - at the front, middle and back of the march, throughout the four quadrants of the rally, etc. More communication = more information = better access. Provide seating such as folding chairs, mobile bleachers, etc.",Relative clip timestamp = main video word timestamp - segment start timestamp. Estimates are evenly divided and must be replaced with reviewed sign-level annotation timestamps.
261,the,paragraph,6,6,20,5,226.25,244.5,208,281,230.0521,230.8125,3.8021,4.5625,22.0521,22.8125,segments/sentences/sent_20.mp4,segments/paragraphs/para_6.mp4,estimated-needs-review,"Have them spread out throughout the mobilization - at the front, middle and back of the march, throughout the four quadrants of the rally, etc.","Have people who know what’s happening clearly marked. Have them spread out throughout the mobilization - at the front, middle and back of the march, throughout the four quadrants of the rally, etc. More communication = more information = better access. Provide seating such as folding chairs, mobile bleachers, etc.",Relative clip timestamp = main video word timestamp - segment start timestamp. Estimates are evenly divided and must be replaced with reviewed sign-level annotation timestamps.
262,mobilization,paragraph,6,6,20,6,226.25,244.5,208,281,230.8125,231.5729,4.5625,5.3229,22.8125,23.5729,segments/sentences/sent_20.mp4,segments/paragraphs/para_6.mp4,estimated-needs-review,"Have them spread out throughout the mobilization - at the front, middle and back of the march, throughout the four quadrants of the rally, etc.","Have people who know what’s happening clearly marked. Have them spread out throughout the mobilization - at the front, middle and back of the march, throughout the four quadrants of the rally, etc. More communication = more information = better access. Provide seating such as folding chairs, mobile bleachers, etc.",Relative clip timestamp = main video word timestamp - segment start timestamp. Estimates are evenly divided and must be replaced with reviewed sign-level annotation timestamps.
263,at,paragraph,6,6,20,7,226.25,244.5,208,281,231.5729,232.3333,5.3229,6.0833,23.5729,24.3333,segments/sentences/sent_20.mp4,segments/paragraphs/para_6.mp4,estimated-needs-review,"Have them spread out throughout the mobilization - at the front, middle and back of the march, throughout the four quadrants of the rally, etc.","Have people who know what’s happening clearly marked. Have them spread out throughout the mobilization - at the front, middle and back of the march, throughout the four quadrants of the rally, etc. More communication = more information = better access. Provide seating such as folding chairs, mobile bleachers, etc.",Relative clip timestamp = main video word timestamp - segment start timestamp. Estimates are evenly divided and must be replaced with reviewed sign-level annotation timestamps.
264,the,paragraph,6,6,20,8,226.25,244.5,208,281,232.3333,233.0938,6.0833,6.8438,24.3333,25.0938,segments/sentences/sent_20.mp4,segments/paragraphs/para_6.mp4,estimated-needs-review,"Have them spread out throughout the mobilization - at the front, middle and back of the march, throughout the four quadrants of the rally, etc.","Have people who know what’s happening clearly marked. Have them spread out throughout the mobilization - at the front, middle and back of the march, throughout the four quadrants of the rally, etc. More communication = more information = better access. Provide seating such as folding chairs, mobile bleachers, etc.",Relative clip timestamp = main video word timestamp - segment start timestamp. Estimates are evenly divided and must be replaced with reviewed sign-level annotation timestamps.
265,front,paragraph,6,6,20,9,226.25,244.5,208,281,233.0938,233.8542,6.8438,7.6042,25.0938,25.8542,segments/sentences/sent_20.mp4,segments/paragraphs/para_6.mp4,estimated-needs-review,"Have them spread out throughout the mobilization - at the front, middle and back of the march, throughout the four quadrants of the rally, etc.","Have people who know what’s happening clearly marked. Have them spread out throughout the mobilization - at the front, middle and back of the march, throughout the four quadrants of the rally, etc. More communication = more information = better access. Provide seating such as folding chairs, mobile bleachers, etc.",Relative clip timestamp = main video word timestamp - segment start timestamp. Estimates are evenly divided and must be replaced with reviewed sign-level annotation timestamps.
266,middle,paragraph,6,6,20,10,226.25,244.5,208,281,233.8542,234.6146,7.6042,8.3646,25.8542,26.6146,segments/sentences/sent_20.mp4,segments/paragraphs/para_6.mp4,estimated-needs-review,"Have them spread out throughout the mobilization - at the front, middle and back of the march, throughout the four quadrants of the rally, etc.","Have people who know what’s happening clearly marked. Have them spread out throughout the mobilization - at the front, middle and back of the march, throughout the four quadrants of the rally, etc. More communication = more information = better access. Provide seating such as folding chairs, mobile bleachers, etc.",Relative clip timestamp = main video word timestamp - segment start timestamp. Estimates are evenly divided and must be replaced with reviewed sign-level annotation timestamps.
267,and,paragraph,6,6,20,11,226.25,244.5,208,281,234.6146,235.375,8.3646,9.125,26.6146,27.375,segments/sentences/sent_20.mp4,segments/paragraphs/para_6.mp4,estimated-needs-review,"Have them spread out throughout the mobilization - at the front, middle and back of the march, throughout the four quadrants of the rally, etc.","Have people who know what’s happening clearly marked. Have them spread out throughout the mobilization - at the front, middle and back of the march, throughout the four quadrants of the rally, etc. More communication = more information = better access. Provide seating such as folding chairs, mobile bleachers, etc.",Relative clip timestamp = main video word timestamp - segment start timestamp. Estimates are evenly divided and must be replaced with reviewed sign-level annotation timestamps.
268,back,paragraph,6,6,20,12,226.25,244.5,208,281,235.375,236.1354,9.125,9.8854,27.375,28.1354,segments/sentences/sent_20.mp4,segments/paragraphs/para_6.mp4,estimated-needs-review,"Have them spread out throughout the mobilization - at the front, middle and back of the march, throughout the four quadrants of the rally, etc.","Have people who know what’s happening clearly marked. Have them spread out throughout the mobilization - at the front, middle and back of the march, throughout the four quadrants of the rally, etc. More communication = more information = better access. Provide seating such as folding chairs, mobile bleachers, etc.",Relative clip timestamp = main video word timestamp - segment start timestamp. Estimates are evenly divided and must be replaced with reviewed sign-level annotation timestamps.
269,of,paragraph,6,6,20,13,226.25,244.5,208,281,236.1354,236.8958,9.8854,10.6458,28.1354,28.8958,segments/sentences/sent_20.mp4,segments/paragraphs/para_6.mp4,estimated-needs-review,"Have them spread out throughout the mobilization - at the front, middle and back of the march, throughout the four quadrants of the rally, etc.","Have people who know what’s happening clearly marked. Have them spread out throughout the mobilization - at the front, middle and back of the march, throughout the four quadrants of the rally, etc. More communication = more information = better access. Provide seating such as folding chairs, mobile bleachers, etc.",Relative clip timestamp = main video word timestamp - segment start timestamp. Estimates are evenly divided and must be replaced with reviewed sign-level annotation timestamps.
270,the,paragraph,6,6,20,14,226.25,244.5,208,281,236.8958,237.6563,10.6458,11.4063,28.8958,29.6563,segments/sentences/sent_20.mp4,segments/paragraphs/para_6.mp4,estimated-needs-review,"Have them spread out throughout the mobilization - at the front, middle and back of the march, throughout the four quadrants of the rally, etc.","Have people who know what’s happening clearly marked. Have them spread out throughout the mobilization - at the front, middle and back of the march, throughout the four quadrants of the rally, etc. More communication = more information = better access. Provide seating such as folding chairs, mobile bleachers, etc.",Relative clip timestamp = main video word timestamp - segment start timestamp. Estimates are evenly divided and must be replaced with reviewed sign-level annotation timestamps.
271,march,paragraph,6,6,20,15,226.25,244.5,208,281,237.6563,238.4167,11.4063,12.1667,29.6563,30.4167,segments/sentences/sent_20.mp4,segments/paragraphs/para_6.mp4,estimated-needs-review,"Have them spread out throughout the mobilization - at the front, middle and back of the march, throughout the four quadrants of the rally, etc.","Have people who know what’s happening clearly marked. Have them spread out throughout the mobilization - at the front, middle and back of the march, throughout the four quadrants of the rally, etc. More communication = more information = better access. Provide seating such as folding chairs, mobile bleachers, etc.",Relative clip timestamp = main video word timestamp - segment start timestamp. Estimates are evenly divided and must be replaced with reviewed sign-level annotation timestamps.
272,throughout,paragraph,6,6,20,16,226.25,244.5,208,281,238.4167,239.1771,12.1667,12.9271,30.4167,31.1771,segments/sentences/sent_20.mp4,segments/paragraphs/para_6.mp4,estimated-needs-review,"Have them spread out throughout the mobilization - at the front, middle and back of the march, throughout the four quadrants of the rally, etc.","Have people who know what’s happening clearly marked. Have them spread out throughout the mobilization - at the front, middle and back of the march, throughout the four quadrants of the rally, etc. More communication = more information = better access. Provide seating such as folding chairs, mobile bleachers, etc.",Relative clip timestamp = main video word timestamp - segment start timestamp. Estimates are evenly divided and must be replaced with reviewed sign-level annotation timestamps.
273,the,paragraph,6,6,20,17,226.25,244.5,208,281,239.1771,239.9375,12.9271,13.6875,31.1771,31.9375,segments/sentences/sent_20.mp4,segments/paragraphs/para_6.mp4,estimated-needs-review,"Have them spread out throughout the mobilization - at the front, middle and back of the march, throughout the four quadrants of the rally, etc.","Have people who know what’s happening clearly marked. Have them spread out throughout the mobilization - at the front, middle and back of the march, throughout the four quadrants of the rally, etc. More communication = more information = better access. Provide seating such as folding chairs, mobile bleachers, etc.",Relative clip timestamp = main video word timestamp - segment start timestamp. Estimates are evenly divided and must be replaced with reviewed sign-level annotation timestamps.
274,four,paragraph,6,6,20,18,226.25,244.5,208,281,239.9375,240.6979,13.6875,14.4479,31.9375,32.6979,segments/sentences/sent_20.mp4,segments/paragraphs/para_6.mp4,estimated-needs-review,"Have them spread out throughout the mobilization - at the front, middle and back of the march, throughout the four quadrants of the rally, etc.","Have people who know what’s happening clearly marked. Have them spread out throughout the mobilization - at the front, middle and back of the march, throughout the four quadrants of the rally, etc. More communication = more information = better access. Provide seating such as folding chairs, mobile bleachers, etc.",Relative clip timestamp = main video word timestamp - segment start timestamp. Estimates are evenly divided and must be replaced with reviewed sign-level annotation timestamps.
275,quadrants,paragraph,6,6,20,19,226.25,244.5,208,281,240.6979,241.4583,14.4479,15.2083,32.6979,33.4583,segments/sentences/sent_20.mp4,segments/paragraphs/para_6.mp4,estimated-needs-review,"Have them spread out throughout the mobilization - at the front, middle and back of the march, throughout the four quadrants of the rally, etc.","Have people who know what’s happening clearly marked. Have them spread out throughout the mobilization - at the front, middle and back of the march, throughout the four quadrants of the rally, etc. More communication = more information = better access. Provide seating such as folding chairs, mobile bleachers, etc.",Relative clip timestamp = main video word timestamp - segment start timestamp. Estimates are evenly divided and must be replaced with reviewed sign-level annotation timestamps.
276,of,paragraph,6,6,20,20,226.25,244.5,208,281,241.4583,242.2188,15.2083,15.9688,33.4583,34.2188,segments/sentences/sent_20.mp4,segments/paragraphs/para_6.mp4,estimated-needs-review,"Have them spread out throughout the mobilization - at the front, middle and back of the march, throughout the four quadrants of the rally, etc.","Have people who know what’s happening clearly marked. Have them spread out throughout the mobilization - at the front, middle and back of the march, throughout the four quadrants of the rally, etc. More communication = more information = better access. Provide seating such as folding chairs, mobile bleachers, etc.",Relative clip timestamp = main video word timestamp - segment start timestamp. Estimates are evenly divided and must be replaced with reviewed sign-level annotation timestamps.
277,the,paragraph,6,6,20,21,226.25,244.5,208,281,242.2188,242.9792,15.9688,16.7292,34.2188,34.9792,segments/sentences/sent_20.mp4,segments/paragraphs/para_6.mp4,estimated-needs-review,"Have them spread out throughout the mobilization - at the front, middle and back of the march, throughout the four quadrants of the rally, etc.","Have people who know what’s happening clearly marked. Have them spread out throughout the mobilization - at the front, middle and back of the march, throughout the four quadrants of the rally, etc. More communication = more information = better access. Provide seating such as folding chairs, mobile bleachers, etc.",Relative clip timestamp = main video word timestamp - segment start timestamp. Estimates are evenly divided and must be replaced with reviewed sign-level annotation timestamps.
278,rally,paragraph,6,6,20,22,226.25,244.5,208,281,242.9792,243.7396,16.7292,17.4896,34.9792,35.7396,segments/sentences/sent_20.mp4,segments/paragraphs/para_6.mp4,estimated-needs-review,"Have them spread out throughout the mobilization - at the front, middle and back of the march, throughout the four quadrants of the rally, etc.","Have people who know what’s happening clearly marked. Have them spread out throughout the mobilization - at the front, middle and back of the march, throughout the four quadrants of the rally, etc. More communication = more information = better access. Provide seating such as folding chairs, mobile bleachers, etc.",Relative clip timestamp = main video word timestamp - segment start timestamp. Estimates are evenly divided and must be replaced with reviewed sign-level annotation timestamps.
279,etc,paragraph,6,6,20,23,226.25,244.5,208,281,243.7396,244.5,17.4896,18.25,35.7396,36.5,segments/sentences/sent_20.mp4,segments/paragraphs/para_6.mp4,estimated-needs-review,"Have them spread out throughout the mobilization - at the front, middle and back of the march, throughout the four quadrants of the rally, etc.","Have people who know what’s happening clearly marked. Have them spread out throughout the mobilization - at the front, middle and back of the march, throughout the four quadrants of the rally, etc. More communication = more information = better access. Provide seating such as folding chairs, mobile bleachers, etc.",Relative clip timestamp = main video word timestamp - segment start timestamp. Estimates are evenly divided and must be replaced with reviewed sign-level annotation timestamps.
280,more,paragraph,6,6,21,0,244.5,262.75,208,281,244.5,247.5417,0,3.0417,36.5,39.5417,segments/sentences/sent_21.mp4,segments/paragraphs/para_6.mp4,estimated-needs-review,More communication = more information = better access.,"Have people who know what’s happening clearly marked. Have them spread out throughout the mobilization - at the front, middle and back of the march, throughout the four quadrants of the rally, etc. More communication = more information = better access. Provide seating such as folding chairs, mobile bleachers, etc.",Relative clip timestamp = main video word timestamp - segment start timestamp. Estimates are evenly divided and must be replaced with reviewed sign-level annotation timestamps.
281,communication,paragraph,6,6,21,1,244.5,262.75,208,281,247.5417,250.5833,3.0417,6.0833,39.5417,42.5833,segments/sentences/sent_21.mp4,segments/paragraphs/para_6.mp4,estimated-needs-review,More communication = more information = better access.,"Have people who know what’s happening clearly marked. Have them spread out throughout the mobilization - at the front, middle and back of the march, throughout the four quadrants of the rally, etc. More communication = more information = better access. Provide seating such as folding chairs, mobile bleachers, etc.",Relative clip timestamp = main video word timestamp - segment start timestamp. Estimates are evenly divided and must be replaced with reviewed sign-level annotation timestamps.
282,more,paragraph,6,6,21,2,244.5,262.75,208,281,250.5833,253.625,6.0833,9.125,42.5833,45.625,segments/sentences/sent_21.mp4,segments/paragraphs/para_6.mp4,estimated-needs-review,More communication = more information = better access.,"Have people who know what’s happening clearly marked. Have them spread out throughout the mobilization - at the front, middle and back of the march, throughout the four quadrants of the rally, etc. More communication = more information = better access. Provide seating such as folding chairs, mobile bleachers, etc.",Relative clip timestamp = main video word timestamp - segment start timestamp. Estimates are evenly divided and must be replaced with reviewed sign-level annotation timestamps.
283,information,paragraph,6,6,21,3,244.5,262.75,208,281,253.625,256.6667,9.125,12.1667,45.625,48.6667,segments/sentences/sent_21.mp4,segments/paragraphs/para_6.mp4,estimated-needs-review,More communication = more information = better access.,"Have people who know what’s happening clearly marked. Have them spread out throughout the mobilization - at the front, middle and back of the march, throughout the four quadrants of the rally, etc. More communication = more information = better access. Provide seating such as folding chairs, mobile bleachers, etc.",Relative clip timestamp = main video word timestamp - segment start timestamp. Estimates are evenly divided and must be replaced with reviewed sign-level annotation timestamps.
284,better,paragraph,6,6,21,4,244.5,262.75,208,281,256.6667,259.7083,12.1667,15.2083,48.6667,51.7083,segments/sentences/sent_21.mp4,segments/paragraphs/para_6.mp4,estimated-needs-review,More communication = more information = better access.,"Have people who know what’s happening clearly marked. Have them spread out throughout the mobilization - at the front, middle and back of the march, throughout the four quadrants of the rally, etc. More communication = more information = better access. Provide seating such as folding chairs, mobile bleachers, etc.",Relative clip timestamp = main video word timestamp - segment start timestamp. Estimates are evenly divided and must be replaced with reviewed sign-level annotation timestamps.
285,access,paragraph,6,6,21,5,244.5,262.75,208,281,259.7083,262.75,15.2083,18.25,51.7083,54.75,segments/sentences/sent_21.mp4,segments/paragraphs/para_6.mp4,estimated-needs-review,More communication = more information = better access.,"Have people who know what’s happening clearly marked. Have them spread out throughout the mobilization - at the front, middle and back of the march, throughout the four quadrants of the rally, etc. More communication = more information = better access. Provide seating such as folding chairs, mobile bleachers, etc.",Relative clip timestamp = main video word timestamp - segment start timestamp. Estimates are evenly divided and must be replaced with reviewed sign-level annotation timestamps.
286,provide,paragraph,6,6,22,0,262.75,281,208,281,262.75,264.7778,0,2.0278,54.75,56.7778,segments/sentences/sent_22.mp4,segments/paragraphs/para_6.mp4,estimated-needs-review,"Provide seating such as folding chairs, mobile bleachers, etc.","Have people who know what’s happening clearly marked. Have them spread out throughout the mobilization - at the front, middle and back of the march, throughout the four quadrants of the rally, etc. More communication = more information = better access. Provide seating such as folding chairs, mobile bleachers, etc.",Relative clip timestamp = main video word timestamp - segment start timestamp. Estimates are evenly divided and must be replaced with reviewed sign-level annotation timestamps.
287,seating,paragraph,6,6,22,1,262.75,281,208,281,264.7778,266.8056,2.0278,4.0556,56.7778,58.8056,segments/sentences/sent_22.mp4,segments/paragraphs/para_6.mp4,estimated-needs-review,"Provide seating such as folding chairs, mobile bleachers, etc.","Have people who know what’s happening clearly marked. Have them spread out throughout the mobilization - at the front, middle and back of the march, throughout the four quadrants of the rally, etc. More communication = more information = better access. Provide seating such as folding chairs, mobile bleachers, etc.",Relative clip timestamp = main video word timestamp - segment start timestamp. Estimates are evenly divided and must be replaced with reviewed sign-level annotation timestamps.
288,such,paragraph,6,6,22,2,262.75,281,208,281,266.8056,268.8333,4.0556,6.0833,58.8056,60.8333,segments/sentences/sent_22.mp4,segments/paragraphs/para_6.mp4,estimated-needs-review,"Provide seating such as folding chairs, mobile bleachers, etc.","Have people who know what’s happening clearly marked. Have them spread out throughout the mobilization - at the front, middle and back of the march, throughout the four quadrants of the rally, etc. More communication = more information = better access. Provide seating such as folding chairs, mobile bleachers, etc.",Relative clip timestamp = main video word timestamp - segment start timestamp. Estimates are evenly divided and must be replaced with reviewed sign-level annotation timestamps.
289,as,paragraph,6,6,22,3,262.75,281,208,281,268.8333,270.8611,6.0833,8.1111,60.8333,62.8611,segments/sentences/sent_22.mp4,segments/paragraphs/para_6.mp4,estimated-needs-review,"Provide seating such as folding chairs, mobile bleachers, etc.","Have people who know what’s happening clearly marked. Have them spread out throughout the mobilization - at the front, middle and back of the march, throughout the four quadrants of the rally, etc. More communication = more information = better access. Provide seating such as folding chairs, mobile bleachers, etc.",Relative clip timestamp = main video word timestamp - segment start timestamp. Estimates are evenly divided and must be replaced with reviewed sign-level annotation timestamps.
290,folding,paragraph,6,6,22,4,262.75,281,208,281,270.8611,272.8889,8.1111,10.1389,62.8611,64.8889,segments/sentences/sent_22.mp4,segments/paragraphs/para_6.mp4,estimated-needs-review,"Provide seating such as folding chairs, mobile bleachers, etc.","Have people who know what’s happening clearly marked. Have them spread out throughout the mobilization - at the front, middle and back of the march, throughout the four quadrants of the rally, etc. More communication = more information = better access. Provide seating such as folding chairs, mobile bleachers, etc.",Relative clip timestamp = main video word timestamp - segment start timestamp. Estimates are evenly divided and must be replaced with reviewed sign-level annotation timestamps.
291,chairs,paragraph,6,6,22,5,262.75,281,208,281,272.8889,274.9167,10.1389,12.1667,64.8889,66.9167,segments/sentences/sent_22.mp4,segments/paragraphs/para_6.mp4,estimated-needs-review,"Provide seating such as folding chairs, mobile bleachers, etc.","Have people who know what’s happening clearly marked. Have them spread out throughout the mobilization - at the front, middle and back of the march, throughout the four quadrants of the rally, etc. More communication = more information = better access. Provide seating such as folding chairs, mobile bleachers, etc.",Relative clip timestamp = main video word timestamp - segment start timestamp. Estimates are evenly divided and must be replaced with reviewed sign-level annotation timestamps.
292,mobile,paragraph,6,6,22,6,262.75,281,208,281,274.9167,276.9444,12.1667,14.1944,66.9167,68.9444,segments/sentences/sent_22.mp4,segments/paragraphs/para_6.mp4,estimated-needs-review,"Provide seating such as folding chairs, mobile bleachers, etc.","Have people who know what’s happening clearly marked. Have them spread out throughout the mobilization - at the front, middle and back of the march, throughout the four quadrants of the rally, etc. More communication = more information = better access. Provide seating such as folding chairs, mobile bleachers, etc.",Relative clip timestamp = main video word timestamp - segment start timestamp. Estimates are evenly divided and must be replaced with reviewed sign-level annotation timestamps.
293,bleachers,paragraph,6,6,22,7,262.75,281,208,281,276.9444,278.9722,14.1944,16.2222,68.9444,70.9722,segments/sentences/sent_22.mp4,segments/paragraphs/para_6.mp4,estimated-needs-review,"Provide seating such as folding chairs, mobile bleachers, etc.","Have people who know what’s happening clearly marked. Have them spread out throughout the mobilization - at the front, middle and back of the march, throughout the four quadrants of the rally, etc. More communication = more information = better access. Provide seating such as folding chairs, mobile bleachers, etc.",Relative clip timestamp = main video word timestamp - segment start timestamp. Estimates are evenly divided and must be replaced with reviewed sign-level annotation timestamps.
294,etc,paragraph,6,6,22,8,262.75,281,208,281,278.9722,281,16.2222,18.25,70.9722,73,segments/sentences/sent_22.mp4,segments/paragraphs/para_6.mp4,estimated-needs-review,"Provide seating such as folding chairs, mobile bleachers, etc.","Have people who know what’s happening clearly marked. Have them spread out throughout the mobilization - at the front, middle and back of the march, throughout the four quadrants of the rally, etc. More communication = more information = better access. Provide seating such as folding chairs, mobile bleachers, etc.",Relative clip timestamp = main video word timestamp - segment start timestamp. Estimates are evenly divided and must be replaced with reviewed sign-level annotation timestamps.
295,rent,paragraph,7,7,23,0,281,286.75,281,304,281,282.9167,0,1.9167,0,1.9167,segments/sentences/sent_23.mp4,segments/paragraphs/para_7.mp4,estimated-needs-review,Rent walkie-talkies.,"Rent walkie-talkies. Be mindful that police escalation will need to be communicated with participants in a calm manner, and will impact some more than others, particularly Black and brown people, under-documented people, and people with disabilities. Provide seating for rallies/gatherings where people can expect to be standing for any length of time. Announce their location from the mic and explain that they are for people with disabilities, elders, and others who cannot stand for a length of time.",Relative clip timestamp = main video word timestamp - segment start timestamp. Estimates are evenly divided and must be replaced with reviewed sign-level annotation timestamps.
296,walkie,paragraph,7,7,23,1,281,286.75,281,304,282.9167,284.8333,1.9167,3.8333,1.9167,3.8333,segments/sentences/sent_23.mp4,segments/paragraphs/para_7.mp4,estimated-needs-review,Rent walkie-talkies.,"Rent walkie-talkies. Be mindful that police escalation will need to be communicated with participants in a calm manner, and will impact some more than others, particularly Black and brown people, under-documented people, and people with disabilities. Provide seating for rallies/gatherings where people can expect to be standing for any length of time. Announce their location from the mic and explain that they are for people with disabilities, elders, and others who cannot stand for a length of time.",Relative clip timestamp = main video word timestamp - segment start timestamp. Estimates are evenly divided and must be replaced with reviewed sign-level annotation timestamps.
297,talkies,paragraph,7,7,23,2,281,286.75,281,304,284.8333,286.75,3.8333,5.75,3.8333,5.75,segments/sentences/sent_23.mp4,segments/paragraphs/para_7.mp4,estimated-needs-review,Rent walkie-talkies.,"Rent walkie-talkies. Be mindful that police escalation will need to be communicated with participants in a calm manner, and will impact some more than others, particularly Black and brown people, under-documented people, and people with disabilities. Provide seating for rallies/gatherings where people can expect to be standing for any length of time. Announce their location from the mic and explain that they are for people with disabilities, elders, and others who cannot stand for a length of time.",Relative clip timestamp = main video word timestamp - segment start timestamp. Estimates are evenly divided and must be replaced with reviewed sign-level annotation timestamps.
298,be,paragraph,7,7,24,0,286.75,292.5,281,304,286.75,286.9143,0,0.1643,5.75,5.9143,segments/sentences/sent_24.mp4,segments/paragraphs/para_7.mp4,estimated-needs-review,"Be mindful that police escalation will need to be communicated with participants in a calm manner, and will impact some more than others, particularly Black and brown people, under-documented people, and people with disabilities.","Rent walkie-talkies. Be mindful that police escalation will need to be communicated with participants in a calm manner, and will impact some more than others, particularly Black and brown people, under-documented people, and people with disabilities. Provide seating for rallies/gatherings where people can expect to be standing for any length of time. Announce their location from the mic and explain that they are for people with disabilities, elders, and others who cannot stand for a length of time.",Relative clip timestamp = main video word timestamp - segment start timestamp. Estimates are evenly divided and must be replaced with reviewed sign-level annotation timestamps.
299,mindful,paragraph,7,7,24,1,286.75,292.5,281,304,286.9143,287.0786,0.1643,0.3286,5.9143,6.0786,segments/sentences/sent_24.mp4,segments/paragraphs/para_7.mp4,estimated-needs-review,"Be mindful that police escalation will need to be communicated with participants in a calm manner, and will impact some more than others, particularly Black and brown people, under-documented people, and people with disabilities.","Rent walkie-talkies. Be mindful that police escalation will need to be communicated with participants in a calm manner, and will impact some more than others, particularly Black and brown people, under-documented people, and people with disabilities. Provide seating for rallies/gatherings where people can expect to be standing for any length of time. Announce their location from the mic and explain that they are for people with disabilities, elders, and others who cannot stand for a length of time.",Relative clip timestamp = main video word timestamp - segment start timestamp. Estimates are evenly divided and must be replaced with reviewed sign-level annotation timestamps.
300,that,paragraph,7,7,24,2,286.75,292.5,281,304,287.0786,287.2429,0.3286,0.4929,6.0786,6.2429,segments/sentences/sent_24.mp4,segments/paragraphs/para_7.mp4,estimated-needs-review,"Be mindful that police escalation will need to be communicated with participants in a calm manner, and will impact some more than others, particularly Black and brown people, under-documented people, and people with disabilities.","Rent walkie-talkies. Be mindful that police escalation will need to be communicated with participants in a calm manner, and will impact some more than others, particularly Black and brown people, under-documented people, and people with disabilities. Provide seating for rallies/gatherings where people can expect to be standing for any length of time. Announce their location from the mic and explain that they are for people with disabilities, elders, and others who cannot stand for a length of time.",Relative clip timestamp = main video word timestamp - segment start timestamp. Estimates are evenly divided and must be replaced with reviewed sign-level annotation timestamps.
301,police,paragraph,7,7,24,3,286.75,292.5,281,304,287.2429,287.4071,0.4929,0.6571,6.2429,6.4071,segments/sentences/sent_24.mp4,segments/paragraphs/para_7.mp4,estimated-needs-review,"Be mindful that police escalation will need to be communicated with participants in a calm manner, and will impact some more than others, particularly Black and brown people, under-documented people, and people with disabilities.","Rent walkie-talkies. Be mindful that police escalation will need to be communicated with participants in a calm manner, and will impact some more than others, particularly Black and brown people, under-documented people, and people with disabilities. Provide seating for rallies/gatherings where people can expect to be standing for any length of time. Announce their location from the mic and explain that they are for people with disabilities, elders, and others who cannot stand for a length of time.",Relative clip timestamp = main video word timestamp - segment start timestamp. Estimates are evenly divided and must be replaced with reviewed sign-level annotation timestamps.
302,escalation,paragraph,7,7,24,4,286.75,292.5,281,304,287.4071,287.5714,0.6571,0.8214,6.4071,6.5714,segments/sentences/sent_24.mp4,segments/paragraphs/para_7.mp4,estimated-needs-review,"Be mindful that police escalation will need to be communicated with participants in a calm manner, and will impact some more than others, particularly Black and brown people, under-documented people, and people with disabilities.","Rent walkie-talkies. Be mindful that police escalation will need to be communicated with participants in a calm manner, and will impact some more than others, particularly Black and brown people, under-documented people, and people with disabilities. Provide seating for rallies/gatherings where people can expect to be standing for any length of time. Announce their location from the mic and explain that they are for people with disabilities, elders, and others who cannot stand for a length of time.",Relative clip timestamp = main video word timestamp - segment start timestamp. Estimates are evenly divided and must be replaced with reviewed sign-level annotation timestamps.
303,will,paragraph,7,7,24,5,286.75,292.5,281,304,287.5714,287.7357,0.8214,0.9857,6.5714,6.7357,segments/sentences/sent_24.mp4,segments/paragraphs/para_7.mp4,estimated-needs-review,"Be mindful that police escalation will need to be communicated with participants in a calm manner, and will impact some more than others, particularly Black and brown people, under-documented people, and people with disabilities.","Rent walkie-talkies. Be mindful that police escalation will need to be communicated with participants in a calm manner, and will impact some more than others, particularly Black and brown people, under-documented people, and people with disabilities. Provide seating for rallies/gatherings where people can expect to be standing for any length of time. Announce their location from the mic and explain that they are for people with disabilities, elders, and others who cannot stand for a length of time.",Relative clip timestamp = main video word timestamp - segment start timestamp. Estimates are evenly divided and must be replaced with reviewed sign-level annotation timestamps.
304,need,paragraph,7,7,24,6,286.75,292.5,281,304,287.7357,287.9,0.9857,1.15,6.7357,6.9,segments/sentences/sent_24.mp4,segments/paragraphs/para_7.mp4,estimated-needs-review,"Be mindful that police escalation will need to be communicated with participants in a calm manner, and will impact some more than others, particularly Black and brown people, under-documented people, and people with disabilities.","Rent walkie-talkies. Be mindful that police escalation will need to be communicated with participants in a calm manner, and will impact some more than others, particularly Black and brown people, under-documented people, and people with disabilities. Provide seating for rallies/gatherings where people can expect to be standing for any length of time. Announce their location from the mic and explain that they are for people with disabilities, elders, and others who cannot stand for a length of time.",Relative clip timestamp = main video word timestamp - segment start timestamp. Estimates are evenly divided and must be replaced with reviewed sign-level annotation timestamps.
305,to,paragraph,7,7,24,7,286.75,292.5,281,304,287.9,288.0643,1.15,1.3143,6.9,7.0643,segments/sentences/sent_24.mp4,segments/paragraphs/para_7.mp4,estimated-needs-review,"Be mindful that police escalation will need to be communicated with participants in a calm manner, and will impact some more than others, particularly Black and brown people, under-documented people, and people with disabilities.","Rent walkie-talkies. Be mindful that police escalation will need to be communicated with participants in a calm manner, and will impact some more than others, particularly Black and brown people, under-documented people, and people with disabilities. Provide seating for rallies/gatherings where people can expect to be standing for any length of time. Announce their location from the mic and explain that they are for people with disabilities, elders, and others who cannot stand for a length of time.",Relative clip timestamp = main video word timestamp - segment start timestamp. Estimates are evenly divided and must be replaced with reviewed sign-level annotation timestamps.
306,be,paragraph,7,7,24,8,286.75,292.5,281,304,288.0643,288.2286,1.3143,1.4786,7.0643,7.2286,segments/sentences/sent_24.mp4,segments/paragraphs/para_7.mp4,estimated-needs-review,"Be mindful that police escalation will need to be communicated with participants in a calm manner, and will impact some more than others, particularly Black and brown people, under-documented people, and people with disabilities.","Rent walkie-talkies. Be mindful that police escalation will need to be communicated with participants in a calm manner, and will impact some more than others, particularly Black and brown people, under-documented people, and people with disabilities. Provide seating for rallies/gatherings where people can expect to be standing for any length of time. Announce their location from the mic and explain that they are for people with disabilities, elders, and others who cannot stand for a length of time.",Relative clip timestamp = main video word timestamp - segment start timestamp. Estimates are evenly divided and must be replaced with reviewed sign-level annotation timestamps.
307,communicated,paragraph,7,7,24,9,286.75,292.5,281,304,288.2286,288.3929,1.4786,1.6429,7.2286,7.3929,segments/sentences/sent_24.mp4,segments/paragraphs/para_7.mp4,estimated-needs-review,"Be mindful that police escalation will need to be communicated with participants in a calm manner, and will impact some more than others, particularly Black and brown people, under-documented people, and people with disabilities.","Rent walkie-talkies. Be mindful that police escalation will need to be communicated with participants in a calm manner, and will impact some more than others, particularly Black and brown people, under-documented people, and people with disabilities. Provide seating for rallies/gatherings where people can expect to be standing for any length of time. Announce their location from the mic and explain that they are for people with disabilities, elders, and others who cannot stand for a length of time.",Relative clip timestamp = main video word timestamp - segment start timestamp. Estimates are evenly divided and must be replaced with reviewed sign-level annotation timestamps.
308,with,paragraph,7,7,24,10,286.75,292.5,281,304,288.3929,288.5571,1.6429,1.8071,7.3929,7.5571,segments/sentences/sent_24.mp4,segments/paragraphs/para_7.mp4,estimated-needs-review,"Be mindful that police escalation will need to be communicated with participants in a calm manner, and will impact some more than others, particularly Black and brown people, under-documented people, and people with disabilities.","Rent walkie-talkies. Be mindful that police escalation will need to be communicated with participants in a calm manner, and will impact some more than others, particularly Black and brown people, under-documented people, and people with disabilities. Provide seating for rallies/gatherings where people can expect to be standing for any length of time. Announce their location from the mic and explain that they are for people with disabilities, elders, and others who cannot stand for a length of time.",Relative clip timestamp = main video word timestamp - segment start timestamp. Estimates are evenly divided and must be replaced with reviewed sign-level annotation timestamps.
309,participants,paragraph,7,7,24,11,286.75,292.5,281,304,288.5571,288.7214,1.8071,1.9714,7.5571,7.7214,segments/sentences/sent_24.mp4,segments/paragraphs/para_7.mp4,estimated-needs-review,"Be mindful that police escalation will need to be communicated with participants in a calm manner, and will impact some more than others, particularly Black and brown people, under-documented people, and people with disabilities.","Rent walkie-talkies. Be mindful that police escalation will need to be communicated with participants in a calm manner, and will impact some more than others, particularly Black and brown people, under-documented people, and people with disabilities. Provide seating for rallies/gatherings where people can expect to be standing for any length of time. Announce their location from the mic and explain that they are for people with disabilities, elders, and others who cannot stand for a length of time.",Relative clip timestamp = main video word timestamp - segment start timestamp. Estimates are evenly divided and must be replaced with reviewed sign-level annotation timestamps.
310,in,paragraph,7,7,24,12,286.75,292.5,281,304,288.7214,288.8857,1.9714,2.1357,7.7214,7.8857,segments/sentences/sent_24.mp4,segments/paragraphs/para_7.mp4,estimated-needs-review,"Be mindful that police escalation will need to be communicated with participants in a calm manner, and will impact some more than others, particularly Black and brown people, under-documented people, and people with disabilities.","Rent walkie-talkies. Be mindful that police escalation will need to be communicated with participants in a calm manner, and will impact some more than others, particularly Black and brown people, under-documented people, and people with disabilities. Provide seating for rallies/gatherings where people can expect to be standing for any length of time. Announce their location from the mic and explain that they are for people with disabilities, elders, and others who cannot stand for a length of time.",Relative clip timestamp = main video word timestamp - segment start timestamp. Estimates are evenly divided and must be replaced with reviewed sign-level annotation timestamps.
311,a,paragraph,7,7,24,13,286.75,292.5,281,304,288.8857,289.05,2.1357,2.3,7.8857,8.05,segments/sentences/sent_24.mp4,segments/paragraphs/para_7.mp4,estimated-needs-review,"Be mindful that police escalation will need to be communicated with participants in a calm manner, and will impact some more than others, particularly Black and brown people, under-documented people, and people with disabilities.","Rent walkie-talkies. Be mindful that police escalation will need to be communicated with participants in a calm manner, and will impact some more than others, particularly Black and brown people, under-documented people, and people with disabilities. Provide seating for rallies/gatherings where people can expect to be standing for any length of time. Announce their location from the mic and explain that they are for people with disabilities, elders, and others who cannot stand for a length of time.",Relative clip timestamp = main video word timestamp - segment start timestamp. Estimates are evenly divided and must be replaced with reviewed sign-level annotation timestamps.
312,calm,paragraph,7,7,24,14,286.75,292.5,281,304,289.05,289.2143,2.3,2.4643,8.05,8.2143,segments/sentences/sent_24.mp4,segments/paragraphs/para_7.mp4,estimated-needs-review,"Be mindful that police escalation will need to be communicated with participants in a calm manner, and will impact some more than others, particularly Black and brown people, under-documented people, and people with disabilities.","Rent walkie-talkies. Be mindful that police escalation will need to be communicated with participants in a calm manner, and will impact some more than others, particularly Black and brown people, under-documented people, and people with disabilities. Provide seating for rallies/gatherings where people can expect to be standing for any length of time. Announce their location from the mic and explain that they are for people with disabilities, elders, and others who cannot stand for a length of time.",Relative clip timestamp = main video word timestamp - segment start timestamp. Estimates are evenly divided and must be replaced with reviewed sign-level annotation timestamps.
313,manner,paragraph,7,7,24,15,286.75,292.5,281,304,289.2143,289.3786,2.4643,2.6286,8.2143,8.3786,segments/sentences/sent_24.mp4,segments/paragraphs/para_7.mp4,estimated-needs-review,"Be mindful that police escalation will need to be communicated with participants in a calm manner, and will impact some more than others, particularly Black and brown people, under-documented people, and people with disabilities.","Rent walkie-talkies. Be mindful that police escalation will need to be communicated with participants in a calm manner, and will impact some more than others, particularly Black and brown people, under-documented people, and people with disabilities. Provide seating for rallies/gatherings where people can expect to be standing for any length of time. Announce their location from the mic and explain that they are for people with disabilities, elders, and others who cannot stand for a length of time.",Relative clip timestamp = main video word timestamp - segment start timestamp. Estimates are evenly divided and must be replaced with reviewed sign-level annotation timestamps.
314,and,paragraph,7,7,24,16,286.75,292.5,281,304,289.3786,289.5429,2.6286,2.7929,8.3786,8.5429,segments/sentences/sent_24.mp4,segments/paragraphs/para_7.mp4,estimated-needs-review,"Be mindful that police escalation will need to be communicated with participants in a calm manner, and will impact some more than others, particularly Black and brown people, under-documented people, and people with disabilities.","Rent walkie-talkies. Be mindful that police escalation will need to be communicated with participants in a calm manner, and will impact some more than others, particularly Black and brown people, under-documented people, and people with disabilities. Provide seating for rallies/gatherings where people can expect to be standing for any length of time. Announce their location from the mic and explain that they are for people with disabilities, elders, and others who cannot stand for a length of time.",Relative clip timestamp = main video word timestamp - segment start timestamp. Estimates are evenly divided and must be replaced with reviewed sign-level annotation timestamps.
315,will,paragraph,7,7,24,17,286.75,292.5,281,304,289.5429,289.7071,2.7929,2.9571,8.5429,8.7071,segments/sentences/sent_24.mp4,segments/paragraphs/para_7.mp4,estimated-needs-review,"Be mindful that police escalation will need to be communicated with participants in a calm manner, and will impact some more than others, particularly Black and brown people, under-documented people, and people with disabilities.","Rent walkie-talkies. Be mindful that police escalation will need to be communicated with participants in a calm manner, and will impact some more than others, particularly Black and brown people, under-documented people, and people with disabilities. Provide seating for rallies/gatherings where people can expect to be standing for any length of time. Announce their location from the mic and explain that they are for people with disabilities, elders, and others who cannot stand for a length of time.",Relative clip timestamp = main video word timestamp - segment start timestamp. Estimates are evenly divided and must be replaced with reviewed sign-level annotation timestamps.
316,impact,paragraph,7,7,24,18,286.75,292.5,281,304,289.7071,289.8714,2.9571,3.1214,8.7071,8.8714,segments/sentences/sent_24.mp4,segments/paragraphs/para_7.mp4,estimated-needs-review,"Be mindful that police escalation will need to be communicated with participants in a calm manner, and will impact some more than others, particularly Black and brown people, under-documented people, and people with disabilities.","Rent walkie-talkies. Be mindful that police escalation will need to be communicated with participants in a calm manner, and will impact some more than others, particularly Black and brown people, under-documented people, and people with disabilities. Provide seating for rallies/gatherings where people can expect to be standing for any length of time. Announce their location from the mic and explain that they are for people with disabilities, elders, and others who cannot stand for a length of time.",Relative clip timestamp = main video word timestamp - segment start timestamp. Estimates are evenly divided and must be replaced with reviewed sign-level annotation timestamps.
317,some,paragraph,7,7,24,19,286.75,292.5,281,304,289.8714,290.0357,3.1214,3.2857,8.8714,9.0357,segments/sentences/sent_24.mp4,segments/paragraphs/para_7.mp4,estimated-needs-review,"Be mindful that police escalation will need to be communicated with participants in a calm manner, and will impact some more than others, particularly Black and brown people, under-documented people, and people with disabilities.","Rent walkie-talkies. Be mindful that police escalation will need to be communicated with participants in a calm manner, and will impact some more than others, particularly Black and brown people, under-documented people, and people with disabilities. Provide seating for rallies/gatherings where people can expect to be standing for any length of time. Announce their location from the mic and explain that they are for people with disabilities, elders, and others who cannot stand for a length of time.",Relative clip timestamp = main video word timestamp - segment start timestamp. Estimates are evenly divided and must be replaced with reviewed sign-level annotation timestamps.
318,more,paragraph,7,7,24,20,286.75,292.5,281,304,290.0357,290.2,3.2857,3.45,9.0357,9.2,segments/sentences/sent_24.mp4,segments/paragraphs/para_7.mp4,estimated-needs-review,"Be mindful that police escalation will need to be communicated with participants in a calm manner, and will impact some more than others, particularly Black and brown people, under-documented people, and people with disabilities.","Rent walkie-talkies. Be mindful that police escalation will need to be communicated with participants in a calm manner, and will impact some more than others, particularly Black and brown people, under-documented people, and people with disabilities. Provide seating for rallies/gatherings where people can expect to be standing for any length of time. Announce their location from the mic and explain that they are for people with disabilities, elders, and others who cannot stand for a length of time.",Relative clip timestamp = main video word timestamp - segment start timestamp. Estimates are evenly divided and must be replaced with reviewed sign-level annotation timestamps.
319,than,paragraph,7,7,24,21,286.75,292.5,281,304,290.2,290.3643,3.45,3.6143,9.2,9.3643,segments/sentences/sent_24.mp4,segments/paragraphs/para_7.mp4,estimated-needs-review,"Be mindful that police escalation will need to be communicated with participants in a calm manner, and will impact some more than others, particularly Black and brown people, under-documented people, and people with disabilities.","Rent walkie-talkies. Be mindful that police escalation will need to be communicated with participants in a calm manner, and will impact some more than others, particularly Black and brown people, under-documented people, and people with disabilities. Provide seating for rallies/gatherings where people can expect to be standing for any length of time. Announce their location from the mic and explain that they are for people with disabilities, elders, and others who cannot stand for a length of time.",Relative clip timestamp = main video word timestamp - segment start timestamp. Estimates are evenly divided and must be replaced with reviewed sign-level annotation timestamps.
320,others,paragraph,7,7,24,22,286.75,292.5,281,304,290.3643,290.5286,3.6143,3.7786,9.3643,9.5286,segments/sentences/sent_24.mp4,segments/paragraphs/para_7.mp4,estimated-needs-review,"Be mindful that police escalation will need to be communicated with participants in a calm manner, and will impact some more than others, particularly Black and brown people, under-documented people, and people with disabilities.","Rent walkie-talkies. Be mindful that police escalation will need to be communicated with participants in a calm manner, and will impact some more than others, particularly Black and brown people, under-documented people, and people with disabilities. Provide seating for rallies/gatherings where people can expect to be standing for any length of time. Announce their location from the mic and explain that they are for people with disabilities, elders, and others who cannot stand for a length of time.",Relative clip timestamp = main video word timestamp - segment start timestamp. Estimates are evenly divided and must be replaced with reviewed sign-level annotation timestamps.
321,particularly,paragraph,7,7,24,23,286.75,292.5,281,304,290.5286,290.6929,3.7786,3.9429,9.5286,9.6929,segments/sentences/sent_24.mp4,segments/paragraphs/para_7.mp4,estimated-needs-review,"Be mindful that police escalation will need to be communicated with participants in a calm manner, and will impact some more than others, particularly Black and brown people, under-documented people, and people with disabilities.","Rent walkie-talkies. Be mindful that police escalation will need to be communicated with participants in a calm manner, and will impact some more than others, particularly Black and brown people, under-documented people, and people with disabilities. Provide seating for rallies/gatherings where people can expect to be standing for any length of time. Announce their location from the mic and explain that they are for people with disabilities, elders, and others who cannot stand for a length of time.",Relative clip timestamp = main video word timestamp - segment start timestamp. Estimates are evenly divided and must be replaced with reviewed sign-level annotation timestamps.
322,black,paragraph,7,7,24,24,286.75,292.5,281,304,290.6929,290.8571,3.9429,4.1071,9.6929,9.8571,segments/sentences/sent_24.mp4,segments/paragraphs/para_7.mp4,estimated-needs-review,"Be mindful that police escalation will need to be communicated with participants in a calm manner, and will impact some more than others, particularly Black and brown people, under-documented people, and people with disabilities.","Rent walkie-talkies. Be mindful that police escalation will need to be communicated with participants in a calm manner, and will impact some more than others, particularly Black and brown people, under-documented people, and people with disabilities. Provide seating for rallies/gatherings where people can expect to be standing for any length of time. Announce their location from the mic and explain that they are for people with disabilities, elders, and others who cannot stand for a length of time.",Relative clip timestamp = main video word timestamp - segment start timestamp. Estimates are evenly divided and must be replaced with reviewed sign-level annotation timestamps.
323,and,paragraph,7,7,24,25,286.75,292.5,281,304,290.8571,291.0214,4.1071,4.2714,9.8571,10.0214,segments/sentences/sent_24.mp4,segments/paragraphs/para_7.mp4,estimated-needs-review,"Be mindful that police escalation will need to be communicated with participants in a calm manner, and will impact some more than others, particularly Black and brown people, under-documented people, and people with disabilities.","Rent walkie-talkies. Be mindful that police escalation will need to be communicated with participants in a calm manner, and will impact some more than others, particularly Black and brown people, under-documented people, and people with disabilities. Provide seating for rallies/gatherings where people can expect to be standing for any length of time. Announce their location from the mic and explain that they are for people with disabilities, elders, and others who cannot stand for a length of time.",Relative clip timestamp = main video word timestamp - segment start timestamp. Estimates are evenly divided and must be replaced with reviewed sign-level annotation timestamps.
324,brown,paragraph,7,7,24,26,286.75,292.5,281,304,291.0214,291.1857,4.2714,4.4357,10.0214,10.1857,segments/sentences/sent_24.mp4,segments/paragraphs/para_7.mp4,estimated-needs-review,"Be mindful that police escalation will need to be communicated with participants in a calm manner, and will impact some more than others, particularly Black and brown people, under-documented people, and people with disabilities.","Rent walkie-talkies. Be mindful that police escalation will need to be communicated with participants in a calm manner, and will impact some more than others, particularly Black and brown people, under-documented people, and people with disabilities. Provide seating for rallies/gatherings where people can expect to be standing for any length of time. Announce their location from the mic and explain that they are for people with disabilities, elders, and others who cannot stand for a length of time.",Relative clip timestamp = main video word timestamp - segment start timestamp. Estimates are evenly divided and must be replaced with reviewed sign-level annotation timestamps.
325,people,paragraph,7,7,24,27,286.75,292.5,281,304,291.1857,291.35,4.4357,4.6,10.1857,10.35,segments/sentences/sent_24.mp4,segments/paragraphs/para_7.mp4,estimated-needs-review,"Be mindful that police escalation will need to be communicated with participants in a calm manner, and will impact some more than others, particularly Black and brown people, under-documented people, and people with disabilities.","Rent walkie-talkies. Be mindful that police escalation will need to be communicated with participants in a calm manner, and will impact some more than others, particularly Black and brown people, under-documented people, and people with disabilities. Provide seating for rallies/gatherings where people can expect to be standing for any length of time. Announce their location from the mic and explain that they are for people with disabilities, elders, and others who cannot stand for a length of time.",Relative clip timestamp = main video word timestamp - segment start timestamp. Estimates are evenly divided and must be replaced with reviewed sign-level annotation timestamps.
326,under,paragraph,7,7,24,28,286.75,292.5,281,304,291.35,291.5143,4.6,4.7643,10.35,10.5143,segments/sentences/sent_24.mp4,segments/paragraphs/para_7.mp4,estimated-needs-review,"Be mindful that police escalation will need to be communicated with participants in a calm manner, and will impact some more than others, particularly Black and brown people, under-documented people, and people with disabilities.","Rent walkie-talkies. Be mindful that police escalation will need to be communicated with participants in a calm manner, and will impact some more than others, particularly Black and brown people, under-documented people, and people with disabilities. Provide seating for rallies/gatherings where people can expect to be standing for any length of time. Announce their location from the mic and explain that they are for people with disabilities, elders, and others who cannot stand for a length of time.",Relative clip timestamp = main video word timestamp - segment start timestamp. Estimates are evenly divided and must be replaced with reviewed sign-level annotation timestamps.
327,documented,paragraph,7,7,24,29,286.75,292.5,281,304,291.5143,291.6786,4.7643,4.9286,10.5143,10.6786,segments/sentences/sent_24.mp4,segments/paragraphs/para_7.mp4,estimated-needs-review,"Be mindful that police escalation will need to be communicated with participants in a calm manner, and will impact some more than others, particularly Black and brown people, under-documented people, and people with disabilities.","Rent walkie-talkies. Be mindful that police escalation will need to be communicated with participants in a calm manner, and will impact some more than others, particularly Black and brown people, under-documented people, and people with disabilities. Provide seating for rallies/gatherings where people can expect to be standing for any length of time. Announce their location from the mic and explain that they are for people with disabilities, elders, and others who cannot stand for a length of time.",Relative clip timestamp = main video word timestamp - segment start timestamp. Estimates are evenly divided and must be replaced with reviewed sign-level annotation timestamps.
328,people,paragraph,7,7,24,30,286.75,292.5,281,304,291.6786,291.8429,4.9286,5.0929,10.6786,10.8429,segments/sentences/sent_24.mp4,segments/paragraphs/para_7.mp4,estimated-needs-review,"Be mindful that police escalation will need to be communicated with participants in a calm manner, and will impact some more than others, particularly Black and brown people, under-documented people, and people with disabilities.","Rent walkie-talkies. Be mindful that police escalation will need to be communicated with participants in a calm manner, and will impact some more than others, particularly Black and brown people, under-documented people, and people with disabilities. Provide seating for rallies/gatherings where people can expect to be standing for any length of time. Announce their location from the mic and explain that they are for people with disabilities, elders, and others who cannot stand for a length of time.",Relative clip timestamp = main video word timestamp - segment start timestamp. Estimates are evenly divided and must be replaced with reviewed sign-level annotation timestamps.
329,and,paragraph,7,7,24,31,286.75,292.5,281,304,291.8429,292.0071,5.0929,5.2571,10.8429,11.0071,segments/sentences/sent_24.mp4,segments/paragraphs/para_7.mp4,estimated-needs-review,"Be mindful that police escalation will need to be communicated with participants in a calm manner, and will impact some more than others, particularly Black and brown people, under-documented people, and people with disabilities.","Rent walkie-talkies. Be mindful that police escalation will need to be communicated with participants in a calm manner, and will impact some more than others, particularly Black and brown people, under-documented people, and people with disabilities. Provide seating for rallies/gatherings where people can expect to be standing for any length of time. Announce their location from the mic and explain that they are for people with disabilities, elders, and others who cannot stand for a length of time.",Relative clip timestamp = main video word timestamp - segment start timestamp. Estimates are evenly divided and must be replaced with reviewed sign-level annotation timestamps.
330,people,paragraph,7,7,24,32,286.75,292.5,281,304,292.0071,292.1714,5.2571,5.4214,11.0071,11.1714,segments/sentences/sent_24.mp4,segments/paragraphs/para_7.mp4,estimated-needs-review,"Be mindful that police escalation will need to be communicated with participants in a calm manner, and will impact some more than others, particularly Black and brown people, under-documented people, and people with disabilities.","Rent walkie-talkies. Be mindful that police escalation will need to be communicated with participants in a calm manner, and will impact some more than others, particularly Black and brown people, under-documented people, and people with disabilities. Provide seating for rallies/gatherings where people can expect to be standing for any length of time. Announce their location from the mic and explain that they are for people with disabilities, elders, and others who cannot stand for a length of time.",Relative clip timestamp = main video word timestamp - segment start timestamp. Estimates are evenly divided and must be replaced with reviewed sign-level annotation timestamps.
331,with,paragraph,7,7,24,33,286.75,292.5,281,304,292.1714,292.3357,5.4214,5.5857,11.1714,11.3357,segments/sentences/sent_24.mp4,segments/paragraphs/para_7.mp4,estimated-needs-review,"Be mindful that police escalation will need to be communicated with participants in a calm manner, and will impact some more than others, particularly Black and brown people, under-documented people, and people with disabilities.","Rent walkie-talkies. Be mindful that police escalation will need to be communicated with participants in a calm manner, and will impact some more than others, particularly Black and brown people, under-documented people, and people with disabilities. Provide seating for rallies/gatherings where people can expect to be standing for any length of time. Announce their location from the mic and explain that they are for people with disabilities, elders, and others who cannot stand for a length of time.",Relative clip timestamp = main video word timestamp - segment start timestamp. Estimates are evenly divided and must be replaced with reviewed sign-level annotation timestamps.
332,disabilities,paragraph,7,7,24,34,286.75,292.5,281,304,292.3357,292.5,5.5857,5.75,11.3357,11.5,segments/sentences/sent_24.mp4,segments/paragraphs/para_7.mp4,estimated-needs-review,"Be mindful that police escalation will need to be communicated with participants in a calm manner, and will impact some more than others, particularly Black and brown people, under-documented people, and people with disabilities.","Rent walkie-talkies. Be mindful that police escalation will need to be communicated with participants in a calm manner, and will impact some more than others, particularly Black and brown people, under-documented people, and people with disabilities. Provide seating for rallies/gatherings where people can expect to be standing for any length of time. Announce their location from the mic and explain that they are for people with disabilities, elders, and others who cannot stand for a length of time.",Relative clip timestamp = main video word timestamp - segment start timestamp. Estimates are evenly divided and must be replaced with reviewed sign-level annotation timestamps.
333,provide,paragraph,7,7,25,0,292.5,298.25,281,304,292.5,292.8382,0,0.3382,11.5,11.8382,segments/sentences/sent_25.mp4,segments/paragraphs/para_7.mp4,estimated-needs-review,Provide seating for rallies/gatherings where people can expect to be standing for any length of time.,"Rent walkie-talkies. Be mindful that police escalation will need to be communicated with participants in a calm manner, and will impact some more than others, particularly Black and brown people, under-documented people, and people with disabilities. Provide seating for rallies/gatherings where people can expect to be standing for any length of time. Announce their location from the mic and explain that they are for people with disabilities, elders, and others who cannot stand for a length of time.",Relative clip timestamp = main video word timestamp - segment start timestamp. Estimates are evenly divided and must be replaced with reviewed sign-level annotation timestamps.
334,seating,paragraph,7,7,25,1,292.5,298.25,281,304,292.8382,293.1765,0.3382,0.6765,11.8382,12.1765,segments/sentences/sent_25.mp4,segments/paragraphs/para_7.mp4,estimated-needs-review,Provide seating for rallies/gatherings where people can expect to be standing for any length of time.,"Rent walkie-talkies. Be mindful that police escalation will need to be communicated with participants in a calm manner, and will impact some more than others, particularly Black and brown people, under-documented people, and people with disabilities. Provide seating for rallies/gatherings where people can expect to be standing for any length of time. Announce their location from the mic and explain that they are for people with disabilities, elders, and others who cannot stand for a length of time.",Relative clip timestamp = main video word timestamp - segment start timestamp. Estimates are evenly divided and must be replaced with reviewed sign-level annotation timestamps.
335,for,paragraph,7,7,25,2,292.5,298.25,281,304,293.1765,293.5147,0.6765,1.0147,12.1765,12.5147,segments/sentences/sent_25.mp4,segments/paragraphs/para_7.mp4,estimated-needs-review,Provide seating for rallies/gatherings where people can expect to be standing for any length of time.,"Rent walkie-talkies. Be mindful that police escalation will need to be communicated with participants in a calm manner, and will impact some more than others, particularly Black and brown people, under-documented people, and people with disabilities. Provide seating for rallies/gatherings where people can expect to be standing for any length of time. Announce their location from the mic and explain that they are for people with disabilities, elders, and others who cannot stand for a length of time.",Relative clip timestamp = main video word timestamp - segment start timestamp. Estimates are evenly divided and must be replaced with reviewed sign-level annotation timestamps.
336,rallies,paragraph,7,7,25,3,292.5,298.25,281,304,293.5147,293.8529,1.0147,1.3529,12.5147,12.8529,segments/sentences/sent_25.mp4,segments/paragraphs/para_7.mp4,estimated-needs-review,Provide seating for rallies/gatherings where people can expect to be standing for any length of time.,"Rent walkie-talkies. Be mindful that police escalation will need to be communicated with participants in a calm manner, and will impact some more than others, particularly Black and brown people, under-documented people, and people with disabilities. Provide seating for rallies/gatherings where people can expect to be standing for any length of time. Announce their location from the mic and explain that they are for people with disabilities, elders, and others who cannot stand for a length of time.",Relative clip timestamp = main video word timestamp - segment start timestamp. Estimates are evenly divided and must be replaced with reviewed sign-level annotation timestamps.
337,gatherings,paragraph,7,7,25,4,292.5,298.25,281,304,293.8529,294.1912,1.3529,1.6912,12.8529,13.1912,segments/sentences/sent_25.mp4,segments/paragraphs/para_7.mp4,estimated-needs-review,Provide seating for rallies/gatherings where people can expect to be standing for any length of time.,"Rent walkie-talkies. Be mindful that police escalation will need to be communicated with participants in a calm manner, and will impact some more than others, particularly Black and brown people, under-documented people, and people with disabilities. Provide seating for rallies/gatherings where people can expect to be standing for any length of time. Announce their location from the mic and explain that they are for people with disabilities, elders, and others who cannot stand for a length of time.",Relative clip timestamp = main video word timestamp - segment start timestamp. Estimates are evenly divided and must be replaced with reviewed sign-level annotation timestamps.
338,where,paragraph,7,7,25,5,292.5,298.25,281,304,294.1912,294.5294,1.6912,2.0294,13.1912,13.5294,segments/sentences/sent_25.mp4,segments/paragraphs/para_7.mp4,estimated-needs-review,Provide seating for rallies/gatherings where people can expect to be standing for any length of time.,"Rent walkie-talkies. Be mindful that police escalation will need to be communicated with participants in a calm manner, and will impact some more than others, particularly Black and brown people, under-documented people, and people with disabilities. Provide seating for rallies/gatherings where people can expect to be standing for any length of time. Announce their location from the mic and explain that they are for people with disabilities, elders, and others who cannot stand for a length of time.",Relative clip timestamp = main video word timestamp - segment start timestamp. Estimates are evenly divided and must be replaced with reviewed sign-level annotation timestamps.
339,people,paragraph,7,7,25,6,292.5,298.25,281,304,294.5294,294.8676,2.0294,2.3676,13.5294,13.8676,segments/sentences/sent_25.mp4,segments/paragraphs/para_7.mp4,estimated-needs-review,Provide seating for rallies/gatherings where people can expect to be standing for any length of time.,"Rent walkie-talkies. Be mindful that police escalation will need to be communicated with participants in a calm manner, and will impact some more than others, particularly Black and brown people, under-documented people, and people with disabilities. Provide seating for rallies/gatherings where people can expect to be standing for any length of time. Announce their location from the mic and explain that they are for people with disabilities, elders, and others who cannot stand for a length of time.",Relative clip timestamp = main video word timestamp - segment start timestamp. Estimates are evenly divided and must be replaced with reviewed sign-level annotation timestamps.
340,can,paragraph,7,7,25,7,292.5,298.25,281,304,294.8676,295.2059,2.3676,2.7059,13.8676,14.2059,segments/sentences/sent_25.mp4,segments/paragraphs/para_7.mp4,estimated-needs-review,Provide seating for rallies/gatherings where people can expect to be standing for any length of time.,"Rent walkie-talkies. Be mindful that police escalation will need to be communicated with participants in a calm manner, and will impact some more than others, particularly Black and brown people, under-documented people, and people with disabilities. Provide seating for rallies/gatherings where people can expect to be standing for any length of time. Announce their location from the mic and explain that they are for people with disabilities, elders, and others who cannot stand for a length of time.",Relative clip timestamp = main video word timestamp - segment start timestamp. Estimates are evenly divided and must be replaced with reviewed sign-level annotation timestamps.
341,expect,paragraph,7,7,25,8,292.5,298.25,281,304,295.2059,295.5441,2.7059,3.0441,14.2059,14.5441,segments/sentences/sent_25.mp4,segments/paragraphs/para_7.mp4,estimated-needs-review,Provide seating for rallies/gatherings where people can expect to be standing for any length of time.,"Rent walkie-talkies. Be mindful that police escalation will need to be communicated with participants in a calm manner, and will impact some more than others, particularly Black and brown people, under-documented people, and people with disabilities. Provide seating for rallies/gatherings where people can expect to be standing for any length of time. Announce their location from the mic and explain that they are for people with disabilities, elders, and others who cannot stand for a length of time.",Relative clip timestamp = main video word timestamp - segment start timestamp. Estimates are evenly divided and must be replaced with reviewed sign-level annotation timestamps.
342,to,paragraph,7,7,25,9,292.5,298.25,281,304,295.5441,295.8824,3.0441,3.3824,14.5441,14.8824,segments/sentences/sent_25.mp4,segments/paragraphs/para_7.mp4,estimated-needs-review,Provide seating for rallies/gatherings where people can expect to be standing for any length of time.,"Rent walkie-talkies. Be mindful that police escalation will need to be communicated with participants in a calm manner, and will impact some more than others, particularly Black and brown people, under-documented people, and people with disabilities. Provide seating for rallies/gatherings where people can expect to be standing for any length of time. Announce their location from the mic and explain that they are for people with disabilities, elders, and others who cannot stand for a length of time.",Relative clip timestamp = main video word timestamp - segment start timestamp. Estimates are evenly divided and must be replaced with reviewed sign-level annotation timestamps.
343,be,paragraph,7,7,25,10,292.5,298.25,281,304,295.8824,296.2206,3.3824,3.7206,14.8824,15.2206,segments/sentences/sent_25.mp4,segments/paragraphs/para_7.mp4,estimated-needs-review,Provide seating for rallies/gatherings where people can expect to be standing for any length of time.,"Rent walkie-talkies. Be mindful that police escalation will need to be communicated with participants in a calm manner, and will impact some more than others, particularly Black and brown people, under-documented people, and people with disabilities. Provide seating for rallies/gatherings where people can expect to be standing for any length of time. Announce their location from the mic and explain that they are for people with disabilities, elders, and others who cannot stand for a length of time.",Relative clip timestamp = main video word timestamp - segment start timestamp. Estimates are evenly divided and must be replaced with reviewed sign-level annotation timestamps.
344,standing,paragraph,7,7,25,11,292.5,298.25,281,304,296.2206,296.5588,3.7206,4.0588,15.2206,15.5588,segments/sentences/sent_25.mp4,segments/paragraphs/para_7.mp4,estimated-needs-review,Provide seating for rallies/gatherings where people can expect to be standing for any length of time.,"Rent walkie-talkies. Be mindful that police escalation will need to be communicated with participants in a calm manner, and will impact some more than others, particularly Black and brown people, under-documented people, and people with disabilities. Provide seating for rallies/gatherings where people can expect to be standing for any length of time. Announce their location from the mic and explain that they are for people with disabilities, elders, and others who cannot stand for a length of time.",Relative clip timestamp = main video word timestamp - segment start timestamp. Estimates are evenly divided and must be replaced with reviewed sign-level annotation timestamps.
345,for,paragraph,7,7,25,12,292.5,298.25,281,304,296.5588,296.8971,4.0588,4.3971,15.5588,15.8971,segments/sentences/sent_25.mp4,segments/paragraphs/para_7.mp4,estimated-needs-review,Provide seating for rallies/gatherings where people can expect to be standing for any length of time.,"Rent walkie-talkies. Be mindful that police escalation will need to be communicated with participants in a calm manner, and will impact some more than others, particularly Black and brown people, under-documented people, and people with disabilities. Provide seating for rallies/gatherings where people can expect to be standing for any length of time. Announce their location from the mic and explain that they are for people with disabilities, elders, and others who cannot stand for a length of time.",Relative clip timestamp = main video word timestamp - segment start timestamp. Estimates are evenly divided and must be replaced with reviewed sign-level annotation timestamps.
346,any,paragraph,7,7,25,13,292.5,298.25,281,304,296.8971,297.2353,4.3971,4.7353,15.8971,16.2353,segments/sentences/sent_25.mp4,segments/paragraphs/para_7.mp4,estimated-needs-review,Provide seating for rallies/gatherings where people can expect to be standing for any length of time.,"Rent walkie-talkies. Be mindful that police escalation will need to be communicated with participants in a calm manner, and will impact some more than others, particularly Black and brown people, under-documented people, and people with disabilities. Provide seating for rallies/gatherings where people can expect to be standing for any length of time. Announce their location from the mic and explain that they are for people with disabilities, elders, and others who cannot stand for a length of time.",Relative clip timestamp = main video word timestamp - segment start timestamp. Estimates are evenly divided and must be replaced with reviewed sign-level annotation timestamps.
347,length,paragraph,7,7,25,14,292.5,298.25,281,304,297.2353,297.5735,4.7353,5.0735,16.2353,16.5735,segments/sentences/sent_25.mp4,segments/paragraphs/para_7.mp4,estimated-needs-review,Provide seating for rallies/gatherings where people can expect to be standing for any length of time.,"Rent walkie-talkies. Be mindful that police escalation will need to be communicated with participants in a calm manner, and will impact some more than others, particularly Black and brown people, under-documented people, and people with disabilities. Provide seating for rallies/gatherings where people can expect to be standing for any length of time. Announce their location from the mic and explain that they are for people with disabilities, elders, and others who cannot stand for a length of time.",Relative clip timestamp = main video word timestamp - segment start timestamp. Estimates are evenly divided and must be replaced with reviewed sign-level annotation timestamps.
348,of,paragraph,7,7,25,15,292.5,298.25,281,304,297.5735,297.9118,5.0735,5.4118,16.5735,16.9118,segments/sentences/sent_25.mp4,segments/paragraphs/para_7.mp4,estimated-needs-review,Provide seating for rallies/gatherings where people can expect to be standing for any length of time.,"Rent walkie-talkies. Be mindful that police escalation will need to be communicated with participants in a calm manner, and will impact some more than others, particularly Black and brown people, under-documented people, and people with disabilities. Provide seating for rallies/gatherings where people can expect to be standing for any length of time. Announce their location from the mic and explain that they are for people with disabilities, elders, and others who cannot stand for a length of time.",Relative clip timestamp = main video word timestamp - segment start timestamp. Estimates are evenly divided and must be replaced with reviewed sign-level annotation timestamps.
349,time,paragraph,7,7,25,16,292.5,298.25,281,304,297.9118,298.25,5.4118,5.75,16.9118,17.25,segments/sentences/sent_25.mp4,segments/paragraphs/para_7.mp4,estimated-needs-review,Provide seating for rallies/gatherings where people can expect to be standing for any length of time.,"Rent walkie-talkies. Be mindful that police escalation will need to be communicated with participants in a calm manner, and will impact some more than others, particularly Black and brown people, under-documented people, and people with disabilities. Provide seating for rallies/gatherings where people can expect to be standing for any length of time. Announce their location from the mic and explain that they are for people with disabilities, elders, and others who cannot stand for a length of time.",Relative clip timestamp = main video word timestamp - segment start timestamp. Estimates are evenly divided and must be replaced with reviewed sign-level annotation timestamps.
350,announce,paragraph,7,7,26,0,298.25,304,281,304,298.25,298.4712,0,0.2212,17.25,17.4712,segments/sentences/sent_26.mp4,segments/paragraphs/para_7.mp4,estimated-needs-review,"Announce their location from the mic and explain that they are for people with disabilities, elders, and others who cannot stand for a length of time.","Rent walkie-talkies. Be mindful that police escalation will need to be communicated with participants in a calm manner, and will impact some more than others, particularly Black and brown people, under-documented people, and people with disabilities. Provide seating for rallies/gatherings where people can expect to be standing for any length of time. Announce their location from the mic and explain that they are for people with disabilities, elders, and others who cannot stand for a length of time.",Relative clip timestamp = main video word timestamp - segment start timestamp. Estimates are evenly divided and must be replaced with reviewed sign-level annotation timestamps.
351,their,paragraph,7,7,26,1,298.25,304,281,304,298.4712,298.6923,0.2212,0.4423,17.4712,17.6923,segments/sentences/sent_26.mp4,segments/paragraphs/para_7.mp4,estimated-needs-review,"Announce their location from the mic and explain that they are for people with disabilities, elders, and others who cannot stand for a length of time.","Rent walkie-talkies. Be mindful that police escalation will need to be communicated with participants in a calm manner, and will impact some more than others, particularly Black and brown people, under-documented people, and people with disabilities. Provide seating for rallies/gatherings where people can expect to be standing for any length of time. Announce their location from the mic and explain that they are for people with disabilities, elders, and others who cannot stand for a length of time.",Relative clip timestamp = main video word timestamp - segment start timestamp. Estimates are evenly divided and must be replaced with reviewed sign-level annotation timestamps.
352,location,paragraph,7,7,26,2,298.25,304,281,304,298.6923,298.9135,0.4423,0.6635,17.6923,17.9135,segments/sentences/sent_26.mp4,segments/paragraphs/para_7.mp4,estimated-needs-review,"Announce their location from the mic and explain that they are for people with disabilities, elders, and others who cannot stand for a length of time.","Rent walkie-talkies. Be mindful that police escalation will need to be communicated with participants in a calm manner, and will impact some more than others, particularly Black and brown people, under-documented people, and people with disabilities. Provide seating for rallies/gatherings where people can expect to be standing for any length of time. Announce their location from the mic and explain that they are for people with disabilities, elders, and others who cannot stand for a length of time.",Relative clip timestamp = main video word timestamp - segment start timestamp. Estimates are evenly divided and must be replaced with reviewed sign-level annotation timestamps.
353,from,paragraph,7,7,26,3,298.25,304,281,304,298.9135,299.1346,0.6635,0.8846,17.9135,18.1346,segments/sentences/sent_26.mp4,segments/paragraphs/para_7.mp4,estimated-needs-review,"Announce their location from the mic and explain that they are for people with disabilities, elders, and others who cannot stand for a length of time.","Rent walkie-talkies. Be mindful that police escalation will need to be communicated with participants in a calm manner, and will impact some more than others, particularly Black and brown people, under-documented people, and people with disabilities. Provide seating for rallies/gatherings where people can expect to be standing for any length of time. Announce their location from the mic and explain that they are for people with disabilities, elders, and others who cannot stand for a length of time.",Relative clip timestamp = main video word timestamp - segment start timestamp. Estimates are evenly divided and must be replaced with reviewed sign-level annotation timestamps.
354,the,paragraph,7,7,26,4,298.25,304,281,304,299.1346,299.3558,0.8846,1.1058,18.1346,18.3558,segments/sentences/sent_26.mp4,segments/paragraphs/para_7.mp4,estimated-needs-review,"Announce their location from the mic and explain that they are for people with disabilities, elders, and others who cannot stand for a length of time.","Rent walkie-talkies. Be mindful that police escalation will need to be communicated with participants in a calm manner, and will impact some more than others, particularly Black and brown people, under-documented people, and people with disabilities. Provide seating for rallies/gatherings where people can expect to be standing for any length of time. Announce their location from the mic and explain that they are for people with disabilities, elders, and others who cannot stand for a length of time.",Relative clip timestamp = main video word timestamp - segment start timestamp. Estimates are evenly divided and must be replaced with reviewed sign-level annotation timestamps.
355,mic,paragraph,7,7,26,5,298.25,304,281,304,299.3558,299.5769,1.1058,1.3269,18.3558,18.5769,segments/sentences/sent_26.mp4,segments/paragraphs/para_7.mp4,estimated-needs-review,"Announce their location from the mic and explain that they are for people with disabilities, elders, and others who cannot stand for a length of time.","Rent walkie-talkies. Be mindful that police escalation will need to be communicated with participants in a calm manner, and will impact some more than others, particularly Black and brown people, under-documented people, and people with disabilities. Provide seating for rallies/gatherings where people can expect to be standing for any length of time. Announce their location from the mic and explain that they are for people with disabilities, elders, and others who cannot stand for a length of time.",Relative clip timestamp = main video word timestamp - segment start timestamp. Estimates are evenly divided and must be replaced with reviewed sign-level annotation timestamps.
356,and,paragraph,7,7,26,6,298.25,304,281,304,299.5769,299.7981,1.3269,1.5481,18.5769,18.7981,segments/sentences/sent_26.mp4,segments/paragraphs/para_7.mp4,estimated-needs-review,"Announce their location from the mic and explain that they are for people with disabilities, elders, and others who cannot stand for a length of time.","Rent walkie-talkies. Be mindful that police escalation will need to be communicated with participants in a calm manner, and will impact some more than others, particularly Black and brown people, under-documented people, and people with disabilities. Provide seating for rallies/gatherings where people can expect to be standing for any length of time. Announce their location from the mic and explain that they are for people with disabilities, elders, and others who cannot stand for a length of time.",Relative clip timestamp = main video word timestamp - segment start timestamp. Estimates are evenly divided and must be replaced with reviewed sign-level annotation timestamps.
357,explain,paragraph,7,7,26,7,298.25,304,281,304,299.7981,300.0192,1.5481,1.7692,18.7981,19.0192,segments/sentences/sent_26.mp4,segments/paragraphs/para_7.mp4,estimated-needs-review,"Announce their location from the mic and explain that they are for people with disabilities, elders, and others who cannot stand for a length of time.","Rent walkie-talkies. Be mindful that police escalation will need to be communicated with participants in a calm manner, and will impact some more than others, particularly Black and brown people, under-documented people, and people with disabilities. Provide seating for rallies/gatherings where people can expect to be standing for any length of time. Announce their location from the mic and explain that they are for people with disabilities, elders, and others who cannot stand for a length of time.",Relative clip timestamp = main video word timestamp - segment start timestamp. Estimates are evenly divided and must be replaced with reviewed sign-level annotation timestamps.
358,that,paragraph,7,7,26,8,298.25,304,281,304,300.0192,300.2404,1.7692,1.9904,19.0192,19.2404,segments/sentences/sent_26.mp4,segments/paragraphs/para_7.mp4,estimated-needs-review,"Announce their location from the mic and explain that they are for people with disabilities, elders, and others who cannot stand for a length of time.","Rent walkie-talkies. Be mindful that police escalation will need to be communicated with participants in a calm manner, and will impact some more than others, particularly Black and brown people, under-documented people, and people with disabilities. Provide seating for rallies/gatherings where people can expect to be standing for any length of time. Announce their location from the mic and explain that they are for people with disabilities, elders, and others who cannot stand for a length of time.",Relative clip timestamp = main video word timestamp - segment start timestamp. Estimates are evenly divided and must be replaced with reviewed sign-level annotation timestamps.
359,they,paragraph,7,7,26,9,298.25,304,281,304,300.2404,300.4615,1.9904,2.2115,19.2404,19.4615,segments/sentences/sent_26.mp4,segments/paragraphs/para_7.mp4,estimated-needs-review,"Announce their location from the mic and explain that they are for people with disabilities, elders, and others who cannot stand for a length of time.","Rent walkie-talkies. Be mindful that police escalation will need to be communicated with participants in a calm manner, and will impact some more than others, particularly Black and brown people, under-documented people, and people with disabilities. Provide seating for rallies/gatherings where people can expect to be standing for any length of time. Announce their location from the mic and explain that they are for people with disabilities, elders, and others who cannot stand for a length of time.",Relative clip timestamp = main video word timestamp - segment start timestamp. Estimates are evenly divided and must be replaced with reviewed sign-level annotation timestamps.
360,are,paragraph,7,7,26,10,298.25,304,281,304,300.4615,300.6827,2.2115,2.4327,19.4615,19.6827,segments/sentences/sent_26.mp4,segments/paragraphs/para_7.mp4,estimated-needs-review,"Announce their location from the mic and explain that they are for people with disabilities, elders, and others who cannot stand for a length of time.","Rent walkie-talkies. Be mindful that police escalation will need to be communicated with participants in a calm manner, and will impact some more than others, particularly Black and brown people, under-documented people, and people with disabilities. Provide seating for rallies/gatherings where people can expect to be standing for any length of time. Announce their location from the mic and explain that they are for people with disabilities, elders, and others who cannot stand for a length of time.",Relative clip timestamp = main video word timestamp - segment start timestamp. Estimates are evenly divided and must be replaced with reviewed sign-level annotation timestamps.
361,for,paragraph,7,7,26,11,298.25,304,281,304,300.6827,300.9038,2.4327,2.6538,19.6827,19.9038,segments/sentences/sent_26.mp4,segments/paragraphs/para_7.mp4,estimated-needs-review,"Announce their location from the mic and explain that they are for people with disabilities, elders, and others who cannot stand for a length of time.","Rent walkie-talkies. Be mindful that police escalation will need to be communicated with participants in a calm manner, and will impact some more than others, particularly Black and brown people, under-documented people, and people with disabilities. Provide seating for rallies/gatherings where people can expect to be standing for any length of time. Announce their location from the mic and explain that they are for people with disabilities, elders, and others who cannot stand for a length of time.",Relative clip timestamp = main video word timestamp - segment start timestamp. Estimates are evenly divided and must be replaced with reviewed sign-level annotation timestamps.
362,people,paragraph,7,7,26,12,298.25,304,281,304,300.9038,301.125,2.6538,2.875,19.9038,20.125,segments/sentences/sent_26.mp4,segments/paragraphs/para_7.mp4,estimated-needs-review,"Announce their location from the mic and explain that they are for people with disabilities, elders, and others who cannot stand for a length of time.","Rent walkie-talkies. Be mindful that police escalation will need to be communicated with participants in a calm manner, and will impact some more than others, particularly Black and brown people, under-documented people, and people with disabilities. Provide seating for rallies/gatherings where people can expect to be standing for any length of time. Announce their location from the mic and explain that they are for people with disabilities, elders, and others who cannot stand for a length of time.",Relative clip timestamp = main video word timestamp - segment start timestamp. Estimates are evenly divided and must be replaced with reviewed sign-level annotation timestamps.
363,with,paragraph,7,7,26,13,298.25,304,281,304,301.125,301.3462,2.875,3.0962,20.125,20.3462,segments/sentences/sent_26.mp4,segments/paragraphs/para_7.mp4,estimated-needs-review,"Announce their location from the mic and explain that they are for people with disabilities, elders, and others who cannot stand for a length of time.","Rent walkie-talkies. Be mindful that police escalation will need to be communicated with participants in a calm manner, and will impact some more than others, particularly Black and brown people, under-documented people, and people with disabilities. Provide seating for rallies/gatherings where people can expect to be standing for any length of time. Announce their location from the mic and explain that they are for people with disabilities, elders, and others who cannot stand for a length of time.",Relative clip timestamp = main video word timestamp - segment start timestamp. Estimates are evenly divided and must be replaced with reviewed sign-level annotation timestamps.
364,disabilities,paragraph,7,7,26,14,298.25,304,281,304,301.3462,301.5673,3.0962,3.3173,20.3462,20.5673,segments/sentences/sent_26.mp4,segments/paragraphs/para_7.mp4,estimated-needs-review,"Announce their location from the mic and explain that they are for people with disabilities, elders, and others who cannot stand for a length of time.","Rent walkie-talkies. Be mindful that police escalation will need to be communicated with participants in a calm manner, and will impact some more than others, particularly Black and brown people, under-documented people, and people with disabilities. Provide seating for rallies/gatherings where people can expect to be standing for any length of time. Announce their location from the mic and explain that they are for people with disabilities, elders, and others who cannot stand for a length of time.",Relative clip timestamp = main video word timestamp - segment start timestamp. Estimates are evenly divided and must be replaced with reviewed sign-level annotation timestamps.
365,elders,paragraph,7,7,26,15,298.25,304,281,304,301.5673,301.7885,3.3173,3.5385,20.5673,20.7885,segments/sentences/sent_26.mp4,segments/paragraphs/para_7.mp4,estimated-needs-review,"Announce their location from the mic and explain that they are for people with disabilities, elders, and others who cannot stand for a length of time.","Rent walkie-talkies. Be mindful that police escalation will need to be communicated with participants in a calm manner, and will impact some more than others, particularly Black and brown people, under-documented people, and people with disabilities. Provide seating for rallies/gatherings where people can expect to be standing for any length of time. Announce their location from the mic and explain that they are for people with disabilities, elders, and others who cannot stand for a length of time.",Relative clip timestamp = main video word timestamp - segment start timestamp. Estimates are evenly divided and must be replaced with reviewed sign-level annotation timestamps.
366,and,paragraph,7,7,26,16,298.25,304,281,304,301.7885,302.0096,3.5385,3.7596,20.7885,21.0096,segments/sentences/sent_26.mp4,segments/paragraphs/para_7.mp4,estimated-needs-review,"Announce their location from the mic and explain that they are for people with disabilities, elders, and others who cannot stand for a length of time.","Rent walkie-talkies. Be mindful that police escalation will need to be communicated with participants in a calm manner, and will impact some more than others, particularly Black and brown people, under-documented people, and people with disabilities. Provide seating for rallies/gatherings where people can expect to be standing for any length of time. Announce their location from the mic and explain that they are for people with disabilities, elders, and others who cannot stand for a length of time.",Relative clip timestamp = main video word timestamp - segment start timestamp. Estimates are evenly divided and must be replaced with reviewed sign-level annotation timestamps.
367,others,paragraph,7,7,26,17,298.25,304,281,304,302.0096,302.2308,3.7596,3.9808,21.0096,21.2308,segments/sentences/sent_26.mp4,segments/paragraphs/para_7.mp4,estimated-needs-review,"Announce their location from the mic and explain that they are for people with disabilities, elders, and others who cannot stand for a length of time.","Rent walkie-talkies. Be mindful that police escalation will need to be communicated with participants in a calm manner, and will impact some more than others, particularly Black and brown people, under-documented people, and people with disabilities. Provide seating for rallies/gatherings where people can expect to be standing for any length of time. Announce their location from the mic and explain that they are for people with disabilities, elders, and others who cannot stand for a length of time.",Relative clip timestamp = main video word timestamp - segment start timestamp. Estimates are evenly divided and must be replaced with reviewed sign-level annotation timestamps.
368,who,paragraph,7,7,26,18,298.25,304,281,304,302.2308,302.4519,3.9808,4.2019,21.2308,21.4519,segments/sentences/sent_26.mp4,segments/paragraphs/para_7.mp4,estimated-needs-review,"Announce their location from the mic and explain that they are for people with disabilities, elders, and others who cannot stand for a length of time.","Rent walkie-talkies. Be mindful that police escalation will need to be communicated with participants in a calm manner, and will impact some more than others, particularly Black and brown people, under-documented people, and people with disabilities. Provide seating for rallies/gatherings where people can expect to be standing for any length of time. Announce their location from the mic and explain that they are for people with disabilities, elders, and others who cannot stand for a length of time.",Relative clip timestamp = main video word timestamp - segment start timestamp. Estimates are evenly divided and must be replaced with reviewed sign-level annotation timestamps.
369,cannot,paragraph,7,7,26,19,298.25,304,281,304,302.4519,302.6731,4.2019,4.4231,21.4519,21.6731,segments/sentences/sent_26.mp4,segments/paragraphs/para_7.mp4,estimated-needs-review,"Announce their location from the mic and explain that they are for people with disabilities, elders, and others who cannot stand for a length of time.","Rent walkie-talkies. Be mindful that police escalation will need to be communicated with participants in a calm manner, and will impact some more than others, particularly Black and brown people, under-documented people, and people with disabilities. Provide seating for rallies/gatherings where people can expect to be standing for any length of time. Announce their location from the mic and explain that they are for people with disabilities, elders, and others who cannot stand for a length of time.",Relative clip timestamp = main video word timestamp - segment start timestamp. Estimates are evenly divided and must be replaced with reviewed sign-level annotation timestamps.
370,stand,paragraph,7,7,26,20,298.25,304,281,304,302.6731,302.8942,4.4231,4.6442,21.6731,21.8942,segments/sentences/sent_26.mp4,segments/paragraphs/para_7.mp4,estimated-needs-review,"Announce their location from the mic and explain that they are for people with disabilities, elders, and others who cannot stand for a length of time.","Rent walkie-talkies. Be mindful that police escalation will need to be communicated with participants in a calm manner, and will impact some more than others, particularly Black and brown people, under-documented people, and people with disabilities. Provide seating for rallies/gatherings where people can expect to be standing for any length of time. Announce their location from the mic and explain that they are for people with disabilities, elders, and others who cannot stand for a length of time.",Relative clip timestamp = main video word timestamp - segment start timestamp. Estimates are evenly divided and must be replaced with reviewed sign-level annotation timestamps.
371,for,paragraph,7,7,26,21,298.25,304,281,304,302.8942,303.1154,4.6442,4.8654,21.8942,22.1154,segments/sentences/sent_26.mp4,segments/paragraphs/para_7.mp4,estimated-needs-review,"Announce their location from the mic and explain that they are for people with disabilities, elders, and others who cannot stand for a length of time.","Rent walkie-talkies. Be mindful that police escalation will need to be communicated with participants in a calm manner, and will impact some more than others, particularly Black and brown people, under-documented people, and people with disabilities. Provide seating for rallies/gatherings where people can expect to be standing for any length of time. Announce their location from the mic and explain that they are for people with disabilities, elders, and others who cannot stand for a length of time.",Relative clip timestamp = main video word timestamp - segment start timestamp. Estimates are evenly divided and must be replaced with reviewed sign-level annotation timestamps.
372,a,paragraph,7,7,26,22,298.25,304,281,304,303.1154,303.3365,4.8654,5.0865,22.1154,22.3365,segments/sentences/sent_26.mp4,segments/paragraphs/para_7.mp4,estimated-needs-review,"Announce their location from the mic and explain that they are for people with disabilities, elders, and others who cannot stand for a length of time.","Rent walkie-talkies. Be mindful that police escalation will need to be communicated with participants in a calm manner, and will impact some more than others, particularly Black and brown people, under-documented people, and people with disabilities. Provide seating for rallies/gatherings where people can expect to be standing for any length of time. Announce their location from the mic and explain that they are for people with disabilities, elders, and others who cannot stand for a length of time.",Relative clip timestamp = main video word timestamp - segment start timestamp. Estimates are evenly divided and must be replaced with reviewed sign-level annotation timestamps.
373,length,paragraph,7,7,26,23,298.25,304,281,304,303.3365,303.5577,5.0865,5.3077,22.3365,22.5577,segments/sentences/sent_26.mp4,segments/paragraphs/para_7.mp4,estimated-needs-review,"Announce their location from the mic and explain that they are for people with disabilities, elders, and others who cannot stand for a length of time.","Rent walkie-talkies. Be mindful that police escalation will need to be communicated with participants in a calm manner, and will impact some more than others, particularly Black and brown people, under-documented people, and people with disabilities. Provide seating for rallies/gatherings where people can expect to be standing for any length of time. Announce their location from the mic and explain that they are for people with disabilities, elders, and others who cannot stand for a length of time.",Relative clip timestamp = main video word timestamp - segment start timestamp. Estimates are evenly divided and must be replaced with reviewed sign-level annotation timestamps.
374,of,paragraph,7,7,26,24,298.25,304,281,304,303.5577,303.7788,5.3077,5.5288,22.5577,22.7788,segments/sentences/sent_26.mp4,segments/paragraphs/para_7.mp4,estimated-needs-review,"Announce their location from the mic and explain that they are for people with disabilities, elders, and others who cannot stand for a length of time.","Rent walkie-talkies. Be mindful that police escalation will need to be communicated with participants in a calm manner, and will impact some more than others, particularly Black and brown people, under-documented people, and people with disabilities. Provide seating for rallies/gatherings where people can expect to be standing for any length of time. Announce their location from the mic and explain that they are for people with disabilities, elders, and others who cannot stand for a length of time.",Relative clip timestamp = main video word timestamp - segment start timestamp. Estimates are evenly divided and must be replaced with reviewed sign-level annotation timestamps.
375,time,paragraph,7,7,26,25,298.25,304,281,304,303.7788,304,5.5288,5.75,22.7788,23,segments/sentences/sent_26.mp4,segments/paragraphs/para_7.mp4,estimated-needs-review,"Announce their location from the mic and explain that they are for people with disabilities, elders, and others who cannot stand for a length of time.","Rent walkie-talkies. Be mindful that police escalation will need to be communicated with participants in a calm manner, and will impact some more than others, particularly Black and brown people, under-documented people, and people with disabilities. Provide seating for rallies/gatherings where people can expect to be standing for any length of time. Announce their location from the mic and explain that they are for people with disabilities, elders, and others who cannot stand for a length of time.",Relative clip timestamp = main video word timestamp - segment start timestamp. Estimates are evenly divided and must be replaced with reviewed sign-level annotation timestamps.
376,it,paragraph,8,8,27,0,304,315,304,359,304,304.6471,0,0.6471,0,0.6471,segments/sentences/sent_27.mp4,segments/paragraphs/para_8.mp4,estimated-needs-review,It is also useful to create an area for D/deaf people to sit together near the interpreter.,"It is also useful to create an area for D/deaf people to sit together near the interpreter. At a march, do a run-through of the route with mobility in mind ahead of time. Keep an eye out for metal grates, grassy areas, hills, holes, cracks or curbs that will be hard for wheelchairs or scooters. Invite people with disabilities to set the pace of the march by leading it. Let people know that this is happening.",Relative clip timestamp = main video word timestamp - segment start timestamp. Estimates are evenly divided and must be replaced with reviewed sign-level annotation timestamps.
377,is,paragraph,8,8,27,1,304,315,304,359,304.6471,305.2941,0.6471,1.2941,0.6471,1.2941,segments/sentences/sent_27.mp4,segments/paragraphs/para_8.mp4,estimated-needs-review,It is also useful to create an area for D/deaf people to sit together near the interpreter.,"It is also useful to create an area for D/deaf people to sit together near the interpreter. At a march, do a run-through of the route with mobility in mind ahead of time. Keep an eye out for metal grates, grassy areas, hills, holes, cracks or curbs that will be hard for wheelchairs or scooters. Invite people with disabilities to set the pace of the march by leading it. Let people know that this is happening.",Relative clip timestamp = main video word timestamp - segment start timestamp. Estimates are evenly divided and must be replaced with reviewed sign-level annotation timestamps.
378,also,paragraph,8,8,27,2,304,315,304,359,305.2941,305.9412,1.2941,1.9412,1.2941,1.9412,segments/sentences/sent_27.mp4,segments/paragraphs/para_8.mp4,estimated-needs-review,It is also useful to create an area for D/deaf people to sit together near the interpreter.,"It is also useful to create an area for D/deaf people to sit together near the interpreter. At a march, do a run-through of the route with mobility in mind ahead of time. Keep an eye out for metal grates, grassy areas, hills, holes, cracks or curbs that will be hard for wheelchairs or scooters. Invite people with disabilities to set the pace of the march by leading it. Let people know that this is happening.",Relative clip timestamp = main video word timestamp - segment start timestamp. Estimates are evenly divided and must be replaced with reviewed sign-level annotation timestamps.
379,useful,paragraph,8,8,27,3,304,315,304,359,305.9412,306.5882,1.9412,2.5882,1.9412,2.5882,segments/sentences/sent_27.mp4,segments/paragraphs/para_8.mp4,estimated-needs-review,It is also useful to create an area for D/deaf people to sit together near the interpreter.,"It is also useful to create an area for D/deaf people to sit together near the interpreter. At a march, do a run-through of the route with mobility in mind ahead of time. Keep an eye out for metal grates, grassy areas, hills, holes, cracks or curbs that will be hard for wheelchairs or scooters. Invite people with disabilities to set the pace of the march by leading it. Let people know that this is happening.",Relative clip timestamp = main video word timestamp - segment start timestamp. Estimates are evenly divided and must be replaced with reviewed sign-level annotation timestamps.
380,to,paragraph,8,8,27,4,304,315,304,359,306.5882,307.2353,2.5882,3.2353,2.5882,3.2353,segments/sentences/sent_27.mp4,segments/paragraphs/para_8.mp4,estimated-needs-review,It is also useful to create an area for D/deaf people to sit together near the interpreter.,"It is also useful to create an area for D/deaf people to sit together near the interpreter. At a march, do a run-through of the route with mobility in mind ahead of time. Keep an eye out for metal grates, grassy areas, hills, holes, cracks or curbs that will be hard for wheelchairs or scooters. Invite people with disabilities to set the pace of the march by leading it. Let people know that this is happening.",Relative clip timestamp = main video word timestamp - segment start timestamp. Estimates are evenly divided and must be replaced with reviewed sign-level annotation timestamps.
381,create,paragraph,8,8,27,5,304,315,304,359,307.2353,307.8824,3.2353,3.8824,3.2353,3.8824,segments/sentences/sent_27.mp4,segments/paragraphs/para_8.mp4,estimated-needs-review,It is also useful to create an area for D/deaf people to sit together near the interpreter.,"It is also useful to create an area for D/deaf people to sit together near the interpreter. At a march, do a run-through of the route with mobility in mind ahead of time. Keep an eye out for metal grates, grassy areas, hills, holes, cracks or curbs that will be hard for wheelchairs or scooters. Invite people with disabilities to set the pace of the march by leading it. Let people know that this is happening.",Relative clip timestamp = main video word timestamp - segment start timestamp. Estimates are evenly divided and must be replaced with reviewed sign-level annotation timestamps.
382,an,paragraph,8,8,27,6,304,315,304,359,307.8824,308.5294,3.8824,4.5294,3.8824,4.5294,segments/sentences/sent_27.mp4,segments/paragraphs/para_8.mp4,estimated-needs-review,It is also useful to create an area for D/deaf people to sit together near the interpreter.,"It is also useful to create an area for D/deaf people to sit together near the interpreter. At a march, do a run-through of the route with mobility in mind ahead of time. Keep an eye out for metal grates, grassy areas, hills, holes, cracks or curbs that will be hard for wheelchairs or scooters. Invite people with disabilities to set the pace of the march by leading it. Let people know that this is happening.",Relative clip timestamp = main video word timestamp - segment start timestamp. Estimates are evenly divided and must be replaced with reviewed sign-level annotation timestamps.
383,area,paragraph,8,8,27,7,304,315,304,359,308.5294,309.1765,4.5294,5.1765,4.5294,5.1765,segments/sentences/sent_27.mp4,segments/paragraphs/para_8.mp4,estimated-needs-review,It is also useful to create an area for D/deaf people to sit together near the interpreter.,"It is also useful to create an area for D/deaf people to sit together near the interpreter. At a march, do a run-through of the route with mobility in mind ahead of time. Keep an eye out for metal grates, grassy areas, hills, holes, cracks or curbs that will be hard for wheelchairs or scooters. Invite people with disabilities to set the pace of the march by leading it. Let people know that this is happening.",Relative clip timestamp = main video word timestamp - segment start timestamp. Estimates are evenly divided and must be replaced with reviewed sign-level annotation timestamps.
384,for,paragraph,8,8,27,8,304,315,304,359,309.1765,309.8235,5.1765,5.8235,5.1765,5.8235,segments/sentences/sent_27.mp4,segments/paragraphs/para_8.mp4,estimated-needs-review,It is also useful to create an area for D/deaf people to sit together near the interpreter.,"It is also useful to create an area for D/deaf people to sit together near the interpreter. At a march, do a run-through of the route with mobility in mind ahead of time. Keep an eye out for metal grates, grassy areas, hills, holes, cracks or curbs that will be hard for wheelchairs or scooters. Invite people with disabilities to set the pace of the march by leading it. Let people know that this is happening.",Relative clip timestamp = main video word timestamp - segment start timestamp. Estimates are evenly divided and must be replaced with reviewed sign-level annotation timestamps.
385,deaf,paragraph,8,8,27,9,304,315,304,359,309.8235,310.4706,5.8235,6.4706,5.8235,6.4706,segments/sentences/sent_27.mp4,segments/paragraphs/para_8.mp4,estimated-needs-review,It is also useful to create an area for D/deaf people to sit together near the interpreter.,"It is also useful to create an area for D/deaf people to sit together near the interpreter. At a march, do a run-through of the route with mobility in mind ahead of time. Keep an eye out for metal grates, grassy areas, hills, holes, cracks or curbs that will be hard for wheelchairs or scooters. Invite people with disabilities to set the pace of the march by leading it. Let people know that this is happening.",Relative clip timestamp = main video word timestamp - segment start timestamp. Estimates are evenly divided and must be replaced with reviewed sign-level annotation timestamps.
386,people,paragraph,8,8,27,10,304,315,304,359,310.4706,311.1176,6.4706,7.1176,6.4706,7.1176,segments/sentences/sent_27.mp4,segments/paragraphs/para_8.mp4,estimated-needs-review,It is also useful to create an area for D/deaf people to sit together near the interpreter.,"It is also useful to create an area for D/deaf people to sit together near the interpreter. At a march, do a run-through of the route with mobility in mind ahead of time. Keep an eye out for metal grates, grassy areas, hills, holes, cracks or curbs that will be hard for wheelchairs or scooters. Invite people with disabilities to set the pace of the march by leading it. Let people know that this is happening.",Relative clip timestamp = main video word timestamp - segment start timestamp. Estimates are evenly divided and must be replaced with reviewed sign-level annotation timestamps.
387,to,paragraph,8,8,27,11,304,315,304,359,311.1176,311.7647,7.1176,7.7647,7.1176,7.7647,segments/sentences/sent_27.mp4,segments/paragraphs/para_8.mp4,estimated-needs-review,It is also useful to create an area for D/deaf people to sit together near the interpreter.,"It is also useful to create an area for D/deaf people to sit together near the interpreter. At a march, do a run-through of the route with mobility in mind ahead of time. Keep an eye out for metal grates, grassy areas, hills, holes, cracks or curbs that will be hard for wheelchairs or scooters. Invite people with disabilities to set the pace of the march by leading it. Let people know that this is happening.",Relative clip timestamp = main video word timestamp - segment start timestamp. Estimates are evenly divided and must be replaced with reviewed sign-level annotation timestamps.
388,sit,paragraph,8,8,27,12,304,315,304,359,311.7647,312.4118,7.7647,8.4118,7.7647,8.4118,segments/sentences/sent_27.mp4,segments/paragraphs/para_8.mp4,estimated-needs-review,It is also useful to create an area for D/deaf people to sit together near the interpreter.,"It is also useful to create an area for D/deaf people to sit together near the interpreter. At a march, do a run-through of the route with mobility in mind ahead of time. Keep an eye out for metal grates, grassy areas, hills, holes, cracks or curbs that will be hard for wheelchairs or scooters. Invite people with disabilities to set the pace of the march by leading it. Let people know that this is happening.",Relative clip timestamp = main video word timestamp - segment start timestamp. Estimates are evenly divided and must be replaced with reviewed sign-level annotation timestamps.
389,together,paragraph,8,8,27,13,304,315,304,359,312.4118,313.0588,8.4118,9.0588,8.4118,9.0588,segments/sentences/sent_27.mp4,segments/paragraphs/para_8.mp4,estimated-needs-review,It is also useful to create an area for D/deaf people to sit together near the interpreter.,"It is also useful to create an area for D/deaf people to sit together near the interpreter. At a march, do a run-through of the route with mobility in mind ahead of time. Keep an eye out for metal grates, grassy areas, hills, holes, cracks or curbs that will be hard for wheelchairs or scooters. Invite people with disabilities to set the pace of the march by leading it. Let people know that this is happening.",Relative clip timestamp = main video word timestamp - segment start timestamp. Estimates are evenly divided and must be replaced with reviewed sign-level annotation timestamps.
390,near,paragraph,8,8,27,14,304,315,304,359,313.0588,313.7059,9.0588,9.7059,9.0588,9.7059,segments/sentences/sent_27.mp4,segments/paragraphs/para_8.mp4,estimated-needs-review,It is also useful to create an area for D/deaf people to sit together near the interpreter.,"It is also useful to create an area for D/deaf people to sit together near the interpreter. At a march, do a run-through of the route with mobility in mind ahead of time. Keep an eye out for metal grates, grassy areas, hills, holes, cracks or curbs that will be hard for wheelchairs or scooters. Invite people with disabilities to set the pace of the march by leading it. Let people know that this is happening.",Relative clip timestamp = main video word timestamp - segment start timestamp. Estimates are evenly divided and must be replaced with reviewed sign-level annotation timestamps.
391,the,paragraph,8,8,27,15,304,315,304,359,313.7059,314.3529,9.7059,10.3529,9.7059,10.3529,segments/sentences/sent_27.mp4,segments/paragraphs/para_8.mp4,estimated-needs-review,It is also useful to create an area for D/deaf people to sit together near the interpreter.,"It is also useful to create an area for D/deaf people to sit together near the interpreter. At a march, do a run-through of the route with mobility in mind ahead of time. Keep an eye out for metal grates, grassy areas, hills, holes, cracks or curbs that will be hard for wheelchairs or scooters. Invite people with disabilities to set the pace of the march by leading it. Let people know that this is happening.",Relative clip timestamp = main video word timestamp - segment start timestamp. Estimates are evenly divided and must be replaced with reviewed sign-level annotation timestamps.
392,interpreter,paragraph,8,8,27,16,304,315,304,359,314.3529,315,10.3529,11,10.3529,11,segments/sentences/sent_27.mp4,segments/paragraphs/para_8.mp4,estimated-needs-review,It is also useful to create an area for D/deaf people to sit together near the interpreter.,"It is also useful to create an area for D/deaf people to sit together near the interpreter. At a march, do a run-through of the route with mobility in mind ahead of time. Keep an eye out for metal grates, grassy areas, hills, holes, cracks or curbs that will be hard for wheelchairs or scooters. Invite people with disabilities to set the pace of the march by leading it. Let people know that this is happening.",Relative clip timestamp = main video word timestamp - segment start timestamp. Estimates are evenly divided and must be replaced with reviewed sign-level annotation timestamps.
393,at,paragraph,8,8,28,0,315,326,304,359,315,315.6471,0,0.6471,11,11.6471,segments/sentences/sent_28.mp4,segments/paragraphs/para_8.mp4,estimated-needs-review,"At a march, do a run-through of the route with mobility in mind ahead of time.","It is also useful to create an area for D/deaf people to sit together near the interpreter. At a march, do a run-through of the route with mobility in mind ahead of time. Keep an eye out for metal grates, grassy areas, hills, holes, cracks or curbs that will be hard for wheelchairs or scooters. Invite people with disabilities to set the pace of the march by leading it. Let people know that this is happening.",Relative clip timestamp = main video word timestamp - segment start timestamp. Estimates are evenly divided and must be replaced with reviewed sign-level annotation timestamps.
394,a,paragraph,8,8,28,1,315,326,304,359,315.6471,316.2941,0.6471,1.2941,11.6471,12.2941,segments/sentences/sent_28.mp4,segments/paragraphs/para_8.mp4,estimated-needs-review,"At a march, do a run-through of the route with mobility in mind ahead of time.","It is also useful to create an area for D/deaf people to sit together near the interpreter. At a march, do a run-through of the route with mobility in mind ahead of time. Keep an eye out for metal grates, grassy areas, hills, holes, cracks or curbs that will be hard for wheelchairs or scooters. Invite people with disabilities to set the pace of the march by leading it. Let people know that this is happening.",Relative clip timestamp = main video word timestamp - segment start timestamp. Estimates are evenly divided and must be replaced with reviewed sign-level annotation timestamps.
395,march,paragraph,8,8,28,2,315,326,304,359,316.2941,316.9412,1.2941,1.9412,12.2941,12.9412,segments/sentences/sent_28.mp4,segments/paragraphs/para_8.mp4,estimated-needs-review,"At a march, do a run-through of the route with mobility in mind ahead of time.","It is also useful to create an area for D/deaf people to sit together near the interpreter. At a march, do a run-through of the route with mobility in mind ahead of time. Keep an eye out for metal grates, grassy areas, hills, holes, cracks or curbs that will be hard for wheelchairs or scooters. Invite people with disabilities to set the pace of the march by leading it. Let people know that this is happening.",Relative clip timestamp = main video word timestamp - segment start timestamp. Estimates are evenly divided and must be replaced with reviewed sign-level annotation timestamps.
396,do,paragraph,8,8,28,3,315,326,304,359,316.9412,317.5882,1.9412,2.5882,12.9412,13.5882,segments/sentences/sent_28.mp4,segments/paragraphs/para_8.mp4,estimated-needs-review,"At a march, do a run-through of the route with mobility in mind ahead of time.","It is also useful to create an area for D/deaf people to sit together near the interpreter. At a march, do a run-through of the route with mobility in mind ahead of time. Keep an eye out for metal grates, grassy areas, hills, holes, cracks or curbs that will be hard for wheelchairs or scooters. Invite people with disabilities to set the pace of the march by leading it. Let people know that this is happening.",Relative clip timestamp = main video word timestamp - segment start timestamp. Estimates are evenly divided and must be replaced with reviewed sign-level annotation timestamps.
397,a,paragraph,8,8,28,4,315,326,304,359,317.5882,318.2353,2.5882,3.2353,13.5882,14.2353,segments/sentences/sent_28.mp4,segments/paragraphs/para_8.mp4,estimated-needs-review,"At a march, do a run-through of the route with mobility in mind ahead of time.","It is also useful to create an area for D/deaf people to sit together near the interpreter. At a march, do a run-through of the route with mobility in mind ahead of time. Keep an eye out for metal grates, grassy areas, hills, holes, cracks or curbs that will be hard for wheelchairs or scooters. Invite people with disabilities to set the pace of the march by leading it. Let people know that this is happening.",Relative clip timestamp = main video word timestamp - segment start timestamp. Estimates are evenly divided and must be replaced with reviewed sign-level annotation timestamps.
398,run,paragraph,8,8,28,5,315,326,304,359,318.2353,318.8824,3.2353,3.8824,14.2353,14.8824,segments/sentences/sent_28.mp4,segments/paragraphs/para_8.mp4,estimated-needs-review,"At a march, do a run-through of the route with mobility in mind ahead of time.","It is also useful to create an area for D/deaf people to sit together near the interpreter. At a march, do a run-through of the route with mobility in mind ahead of time. Keep an eye out for metal grates, grassy areas, hills, holes, cracks or curbs that will be hard for wheelchairs or scooters. Invite people with disabilities to set the pace of the march by leading it. Let people know that this is happening.",Relative clip timestamp = main video word timestamp - segment start timestamp. Estimates are evenly divided and must be replaced with reviewed sign-level annotation timestamps.
399,through,paragraph,8,8,28,6,315,326,304,359,318.8824,319.5294,3.8824,4.5294,14.8824,15.5294,segments/sentences/sent_28.mp4,segments/paragraphs/para_8.mp4,estimated-needs-review,"At a march, do a run-through of the route with mobility in mind ahead of time.","It is also useful to create an area for D/deaf people to sit together near the interpreter. At a march, do a run-through of the route with mobility in mind ahead of time. Keep an eye out for metal grates, grassy areas, hills, holes, cracks or curbs that will be hard for wheelchairs or scooters. Invite people with disabilities to set the pace of the march by leading it. Let people know that this is happening.",Relative clip timestamp = main video word timestamp - segment start timestamp. Estimates are evenly divided and must be replaced with reviewed sign-level annotation timestamps.
400,of,paragraph,8,8,28,7,315,326,304,359,319.5294,320.1765,4.5294,5.1765,15.5294,16.1765,segments/sentences/sent_28.mp4,segments/paragraphs/para_8.mp4,estimated-needs-review,"At a march, do a run-through of the route with mobility in mind ahead of time.","It is also useful to create an area for D/deaf people to sit together near the interpreter. At a march, do a run-through of the route with mobility in mind ahead of time. Keep an eye out for metal grates, grassy areas, hills, holes, cracks or curbs that will be hard for wheelchairs or scooters. Invite people with disabilities to set the pace of the march by leading it. Let people know that this is happening.",Relative clip timestamp = main video word timestamp - segment start timestamp. Estimates are evenly divided and must be replaced with reviewed sign-level annotation timestamps.
401,the,paragraph,8,8,28,8,315,326,304,359,320.1765,320.8235,5.1765,5.8235,16.1765,16.8235,segments/sentences/sent_28.mp4,segments/paragraphs/para_8.mp4,estimated-needs-review,"At a march, do a run-through of the route with mobility in mind ahead of time.","It is also useful to create an area for D/deaf people to sit together near the interpreter. At a march, do a run-through of the route with mobility in mind ahead of time. Keep an eye out for metal grates, grassy areas, hills, holes, cracks or curbs that will be hard for wheelchairs or scooters. Invite people with disabilities to set the pace of the march by leading it. Let people know that this is happening.",Relative clip timestamp = main video word timestamp - segment start timestamp. Estimates are evenly divided and must be replaced with reviewed sign-level annotation timestamps.
402,route,paragraph,8,8,28,9,315,326,304,359,320.8235,321.4706,5.8235,6.4706,16.8235,17.4706,segments/sentences/sent_28.mp4,segments/paragraphs/para_8.mp4,estimated-needs-review,"At a march, do a run-through of the route with mobility in mind ahead of time.","It is also useful to create an area for D/deaf people to sit together near the interpreter. At a march, do a run-through of the route with mobility in mind ahead of time. Keep an eye out for metal grates, grassy areas, hills, holes, cracks or curbs that will be hard for wheelchairs or scooters. Invite people with disabilities to set the pace of the march by leading it. Let people know that this is happening.",Relative clip timestamp = main video word timestamp - segment start timestamp. Estimates are evenly divided and must be replaced with reviewed sign-level annotation timestamps.
403,with,paragraph,8,8,28,10,315,326,304,359,321.4706,322.1176,6.4706,7.1176,17.4706,18.1176,segments/sentences/sent_28.mp4,segments/paragraphs/para_8.mp4,estimated-needs-review,"At a march, do a run-through of the route with mobility in mind ahead of time.","It is also useful to create an area for D/deaf people to sit together near the interpreter. At a march, do a run-through of the route with mobility in mind ahead of time. Keep an eye out for metal grates, grassy areas, hills, holes, cracks or curbs that will be hard for wheelchairs or scooters. Invite people with disabilities to set the pace of the march by leading it. Let people know that this is happening.",Relative clip timestamp = main video word timestamp - segment start timestamp. Estimates are evenly divided and must be replaced with reviewed sign-level annotation timestamps.
404,mobility,paragraph,8,8,28,11,315,326,304,359,322.1176,322.7647,7.1176,7.7647,18.1176,18.7647,segments/sentences/sent_28.mp4,segments/paragraphs/para_8.mp4,estimated-needs-review,"At a march, do a run-through of the route with mobility in mind ahead of time.","It is also useful to create an area for D/deaf people to sit together near the interpreter. At a march, do a run-through of the route with mobility in mind ahead of time. Keep an eye out for metal grates, grassy areas, hills, holes, cracks or curbs that will be hard for wheelchairs or scooters. Invite people with disabilities to set the pace of the march by leading it. Let people know that this is happening.",Relative clip timestamp = main video word timestamp - segment start timestamp. Estimates are evenly divided and must be replaced with reviewed sign-level annotation timestamps.
405,in,paragraph,8,8,28,12,315,326,304,359,322.7647,323.4118,7.7647,8.4118,18.7647,19.4118,segments/sentences/sent_28.mp4,segments/paragraphs/para_8.mp4,estimated-needs-review,"At a march, do a run-through of the route with mobility in mind ahead of time.","It is also useful to create an area for D/deaf people to sit together near the interpreter. At a march, do a run-through of the route with mobility in mind ahead of time. Keep an eye out for metal grates, grassy areas, hills, holes, cracks or curbs that will be hard for wheelchairs or scooters. Invite people with disabilities to set the pace of the march by leading it. Let people know that this is happening.",Relative clip timestamp = main video word timestamp - segment start timestamp. Estimates are evenly divided and must be replaced with reviewed sign-level annotation timestamps.
406,mind,paragraph,8,8,28,13,315,326,304,359,323.4118,324.0588,8.4118,9.0588,19.4118,20.0588,segments/sentences/sent_28.mp4,segments/paragraphs/para_8.mp4,estimated-needs-review,"At a march, do a run-through of the route with mobility in mind ahead of time.","It is also useful to create an area for D/deaf people to sit together near the interpreter. At a march, do a run-through of the route with mobility in mind ahead of time. Keep an eye out for metal grates, grassy areas, hills, holes, cracks or curbs that will be hard for wheelchairs or scooters. Invite people with disabilities to set the pace of the march by leading it. Let people know that this is happening.",Relative clip timestamp = main video word timestamp - segment start timestamp. Estimates are evenly divided and must be replaced with reviewed sign-level annotation timestamps.
407,ahead,paragraph,8,8,28,14,315,326,304,359,324.0588,324.7059,9.0588,9.7059,20.0588,20.7059,segments/sentences/sent_28.mp4,segments/paragraphs/para_8.mp4,estimated-needs-review,"At a march, do a run-through of the route with mobility in mind ahead of time.","It is also useful to create an area for D/deaf people to sit together near the interpreter. At a march, do a run-through of the route with mobility in mind ahead of time. Keep an eye out for metal grates, grassy areas, hills, holes, cracks or curbs that will be hard for wheelchairs or scooters. Invite people with disabilities to set the pace of the march by leading it. Let people know that this is happening.",Relative clip timestamp = main video word timestamp - segment start timestamp. Estimates are evenly divided and must be replaced with reviewed sign-level annotation timestamps.
408,of,paragraph,8,8,28,15,315,326,304,359,324.7059,325.3529,9.7059,10.3529,20.7059,21.3529,segments/sentences/sent_28.mp4,segments/paragraphs/para_8.mp4,estimated-needs-review,"At a march, do a run-through of the route with mobility in mind ahead of time.","It is also useful to create an area for D/deaf people to sit together near the interpreter. At a march, do a run-through of the route with mobility in mind ahead of time. Keep an eye out for metal grates, grassy areas, hills, holes, cracks or curbs that will be hard for wheelchairs or scooters. Invite people with disabilities to set the pace of the march by leading it. Let people know that this is happening.",Relative clip timestamp = main video word timestamp - segment start timestamp. Estimates are evenly divided and must be replaced with reviewed sign-level annotation timestamps.
409,time,paragraph,8,8,28,16,315,326,304,359,325.3529,326,10.3529,11,21.3529,22,segments/sentences/sent_28.mp4,segments/paragraphs/para_8.mp4,estimated-needs-review,"At a march, do a run-through of the route with mobility in mind ahead of time.","It is also useful to create an area for D/deaf people to sit together near the interpreter. At a march, do a run-through of the route with mobility in mind ahead of time. Keep an eye out for metal grates, grassy areas, hills, holes, cracks or curbs that will be hard for wheelchairs or scooters. Invite people with disabilities to set the pace of the march by leading it. Let people know that this is happening.",Relative clip timestamp = main video word timestamp - segment start timestamp. Estimates are evenly divided and must be replaced with reviewed sign-level annotation timestamps.
410,keep,paragraph,8,8,29,0,326,337,304,359,326,326.5,0,0.5,22,22.5,segments/sentences/sent_29.mp4,segments/paragraphs/para_8.mp4,estimated-needs-review,"Keep an eye out for metal grates, grassy areas, hills, holes, cracks or curbs that will be hard for wheelchairs or scooters.","It is also useful to create an area for D/deaf people to sit together near the interpreter. At a march, do a run-through of the route with mobility in mind ahead of time. Keep an eye out for metal grates, grassy areas, hills, holes, cracks or curbs that will be hard for wheelchairs or scooters. Invite people with disabilities to set the pace of the march by leading it. Let people know that this is happening.",Relative clip timestamp = main video word timestamp - segment start timestamp. Estimates are evenly divided and must be replaced with reviewed sign-level annotation timestamps.
411,an,paragraph,8,8,29,1,326,337,304,359,326.5,327,0.5,1,22.5,23,segments/sentences/sent_29.mp4,segments/paragraphs/para_8.mp4,estimated-needs-review,"Keep an eye out for metal grates, grassy areas, hills, holes, cracks or curbs that will be hard for wheelchairs or scooters.","It is also useful to create an area for D/deaf people to sit together near the interpreter. At a march, do a run-through of the route with mobility in mind ahead of time. Keep an eye out for metal grates, grassy areas, hills, holes, cracks or curbs that will be hard for wheelchairs or scooters. Invite people with disabilities to set the pace of the march by leading it. Let people know that this is happening.",Relative clip timestamp = main video word timestamp - segment start timestamp. Estimates are evenly divided and must be replaced with reviewed sign-level annotation timestamps.
412,eye,paragraph,8,8,29,2,326,337,304,359,327,327.5,1,1.5,23,23.5,segments/sentences/sent_29.mp4,segments/paragraphs/para_8.mp4,estimated-needs-review,"Keep an eye out for metal grates, grassy areas, hills, holes, cracks or curbs that will be hard for wheelchairs or scooters.","It is also useful to create an area for D/deaf people to sit together near the interpreter. At a march, do a run-through of the route with mobility in mind ahead of time. Keep an eye out for metal grates, grassy areas, hills, holes, cracks or curbs that will be hard for wheelchairs or scooters. Invite people with disabilities to set the pace of the march by leading it. Let people know that this is happening.",Relative clip timestamp = main video word timestamp - segment start timestamp. Estimates are evenly divided and must be replaced with reviewed sign-level annotation timestamps.
413,out,paragraph,8,8,29,3,326,337,304,359,327.5,328,1.5,2,23.5,24,segments/sentences/sent_29.mp4,segments/paragraphs/para_8.mp4,estimated-needs-review,"Keep an eye out for metal grates, grassy areas, hills, holes, cracks or curbs that will be hard for wheelchairs or scooters.","It is also useful to create an area for D/deaf people to sit together near the interpreter. At a march, do a run-through of the route with mobility in mind ahead of time. Keep an eye out for metal grates, grassy areas, hills, holes, cracks or curbs that will be hard for wheelchairs or scooters. Invite people with disabilities to set the pace of the march by leading it. Let people know that this is happening.",Relative clip timestamp = main video word timestamp - segment start timestamp. Estimates are evenly divided and must be replaced with reviewed sign-level annotation timestamps.
414,for,paragraph,8,8,29,4,326,337,304,359,328,328.5,2,2.5,24,24.5,segments/sentences/sent_29.mp4,segments/paragraphs/para_8.mp4,estimated-needs-review,"Keep an eye out for metal grates, grassy areas, hills, holes, cracks or curbs that will be hard for wheelchairs or scooters.","It is also useful to create an area for D/deaf people to sit together near the interpreter. At a march, do a run-through of the route with mobility in mind ahead of time. Keep an eye out for metal grates, grassy areas, hills, holes, cracks or curbs that will be hard for wheelchairs or scooters. Invite people with disabilities to set the pace of the march by leading it. Let people know that this is happening.",Relative clip timestamp = main video word timestamp - segment start timestamp. Estimates are evenly divided and must be replaced with reviewed sign-level annotation timestamps.
415,metal,paragraph,8,8,29,5,326,337,304,359,328.5,329,2.5,3,24.5,25,segments/sentences/sent_29.mp4,segments/paragraphs/para_8.mp4,estimated-needs-review,"Keep an eye out for metal grates, grassy areas, hills, holes, cracks or curbs that will be hard for wheelchairs or scooters.","It is also useful to create an area for D/deaf people to sit together near the interpreter. At a march, do a run-through of the route with mobility in mind ahead of time. Keep an eye out for metal grates, grassy areas, hills, holes, cracks or curbs that will be hard for wheelchairs or scooters. Invite people with disabilities to set the pace of the march by leading it. Let people know that this is happening.",Relative clip timestamp = main video word timestamp - segment start timestamp. Estimates are evenly divided and must be replaced with reviewed sign-level annotation timestamps.
416,grates,paragraph,8,8,29,6,326,337,304,359,329,329.5,3,3.5,25,25.5,segments/sentences/sent_29.mp4,segments/paragraphs/para_8.mp4,estimated-needs-review,"Keep an eye out for metal grates, grassy areas, hills, holes, cracks or curbs that will be hard for wheelchairs or scooters.","It is also useful to create an area for D/deaf people to sit together near the interpreter. At a march, do a run-through of the route with mobility in mind ahead of time. Keep an eye out for metal grates, grassy areas, hills, holes, cracks or curbs that will be hard for wheelchairs or scooters. Invite people with disabilities to set the pace of the march by leading it. Let people know that this is happening.",Relative clip timestamp = main video word timestamp - segment start timestamp. Estimates are evenly divided and must be replaced with reviewed sign-level annotation timestamps.
417,grassy,paragraph,8,8,29,7,326,337,304,359,329.5,330,3.5,4,25.5,26,segments/sentences/sent_29.mp4,segments/paragraphs/para_8.mp4,estimated-needs-review,"Keep an eye out for metal grates, grassy areas, hills, holes, cracks or curbs that will be hard for wheelchairs or scooters.","It is also useful to create an area for D/deaf people to sit together near the interpreter. At a march, do a run-through of the route with mobility in mind ahead of time. Keep an eye out for metal grates, grassy areas, hills, holes, cracks or curbs that will be hard for wheelchairs or scooters. Invite people with disabilities to set the pace of the march by leading it. Let people know that this is happening.",Relative clip timestamp = main video word timestamp - segment start timestamp. Estimates are evenly divided and must be replaced with reviewed sign-level annotation timestamps.
418,areas,paragraph,8,8,29,8,326,337,304,359,330,330.5,4,4.5,26,26.5,segments/sentences/sent_29.mp4,segments/paragraphs/para_8.mp4,estimated-needs-review,"Keep an eye out for metal grates, grassy areas, hills, holes, cracks or curbs that will be hard for wheelchairs or scooters.","It is also useful to create an area for D/deaf people to sit together near the interpreter. At a march, do a run-through of the route with mobility in mind ahead of time. Keep an eye out for metal grates, grassy areas, hills, holes, cracks or curbs that will be hard for wheelchairs or scooters. Invite people with disabilities to set the pace of the march by leading it. Let people know that this is happening.",Relative clip timestamp = main video word timestamp - segment start timestamp. Estimates are evenly divided and must be replaced with reviewed sign-level annotation timestamps.
419,hills,paragraph,8,8,29,9,326,337,304,359,330.5,331,4.5,5,26.5,27,segments/sentences/sent_29.mp4,segments/paragraphs/para_8.mp4,estimated-needs-review,"Keep an eye out for metal grates, grassy areas, hills, holes, cracks or curbs that will be hard for wheelchairs or scooters.","It is also useful to create an area for D/deaf people to sit together near the interpreter. At a march, do a run-through of the route with mobility in mind ahead of time. Keep an eye out for metal grates, grassy areas, hills, holes, cracks or curbs that will be hard for wheelchairs or scooters. Invite people with disabilities to set the pace of the march by leading it. Let people know that this is happening.",Relative clip timestamp = main video word timestamp - segment start timestamp. Estimates are evenly divided and must be replaced with reviewed sign-level annotation timestamps.
420,holes,paragraph,8,8,29,10,326,337,304,359,331,331.5,5,5.5,27,27.5,segments/sentences/sent_29.mp4,segments/paragraphs/para_8.mp4,estimated-needs-review,"Keep an eye out for metal grates, grassy areas, hills, holes, cracks or curbs that will be hard for wheelchairs or scooters.","It is also useful to create an area for D/deaf people to sit together near the interpreter. At a march, do a run-through of the route with mobility in mind ahead of time. Keep an eye out for metal grates, grassy areas, hills, holes, cracks or curbs that will be hard for wheelchairs or scooters. Invite people with disabilities to set the pace of the march by leading it. Let people know that this is happening.",Relative clip timestamp = main video word timestamp - segment start timestamp. Estimates are evenly divided and must be replaced with reviewed sign-level annotation timestamps.
421,cracks,paragraph,8,8,29,11,326,337,304,359,331.5,332,5.5,6,27.5,28,segments/sentences/sent_29.mp4,segments/paragraphs/para_8.mp4,estimated-needs-review,"Keep an eye out for metal grates, grassy areas, hills, holes, cracks or curbs that will be hard for wheelchairs or scooters.","It is also useful to create an area for D/deaf people to sit together near the interpreter. At a march, do a run-through of the route with mobility in mind ahead of time. Keep an eye out for metal grates, grassy areas, hills, holes, cracks or curbs that will be hard for wheelchairs or scooters. Invite people with disabilities to set the pace of the march by leading it. Let people know that this is happening.",Relative clip timestamp = main video word timestamp - segment start timestamp. Estimates are evenly divided and must be replaced with reviewed sign-level annotation timestamps.
422,or,paragraph,8,8,29,12,326,337,304,359,332,332.5,6,6.5,28,28.5,segments/sentences/sent_29.mp4,segments/paragraphs/para_8.mp4,estimated-needs-review,"Keep an eye out for metal grates, grassy areas, hills, holes, cracks or curbs that will be hard for wheelchairs or scooters.","It is also useful to create an area for D/deaf people to sit together near the interpreter. At a march, do a run-through of the route with mobility in mind ahead of time. Keep an eye out for metal grates, grassy areas, hills, holes, cracks or curbs that will be hard for wheelchairs or scooters. Invite people with disabilities to set the pace of the march by leading it. Let people know that this is happening.",Relative clip timestamp = main video word timestamp - segment start timestamp. Estimates are evenly divided and must be replaced with reviewed sign-level annotation timestamps.
423,curbs,paragraph,8,8,29,13,326,337,304,359,332.5,333,6.5,7,28.5,29,segments/sentences/sent_29.mp4,segments/paragraphs/para_8.mp4,estimated-needs-review,"Keep an eye out for metal grates, grassy areas, hills, holes, cracks or curbs that will be hard for wheelchairs or scooters.","It is also useful to create an area for D/deaf people to sit together near the interpreter. At a march, do a run-through of the route with mobility in mind ahead of time. Keep an eye out for metal grates, grassy areas, hills, holes, cracks or curbs that will be hard for wheelchairs or scooters. Invite people with disabilities to set the pace of the march by leading it. Let people know that this is happening.",Relative clip timestamp = main video word timestamp - segment start timestamp. Estimates are evenly divided and must be replaced with reviewed sign-level annotation timestamps.
424,that,paragraph,8,8,29,14,326,337,304,359,333,333.5,7,7.5,29,29.5,segments/sentences/sent_29.mp4,segments/paragraphs/para_8.mp4,estimated-needs-review,"Keep an eye out for metal grates, grassy areas, hills, holes, cracks or curbs that will be hard for wheelchairs or scooters.","It is also useful to create an area for D/deaf people to sit together near the interpreter. At a march, do a run-through of the route with mobility in mind ahead of time. Keep an eye out for metal grates, grassy areas, hills, holes, cracks or curbs that will be hard for wheelchairs or scooters. Invite people with disabilities to set the pace of the march by leading it. Let people know that this is happening.",Relative clip timestamp = main video word timestamp - segment start timestamp. Estimates are evenly divided and must be replaced with reviewed sign-level annotation timestamps.
425,will,paragraph,8,8,29,15,326,337,304,359,333.5,334,7.5,8,29.5,30,segments/sentences/sent_29.mp4,segments/paragraphs/para_8.mp4,estimated-needs-review,"Keep an eye out for metal grates, grassy areas, hills, holes, cracks or curbs that will be hard for wheelchairs or scooters.","It is also useful to create an area for D/deaf people to sit together near the interpreter. At a march, do a run-through of the route with mobility in mind ahead of time. Keep an eye out for metal grates, grassy areas, hills, holes, cracks or curbs that will be hard for wheelchairs or scooters. Invite people with disabilities to set the pace of the march by leading it. Let people know that this is happening.",Relative clip timestamp = main video word timestamp - segment start timestamp. Estimates are evenly divided and must be replaced with reviewed sign-level annotation timestamps.
426,be,paragraph,8,8,29,16,326,337,304,359,334,334.5,8,8.5,30,30.5,segments/sentences/sent_29.mp4,segments/paragraphs/para_8.mp4,estimated-needs-review,"Keep an eye out for metal grates, grassy areas, hills, holes, cracks or curbs that will be hard for wheelchairs or scooters.","It is also useful to create an area for D/deaf people to sit together near the interpreter. At a march, do a run-through of the route with mobility in mind ahead of time. Keep an eye out for metal grates, grassy areas, hills, holes, cracks or curbs that will be hard for wheelchairs or scooters. Invite people with disabilities to set the pace of the march by leading it. Let people know that this is happening.",Relative clip timestamp = main video word timestamp - segment start timestamp. Estimates are evenly divided and must be replaced with reviewed sign-level annotation timestamps.
427,hard,paragraph,8,8,29,17,326,337,304,359,334.5,335,8.5,9,30.5,31,segments/sentences/sent_29.mp4,segments/paragraphs/para_8.mp4,estimated-needs-review,"Keep an eye out for metal grates, grassy areas, hills, holes, cracks or curbs that will be hard for wheelchairs or scooters.","It is also useful to create an area for D/deaf people to sit together near the interpreter. At a march, do a run-through of the route with mobility in mind ahead of time. Keep an eye out for metal grates, grassy areas, hills, holes, cracks or curbs that will be hard for wheelchairs or scooters. Invite people with disabilities to set the pace of the march by leading it. Let people know that this is happening.",Relative clip timestamp = main video word timestamp - segment start timestamp. Estimates are evenly divided and must be replaced with reviewed sign-level annotation timestamps.
428,for,paragraph,8,8,29,18,326,337,304,359,335,335.5,9,9.5,31,31.5,segments/sentences/sent_29.mp4,segments/paragraphs/para_8.mp4,estimated-needs-review,"Keep an eye out for metal grates, grassy areas, hills, holes, cracks or curbs that will be hard for wheelchairs or scooters.","It is also useful to create an area for D/deaf people to sit together near the interpreter. At a march, do a run-through of the route with mobility in mind ahead of time. Keep an eye out for metal grates, grassy areas, hills, holes, cracks or curbs that will be hard for wheelchairs or scooters. Invite people with disabilities to set the pace of the march by leading it. Let people know that this is happening.",Relative clip timestamp = main video word timestamp - segment start timestamp. Estimates are evenly divided and must be replaced with reviewed sign-level annotation timestamps.
429,wheelchairs,paragraph,8,8,29,19,326,337,304,359,335.5,336,9.5,10,31.5,32,segments/sentences/sent_29.mp4,segments/paragraphs/para_8.mp4,estimated-needs-review,"Keep an eye out for metal grates, grassy areas, hills, holes, cracks or curbs that will be hard for wheelchairs or scooters.","It is also useful to create an area for D/deaf people to sit together near the interpreter. At a march, do a run-through of the route with mobility in mind ahead of time. Keep an eye out for metal grates, grassy areas, hills, holes, cracks or curbs that will be hard for wheelchairs or scooters. Invite people with disabilities to set the pace of the march by leading it. Let people know that this is happening.",Relative clip timestamp = main video word timestamp - segment start timestamp. Estimates are evenly divided and must be replaced with reviewed sign-level annotation timestamps.
430,or,paragraph,8,8,29,20,326,337,304,359,336,336.5,10,10.5,32,32.5,segments/sentences/sent_29.mp4,segments/paragraphs/para_8.mp4,estimated-needs-review,"Keep an eye out for metal grates, grassy areas, hills, holes, cracks or curbs that will be hard for wheelchairs or scooters.","It is also useful to create an area for D/deaf people to sit together near the interpreter. At a march, do a run-through of the route with mobility in mind ahead of time. Keep an eye out for metal grates, grassy areas, hills, holes, cracks or curbs that will be hard for wheelchairs or scooters. Invite people with disabilities to set the pace of the march by leading it. Let people know that this is happening.",Relative clip timestamp = main video word timestamp - segment start timestamp. Estimates are evenly divided and must be replaced with reviewed sign-level annotation timestamps.
431,scooters,paragraph,8,8,29,21,326,337,304,359,336.5,337,10.5,11,32.5,33,segments/sentences/sent_29.mp4,segments/paragraphs/para_8.mp4,estimated-needs-review,"Keep an eye out for metal grates, grassy areas, hills, holes, cracks or curbs that will be hard for wheelchairs or scooters.","It is also useful to create an area for D/deaf people to sit together near the interpreter. At a march, do a run-through of the route with mobility in mind ahead of time. Keep an eye out for metal grates, grassy areas, hills, holes, cracks or curbs that will be hard for wheelchairs or scooters. Invite people with disabilities to set the pace of the march by leading it. Let people know that this is happening.",Relative clip timestamp = main video word timestamp - segment start timestamp. Estimates are evenly divided and must be replaced with reviewed sign-level annotation timestamps.
432,invite,paragraph,8,8,30,0,337,348,304,359,337,337.7857,0,0.7857,33,33.7857,segments/sentences/sent_30.mp4,segments/paragraphs/para_8.mp4,estimated-needs-review,Invite people with disabilities to set the pace of the march by leading it.,"It is also useful to create an area for D/deaf people to sit together near the interpreter. At a march, do a run-through of the route with mobility in mind ahead of time. Keep an eye out for metal grates, grassy areas, hills, holes, cracks or curbs that will be hard for wheelchairs or scooters. Invite people with disabilities to set the pace of the march by leading it. Let people know that this is happening.",Relative clip timestamp = main video word timestamp - segment start timestamp. Estimates are evenly divided and must be replaced with reviewed sign-level annotation timestamps.
433,people,paragraph,8,8,30,1,337,348,304,359,337.7857,338.5714,0.7857,1.5714,33.7857,34.5714,segments/sentences/sent_30.mp4,segments/paragraphs/para_8.mp4,estimated-needs-review,Invite people with disabilities to set the pace of the march by leading it.,"It is also useful to create an area for D/deaf people to sit together near the interpreter. At a march, do a run-through of the route with mobility in mind ahead of time. Keep an eye out for metal grates, grassy areas, hills, holes, cracks or curbs that will be hard for wheelchairs or scooters. Invite people with disabilities to set the pace of the march by leading it. Let people know that this is happening.",Relative clip timestamp = main video word timestamp - segment start timestamp. Estimates are evenly divided and must be replaced with reviewed sign-level annotation timestamps.
434,with,paragraph,8,8,30,2,337,348,304,359,338.5714,339.3571,1.5714,2.3571,34.5714,35.3571,segments/sentences/sent_30.mp4,segments/paragraphs/para_8.mp4,estimated-needs-review,Invite people with disabilities to set the pace of the march by leading it.,"It is also useful to create an area for D/deaf people to sit together near the interpreter. At a march, do a run-through of the route with mobility in mind ahead of time. Keep an eye out for metal grates, grassy areas, hills, holes, cracks or curbs that will be hard for wheelchairs or scooters. Invite people with disabilities to set the pace of the march by leading it. Let people know that this is happening.",Relative clip timestamp = main video word timestamp - segment start timestamp. Estimates are evenly divided and must be replaced with reviewed sign-level annotation timestamps.
435,disabilities,paragraph,8,8,30,3,337,348,304,359,339.3571,340.1429,2.3571,3.1429,35.3571,36.1429,segments/sentences/sent_30.mp4,segments/paragraphs/para_8.mp4,estimated-needs-review,Invite people with disabilities to set the pace of the march by leading it.,"It is also useful to create an area for D/deaf people to sit together near the interpreter. At a march, do a run-through of the route with mobility in mind ahead of time. Keep an eye out for metal grates, grassy areas, hills, holes, cracks or curbs that will be hard for wheelchairs or scooters. Invite people with disabilities to set the pace of the march by leading it. Let people know that this is happening.",Relative clip timestamp = main video word timestamp - segment start timestamp. Estimates are evenly divided and must be replaced with reviewed sign-level annotation timestamps.
436,to,paragraph,8,8,30,4,337,348,304,359,340.1429,340.9286,3.1429,3.9286,36.1429,36.9286,segments/sentences/sent_30.mp4,segments/paragraphs/para_8.mp4,estimated-needs-review,Invite people with disabilities to set the pace of the march by leading it.,"It is also useful to create an area for D/deaf people to sit together near the interpreter. At a march, do a run-through of the route with mobility in mind ahead of time. Keep an eye out for metal grates, grassy areas, hills, holes, cracks or curbs that will be hard for wheelchairs or scooters. Invite people with disabilities to set the pace of the march by leading it. Let people know that this is happening.",Relative clip timestamp = main video word timestamp - segment start timestamp. Estimates are evenly divided and must be replaced with reviewed sign-level annotation timestamps.
437,set,paragraph,8,8,30,5,337,348,304,359,340.9286,341.7143,3.9286,4.7143,36.9286,37.7143,segments/sentences/sent_30.mp4,segments/paragraphs/para_8.mp4,estimated-needs-review,Invite people with disabilities to set the pace of the march by leading it.,"It is also useful to create an area for D/deaf people to sit together near the interpreter. At a march, do a run-through of the route with mobility in mind ahead of time. Keep an eye out for metal grates, grassy areas, hills, holes, cracks or curbs that will be hard for wheelchairs or scooters. Invite people with disabilities to set the pace of the march by leading it. Let people know that this is happening.",Relative clip timestamp = main video word timestamp - segment start timestamp. Estimates are evenly divided and must be replaced with reviewed sign-level annotation timestamps.
438,the,paragraph,8,8,30,6,337,348,304,359,341.7143,342.5,4.7143,5.5,37.7143,38.5,segments/sentences/sent_30.mp4,segments/paragraphs/para_8.mp4,estimated-needs-review,Invite people with disabilities to set the pace of the march by leading it.,"It is also useful to create an area for D/deaf people to sit together near the interpreter. At a march, do a run-through of the route with mobility in mind ahead of time. Keep an eye out for metal grates, grassy areas, hills, holes, cracks or curbs that will be hard for wheelchairs or scooters. Invite people with disabilities to set the pace of the march by leading it. Let people know that this is happening.",Relative clip timestamp = main video word timestamp - segment start timestamp. Estimates are evenly divided and must be replaced with reviewed sign-level annotation timestamps.
439,pace,paragraph,8,8,30,7,337,348,304,359,342.5,343.2857,5.5,6.2857,38.5,39.2857,segments/sentences/sent_30.mp4,segments/paragraphs/para_8.mp4,estimated-needs-review,Invite people with disabilities to set the pace of the march by leading it.,"It is also useful to create an area for D/deaf people to sit together near the interpreter. At a march, do a run-through of the route with mobility in mind ahead of time. Keep an eye out for metal grates, grassy areas, hills, holes, cracks or curbs that will be hard for wheelchairs or scooters. Invite people with disabilities to set the pace of the march by leading it. Let people know that this is happening.",Relative clip timestamp = main video word timestamp - segment start timestamp. Estimates are evenly divided and must be replaced with reviewed sign-level annotation timestamps.
440,of,paragraph,8,8,30,8,337,348,304,359,343.2857,344.0714,6.2857,7.0714,39.2857,40.0714,segments/sentences/sent_30.mp4,segments/paragraphs/para_8.mp4,estimated-needs-review,Invite people with disabilities to set the pace of the march by leading it.,"It is also useful to create an area for D/deaf people to sit together near the interpreter. At a march, do a run-through of the route with mobility in mind ahead of time. Keep an eye out for metal grates, grassy areas, hills, holes, cracks or curbs that will be hard for wheelchairs or scooters. Invite people with disabilities to set the pace of the march by leading it. Let people know that this is happening.",Relative clip timestamp = main video word timestamp - segment start timestamp. Estimates are evenly divided and must be replaced with reviewed sign-level annotation timestamps.
441,the,paragraph,8,8,30,9,337,348,304,359,344.0714,344.8571,7.0714,7.8571,40.0714,40.8571,segments/sentences/sent_30.mp4,segments/paragraphs/para_8.mp4,estimated-needs-review,Invite people with disabilities to set the pace of the march by leading it.,"It is also useful to create an area for D/deaf people to sit together near the interpreter. At a march, do a run-through of the route with mobility in mind ahead of time. Keep an eye out for metal grates, grassy areas, hills, holes, cracks or curbs that will be hard for wheelchairs or scooters. Invite people with disabilities to set the pace of the march by leading it. Let people know that this is happening.",Relative clip timestamp = main video word timestamp - segment start timestamp. Estimates are evenly divided and must be replaced with reviewed sign-level annotation timestamps.
442,march,paragraph,8,8,30,10,337,348,304,359,344.8571,345.6429,7.8571,8.6429,40.8571,41.6429,segments/sentences/sent_30.mp4,segments/paragraphs/para_8.mp4,estimated-needs-review,Invite people with disabilities to set the pace of the march by leading it.,"It is also useful to create an area for D/deaf people to sit together near the interpreter. At a march, do a run-through of the route with mobility in mind ahead of time. Keep an eye out for metal grates, grassy areas, hills, holes, cracks or curbs that will be hard for wheelchairs or scooters. Invite people with disabilities to set the pace of the march by leading it. Let people know that this is happening.",Relative clip timestamp = main video word timestamp - segment start timestamp. Estimates are evenly divided and must be replaced with reviewed sign-level annotation timestamps.
443,by,paragraph,8,8,30,11,337,348,304,359,345.6429,346.4286,8.6429,9.4286,41.6429,42.4286,segments/sentences/sent_30.mp4,segments/paragraphs/para_8.mp4,estimated-needs-review,Invite people with disabilities to set the pace of the march by leading it.,"It is also useful to create an area for D/deaf people to sit together near the interpreter. At a march, do a run-through of the route with mobility in mind ahead of time. Keep an eye out for metal grates, grassy areas, hills, holes, cracks or curbs that will be hard for wheelchairs or scooters. Invite people with disabilities to set the pace of the march by leading it. Let people know that this is happening.",Relative clip timestamp = main video word timestamp - segment start timestamp. Estimates are evenly divided and must be replaced with reviewed sign-level annotation timestamps.
444,leading,paragraph,8,8,30,12,337,348,304,359,346.4286,347.2143,9.4286,10.2143,42.4286,43.2143,segments/sentences/sent_30.mp4,segments/paragraphs/para_8.mp4,estimated-needs-review,Invite people with disabilities to set the pace of the march by leading it.,"It is also useful to create an area for D/deaf people to sit together near the interpreter. At a march, do a run-through of the route with mobility in mind ahead of time. Keep an eye out for metal grates, grassy areas, hills, holes, cracks or curbs that will be hard for wheelchairs or scooters. Invite people with disabilities to set the pace of the march by leading it. Let people know that this is happening.",Relative clip timestamp = main video word timestamp - segment start timestamp. Estimates are evenly divided and must be replaced with reviewed sign-level annotation timestamps.
445,it,paragraph,8,8,30,13,337,348,304,359,347.2143,348,10.2143,11,43.2143,44,segments/sentences/sent_30.mp4,segments/paragraphs/para_8.mp4,estimated-needs-review,Invite people with disabilities to set the pace of the march by leading it.,"It is also useful to create an area for D/deaf people to sit together near the interpreter. At a march, do a run-through of the route with mobility in mind ahead of time. Keep an eye out for metal grates, grassy areas, hills, holes, cracks or curbs that will be hard for wheelchairs or scooters. Invite people with disabilities to set the pace of the march by leading it. Let people know that this is happening.",Relative clip timestamp = main video word timestamp - segment start timestamp. Estimates are evenly divided and must be replaced with reviewed sign-level annotation timestamps.
446,let,paragraph,8,8,31,0,348,359,304,359,348,349.5714,0,1.5714,44,45.5714,segments/sentences/sent_31.mp4,segments/paragraphs/para_8.mp4,estimated-needs-review,Let people know that this is happening.,"It is also useful to create an area for D/deaf people to sit together near the interpreter. At a march, do a run-through of the route with mobility in mind ahead of time. Keep an eye out for metal grates, grassy areas, hills, holes, cracks or curbs that will be hard for wheelchairs or scooters. Invite people with disabilities to set the pace of the march by leading it. Let people know that this is happening.",Relative clip timestamp = main video word timestamp - segment start timestamp. Estimates are evenly divided and must be replaced with reviewed sign-level annotation timestamps.
447,people,paragraph,8,8,31,1,348,359,304,359,349.5714,351.1429,1.5714,3.1429,45.5714,47.1429,segments/sentences/sent_31.mp4,segments/paragraphs/para_8.mp4,estimated-needs-review,Let people know that this is happening.,"It is also useful to create an area for D/deaf people to sit together near the interpreter. At a march, do a run-through of the route with mobility in mind ahead of time. Keep an eye out for metal grates, grassy areas, hills, holes, cracks or curbs that will be hard for wheelchairs or scooters. Invite people with disabilities to set the pace of the march by leading it. Let people know that this is happening.",Relative clip timestamp = main video word timestamp - segment start timestamp. Estimates are evenly divided and must be replaced with reviewed sign-level annotation timestamps.
448,know,paragraph,8,8,31,2,348,359,304,359,351.1429,352.7143,3.1429,4.7143,47.1429,48.7143,segments/sentences/sent_31.mp4,segments/paragraphs/para_8.mp4,estimated-needs-review,Let people know that this is happening.,"It is also useful to create an area for D/deaf people to sit together near the interpreter. At a march, do a run-through of the route with mobility in mind ahead of time. Keep an eye out for metal grates, grassy areas, hills, holes, cracks or curbs that will be hard for wheelchairs or scooters. Invite people with disabilities to set the pace of the march by leading it. Let people know that this is happening.",Relative clip timestamp = main video word timestamp - segment start timestamp. Estimates are evenly divided and must be replaced with reviewed sign-level annotation timestamps.
449,that,paragraph,8,8,31,3,348,359,304,359,352.7143,354.2857,4.7143,6.2857,48.7143,50.2857,segments/sentences/sent_31.mp4,segments/paragraphs/para_8.mp4,estimated-needs-review,Let people know that this is happening.,"It is also useful to create an area for D/deaf people to sit together near the interpreter. At a march, do a run-through of the route with mobility in mind ahead of time. Keep an eye out for metal grates, grassy areas, hills, holes, cracks or curbs that will be hard for wheelchairs or scooters. Invite people with disabilities to set the pace of the march by leading it. Let people know that this is happening.",Relative clip timestamp = main video word timestamp - segment start timestamp. Estimates are evenly divided and must be replaced with reviewed sign-level annotation timestamps.
450,this,paragraph,8,8,31,4,348,359,304,359,354.2857,355.8571,6.2857,7.8571,50.2857,51.8571,segments/sentences/sent_31.mp4,segments/paragraphs/para_8.mp4,estimated-needs-review,Let people know that this is happening.,"It is also useful to create an area for D/deaf people to sit together near the interpreter. At a march, do a run-through of the route with mobility in mind ahead of time. Keep an eye out for metal grates, grassy areas, hills, holes, cracks or curbs that will be hard for wheelchairs or scooters. Invite people with disabilities to set the pace of the march by leading it. Let people know that this is happening.",Relative clip timestamp = main video word timestamp - segment start timestamp. Estimates are evenly divided and must be replaced with reviewed sign-level annotation timestamps.
451,is,paragraph,8,8,31,5,348,359,304,359,355.8571,357.4286,7.8571,9.4286,51.8571,53.4286,segments/sentences/sent_31.mp4,segments/paragraphs/para_8.mp4,estimated-needs-review,Let people know that this is happening.,"It is also useful to create an area for D/deaf people to sit together near the interpreter. At a march, do a run-through of the route with mobility in mind ahead of time. Keep an eye out for metal grates, grassy areas, hills, holes, cracks or curbs that will be hard for wheelchairs or scooters. Invite people with disabilities to set the pace of the march by leading it. Let people know that this is happening.",Relative clip timestamp = main video word timestamp - segment start timestamp. Estimates are evenly divided and must be replaced with reviewed sign-level annotation timestamps.
452,happening,paragraph,8,8,31,6,348,359,304,359,357.4286,359,9.4286,11,53.4286,55,segments/sentences/sent_31.mp4,segments/paragraphs/para_8.mp4,estimated-needs-review,Let people know that this is happening.,"It is also useful to create an area for D/deaf people to sit together near the interpreter. At a march, do a run-through of the route with mobility in mind ahead of time. Keep an eye out for metal grates, grassy areas, hills, holes, cracks or curbs that will be hard for wheelchairs or scooters. Invite people with disabilities to set the pace of the march by leading it. Let people know that this is happening.",Relative clip timestamp = main video word timestamp - segment start timestamp. Estimates are evenly divided and must be replaced with reviewed sign-level annotation timestamps.
453,station,paragraph,9,9,32,0,359,369.7273,359,477,359,359.5646,0,0.5646,0,0.5646,segments/sentences/sent_32.mp4,segments/paragraphs/para_9.mp4,estimated-needs-review,Station people at the back of the march who are responsible for making sure that nobody gets left behind.,"Station people at the back of the march who are responsible for making sure that nobody gets left behind. Give a verbal description of the march route beforehand. Announce the destination and distance of the route. This lets folks choose to meet the march at its destination. DO NOT “direct” folks with mobility impairments to where you think they should be. Offer respectful suggestions; no one should be hurried along; no one should touch people or their mobility devices without their consent. Organize cars or vans to drive elders and people with disabilities along the route. Include these vehicles as part of the march, if possible. Provide seating at the destination. Have a team whose sole focus is the safety of the participants. Involve police liaisons.",Relative clip timestamp = main video word timestamp - segment start timestamp. Estimates are evenly divided and must be replaced with reviewed sign-level annotation timestamps.
454,people,paragraph,9,9,32,1,359,369.7273,359,477,359.5646,360.1292,0.5646,1.1292,0.5646,1.1292,segments/sentences/sent_32.mp4,segments/paragraphs/para_9.mp4,estimated-needs-review,Station people at the back of the march who are responsible for making sure that nobody gets left behind.,"Station people at the back of the march who are responsible for making sure that nobody gets left behind. Give a verbal description of the march route beforehand. Announce the destination and distance of the route. This lets folks choose to meet the march at its destination. DO NOT “direct” folks with mobility impairments to where you think they should be. Offer respectful suggestions; no one should be hurried along; no one should touch people or their mobility devices without their consent. Organize cars or vans to drive elders and people with disabilities along the route. Include these vehicles as part of the march, if possible. Provide seating at the destination. Have a team whose sole focus is the safety of the participants. Involve police liaisons.",Relative clip timestamp = main video word timestamp - segment start timestamp. Estimates are evenly divided and must be replaced with reviewed sign-level annotation timestamps.
455,at,paragraph,9,9,32,2,359,369.7273,359,477,360.1292,360.6938,1.1292,1.6938,1.1292,1.6938,segments/sentences/sent_32.mp4,segments/paragraphs/para_9.mp4,estimated-needs-review,Station people at the back of the march who are responsible for making sure that nobody gets left behind.,"Station people at the back of the march who are responsible for making sure that nobody gets left behind. Give a verbal description of the march route beforehand. Announce the destination and distance of the route. This lets folks choose to meet the march at its destination. DO NOT “direct” folks with mobility impairments to where you think they should be. Offer respectful suggestions; no one should be hurried along; no one should touch people or their mobility devices without their consent. Organize cars or vans to drive elders and people with disabilities along the route. Include these vehicles as part of the march, if possible. Provide seating at the destination. Have a team whose sole focus is the safety of the participants. Involve police liaisons.",Relative clip timestamp = main video word timestamp - segment start timestamp. Estimates are evenly divided and must be replaced with reviewed sign-level annotation timestamps.
456,the,paragraph,9,9,32,3,359,369.7273,359,477,360.6938,361.2584,1.6938,2.2584,1.6938,2.2584,segments/sentences/sent_32.mp4,segments/paragraphs/para_9.mp4,estimated-needs-review,Station people at the back of the march who are responsible for making sure that nobody gets left behind.,"Station people at the back of the march who are responsible for making sure that nobody gets left behind. Give a verbal description of the march route beforehand. Announce the destination and distance of the route. This lets folks choose to meet the march at its destination. DO NOT “direct” folks with mobility impairments to where you think they should be. Offer respectful suggestions; no one should be hurried along; no one should touch people or their mobility devices without their consent. Organize cars or vans to drive elders and people with disabilities along the route. Include these vehicles as part of the march, if possible. Provide seating at the destination. Have a team whose sole focus is the safety of the participants. Involve police liaisons.",Relative clip timestamp = main video word timestamp - segment start timestamp. Estimates are evenly divided and must be replaced with reviewed sign-level annotation timestamps.
457,back,paragraph,9,9,32,4,359,369.7273,359,477,361.2584,361.823,2.2584,2.823,2.2584,2.823,segments/sentences/sent_32.mp4,segments/paragraphs/para_9.mp4,estimated-needs-review,Station people at the back of the march who are responsible for making sure that nobody gets left behind.,"Station people at the back of the march who are responsible for making sure that nobody gets left behind. Give a verbal description of the march route beforehand. Announce the destination and distance of the route. This lets folks choose to meet the march at its destination. DO NOT “direct” folks with mobility impairments to where you think they should be. Offer respectful suggestions; no one should be hurried along; no one should touch people or their mobility devices without their consent. Organize cars or vans to drive elders and people with disabilities along the route. Include these vehicles as part of the march, if possible. Provide seating at the destination. Have a team whose sole focus is the safety of the participants. Involve police liaisons.",Relative clip timestamp = main video word timestamp - segment start timestamp. Estimates are evenly divided and must be replaced with reviewed sign-level annotation timestamps.
458,of,paragraph,9,9,32,5,359,369.7273,359,477,361.823,362.3876,2.823,3.3876,2.823,3.3876,segments/sentences/sent_32.mp4,segments/paragraphs/para_9.mp4,estimated-needs-review,Station people at the back of the march who are responsible for making sure that nobody gets left behind.,"Station people at the back of the march who are responsible for making sure that nobody gets left behind. Give a verbal description of the march route beforehand. Announce the destination and distance of the route. This lets folks choose to meet the march at its destination. DO NOT “direct” folks with mobility impairments to where you think they should be. Offer respectful suggestions; no one should be hurried along; no one should touch people or their mobility devices without their consent. Organize cars or vans to drive elders and people with disabilities along the route. Include these vehicles as part of the march, if possible. Provide seating at the destination. Have a team whose sole focus is the safety of the participants. Involve police liaisons.",Relative clip timestamp = main video word timestamp - segment start timestamp. Estimates are evenly divided and must be replaced with reviewed sign-level annotation timestamps.
459,the,paragraph,9,9,32,6,359,369.7273,359,477,362.3876,362.9522,3.3876,3.9522,3.3876,3.9522,segments/sentences/sent_32.mp4,segments/paragraphs/para_9.mp4,estimated-needs-review,Station people at the back of the march who are responsible for making sure that nobody gets left behind.,"Station people at the back of the march who are responsible for making sure that nobody gets left behind. Give a verbal description of the march route beforehand. Announce the destination and distance of the route. This lets folks choose to meet the march at its destination. DO NOT “direct” folks with mobility impairments to where you think they should be. Offer respectful suggestions; no one should be hurried along; no one should touch people or their mobility devices without their consent. Organize cars or vans to drive elders and people with disabilities along the route. Include these vehicles as part of the march, if possible. Provide seating at the destination. Have a team whose sole focus is the safety of the participants. Involve police liaisons.",Relative clip timestamp = main video word timestamp - segment start timestamp. Estimates are evenly divided and must be replaced with reviewed sign-level annotation timestamps.
460,march,paragraph,9,9,32,7,359,369.7273,359,477,362.9522,363.5167,3.9522,4.5167,3.9522,4.5167,segments/sentences/sent_32.mp4,segments/paragraphs/para_9.mp4,estimated-needs-review,Station people at the back of the march who are responsible for making sure that nobody gets left behind.,"Station people at the back of the march who are responsible for making sure that nobody gets left behind. Give a verbal description of the march route beforehand. Announce the destination and distance of the route. This lets folks choose to meet the march at its destination. DO NOT “direct” folks with mobility impairments to where you think they should be. Offer respectful suggestions; no one should be hurried along; no one should touch people or their mobility devices without their consent. Organize cars or vans to drive elders and people with disabilities along the route. Include these vehicles as part of the march, if possible. Provide seating at the destination. Have a team whose sole focus is the safety of the participants. Involve police liaisons.",Relative clip timestamp = main video word timestamp - segment start timestamp. Estimates are evenly divided and must be replaced with reviewed sign-level annotation timestamps.
461,who,paragraph,9,9,32,8,359,369.7273,359,477,363.5167,364.0813,4.5167,5.0813,4.5167,5.0813,segments/sentences/sent_32.mp4,segments/paragraphs/para_9.mp4,estimated-needs-review,Station people at the back of the march who are responsible for making sure that nobody gets left behind.,"Station people at the back of the march who are responsible for making sure that nobody gets left behind. Give a verbal description of the march route beforehand. Announce the destination and distance of the route. This lets folks choose to meet the march at its destination. DO NOT “direct” folks with mobility impairments to where you think they should be. Offer respectful suggestions; no one should be hurried along; no one should touch people or their mobility devices without their consent. Organize cars or vans to drive elders and people with disabilities along the route. Include these vehicles as part of the march, if possible. Provide seating at the destination. Have a team whose sole focus is the safety of the participants. Involve police liaisons.",Relative clip timestamp = main video word timestamp - segment start timestamp. Estimates are evenly divided and must be replaced with reviewed sign-level annotation timestamps.
462,are,paragraph,9,9,32,9,359,369.7273,359,477,364.0813,364.6459,5.0813,5.6459,5.0813,5.6459,segments/sentences/sent_32.mp4,segments/paragraphs/para_9.mp4,estimated-needs-review,Station people at the back of the march who are responsible for making sure that nobody gets left behind.,"Station people at the back of the march who are responsible for making sure that nobody gets left behind. Give a verbal description of the march route beforehand. Announce the destination and distance of the route. This lets folks choose to meet the march at its destination. DO NOT “direct” folks with mobility impairments to where you think they should be. Offer respectful suggestions; no one should be hurried along; no one should touch people or their mobility devices without their consent. Organize cars or vans to drive elders and people with disabilities along the route. Include these vehicles as part of the march, if possible. Provide seating at the destination. Have a team whose sole focus is the safety of the participants. Involve police liaisons.",Relative clip timestamp = main video word timestamp - segment start timestamp. Estimates are evenly divided and must be replaced with reviewed sign-level annotation timestamps.
463,responsible,paragraph,9,9,32,10,359,369.7273,359,477,364.6459,365.2105,5.6459,6.2105,5.6459,6.2105,segments/sentences/sent_32.mp4,segments/paragraphs/para_9.mp4,estimated-needs-review,Station people at the back of the march who are responsible for making sure that nobody gets left behind.,"Station people at the back of the march who are responsible for making sure that nobody gets left behind. Give a verbal description of the march route beforehand. Announce the destination and distance of the route. This lets folks choose to meet the march at its destination. DO NOT “direct” folks with mobility impairments to where you think they should be. Offer respectful suggestions; no one should be hurried along; no one should touch people or their mobility devices without their consent. Organize cars or vans to drive elders and people with disabilities along the route. Include these vehicles as part of the march, if possible. Provide seating at the destination. Have a team whose sole focus is the safety of the participants. Involve police liaisons.",Relative clip timestamp = main video word timestamp - segment start timestamp. Estimates are evenly divided and must be replaced with reviewed sign-level annotation timestamps.
464,for,paragraph,9,9,32,11,359,369.7273,359,477,365.2105,365.7751,6.2105,6.7751,6.2105,6.7751,segments/sentences/sent_32.mp4,segments/paragraphs/para_9.mp4,estimated-needs-review,Station people at the back of the march who are responsible for making sure that nobody gets left behind.,"Station people at the back of the march who are responsible for making sure that nobody gets left behind. Give a verbal description of the march route beforehand. Announce the destination and distance of the route. This lets folks choose to meet the march at its destination. DO NOT “direct” folks with mobility impairments to where you think they should be. Offer respectful suggestions; no one should be hurried along; no one should touch people or their mobility devices without their consent. Organize cars or vans to drive elders and people with disabilities along the route. Include these vehicles as part of the march, if possible. Provide seating at the destination. Have a team whose sole focus is the safety of the participants. Involve police liaisons.",Relative clip timestamp = main video word timestamp - segment start timestamp. Estimates are evenly divided and must be replaced with reviewed sign-level annotation timestamps.
465,making,paragraph,9,9,32,12,359,369.7273,359,477,365.7751,366.3397,6.7751,7.3397,6.7751,7.3397,segments/sentences/sent_32.mp4,segments/paragraphs/para_9.mp4,estimated-needs-review,Station people at the back of the march who are responsible for making sure that nobody gets left behind.,"Station people at the back of the march who are responsible for making sure that nobody gets left behind. Give a verbal description of the march route beforehand. Announce the destination and distance of the route. This lets folks choose to meet the march at its destination. DO NOT “direct” folks with mobility impairments to where you think they should be. Offer respectful suggestions; no one should be hurried along; no one should touch people or their mobility devices without their consent. Organize cars or vans to drive elders and people with disabilities along the route. Include these vehicles as part of the march, if possible. Provide seating at the destination. Have a team whose sole focus is the safety of the participants. Involve police liaisons.",Relative clip timestamp = main video word timestamp - segment start timestamp. Estimates are evenly divided and must be replaced with reviewed sign-level annotation timestamps.
466,sure,paragraph,9,9,32,13,359,369.7273,359,477,366.3397,366.9043,7.3397,7.9043,7.3397,7.9043,segments/sentences/sent_32.mp4,segments/paragraphs/para_9.mp4,estimated-needs-review,Station people at the back of the march who are responsible for making sure that nobody gets left behind.,"Station people at the back of the march who are responsible for making sure that nobody gets left behind. Give a verbal description of the march route beforehand. Announce the destination and distance of the route. This lets folks choose to meet the march at its destination. DO NOT “direct” folks with mobility impairments to where you think they should be. Offer respectful suggestions; no one should be hurried along; no one should touch people or their mobility devices without their consent. Organize cars or vans to drive elders and people with disabilities along the route. Include these vehicles as part of the march, if possible. Provide seating at the destination. Have a team whose sole focus is the safety of the participants. Involve police liaisons.",Relative clip timestamp = main video word timestamp - segment start timestamp. Estimates are evenly divided and must be replaced with reviewed sign-level annotation timestamps.
467,that,paragraph,9,9,32,14,359,369.7273,359,477,366.9043,367.4689,7.9043,8.4689,7.9043,8.4689,segments/sentences/sent_32.mp4,segments/paragraphs/para_9.mp4,estimated-needs-review,Station people at the back of the march who are responsible for making sure that nobody gets left behind.,"Station people at the back of the march who are responsible for making sure that nobody gets left behind. Give a verbal description of the march route beforehand. Announce the destination and distance of the route. This lets folks choose to meet the march at its destination. DO NOT “direct” folks with mobility impairments to where you think they should be. Offer respectful suggestions; no one should be hurried along; no one should touch people or their mobility devices without their consent. Organize cars or vans to drive elders and people with disabilities along the route. Include these vehicles as part of the march, if possible. Provide seating at the destination. Have a team whose sole focus is the safety of the participants. Involve police liaisons.",Relative clip timestamp = main video word timestamp - segment start timestamp. Estimates are evenly divided and must be replaced with reviewed sign-level annotation timestamps.
468,nobody,paragraph,9,9,32,15,359,369.7273,359,477,367.4689,368.0335,8.4689,9.0335,8.4689,9.0335,segments/sentences/sent_32.mp4,segments/paragraphs/para_9.mp4,estimated-needs-review,Station people at the back of the march who are responsible for making sure that nobody gets left behind.,"Station people at the back of the march who are responsible for making sure that nobody gets left behind. Give a verbal description of the march route beforehand. Announce the destination and distance of the route. This lets folks choose to meet the march at its destination. DO NOT “direct” folks with mobility impairments to where you think they should be. Offer respectful suggestions; no one should be hurried along; no one should touch people or their mobility devices without their consent. Organize cars or vans to drive elders and people with disabilities along the route. Include these vehicles as part of the march, if possible. Provide seating at the destination. Have a team whose sole focus is the safety of the participants. Involve police liaisons.",Relative clip timestamp = main video word timestamp - segment start timestamp. Estimates are evenly divided and must be replaced with reviewed sign-level annotation timestamps.
469,gets,paragraph,9,9,32,16,359,369.7273,359,477,368.0335,368.5981,9.0335,9.5981,9.0335,9.5981,segments/sentences/sent_32.mp4,segments/paragraphs/para_9.mp4,estimated-needs-review,Station people at the back of the march who are responsible for making sure that nobody gets left behind.,"Station people at the back of the march who are responsible for making sure that nobody gets left behind. Give a verbal description of the march route beforehand. Announce the destination and distance of the route. This lets folks choose to meet the march at its destination. DO NOT “direct” folks with mobility impairments to where you think they should be. Offer respectful suggestions; no one should be hurried along; no one should touch people or their mobility devices without their consent. Organize cars or vans to drive elders and people with disabilities along the route. Include these vehicles as part of the march, if possible. Provide seating at the destination. Have a team whose sole focus is the safety of the participants. Involve police liaisons.",Relative clip timestamp = main video word timestamp - segment start timestamp. Estimates are evenly divided and must be replaced with reviewed sign-level annotation timestamps.
470,left,paragraph,9,9,32,17,359,369.7273,359,477,368.5981,369.1627,9.5981,10.1627,9.5981,10.1627,segments/sentences/sent_32.mp4,segments/paragraphs/para_9.mp4,estimated-needs-review,Station people at the back of the march who are responsible for making sure that nobody gets left behind.,"Station people at the back of the march who are responsible for making sure that nobody gets left behind. Give a verbal description of the march route beforehand. Announce the destination and distance of the route. This lets folks choose to meet the march at its destination. DO NOT “direct” folks with mobility impairments to where you think they should be. Offer respectful suggestions; no one should be hurried along; no one should touch people or their mobility devices without their consent. Organize cars or vans to drive elders and people with disabilities along the route. Include these vehicles as part of the march, if possible. Provide seating at the destination. Have a team whose sole focus is the safety of the participants. Involve police liaisons.",Relative clip timestamp = main video word timestamp - segment start timestamp. Estimates are evenly divided and must be replaced with reviewed sign-level annotation timestamps.
471,behind,paragraph,9,9,32,18,359,369.7273,359,477,369.1627,369.7273,10.1627,10.7273,10.1627,10.7273,segments/sentences/sent_32.mp4,segments/paragraphs/para_9.mp4,estimated-needs-review,Station people at the back of the march who are responsible for making sure that nobody gets left behind.,"Station people at the back of the march who are responsible for making sure that nobody gets left behind. Give a verbal description of the march route beforehand. Announce the destination and distance of the route. This lets folks choose to meet the march at its destination. DO NOT “direct” folks with mobility impairments to where you think they should be. Offer respectful suggestions; no one should be hurried along; no one should touch people or their mobility devices without their consent. Organize cars or vans to drive elders and people with disabilities along the route. Include these vehicles as part of the march, if possible. Provide seating at the destination. Have a team whose sole focus is the safety of the participants. Involve police liaisons.",Relative clip timestamp = main video word timestamp - segment start timestamp. Estimates are evenly divided and must be replaced with reviewed sign-level annotation timestamps.
472,give,paragraph,9,9,33,0,369.7273,380.4545,359,477,369.7273,370.9192,0,1.1919,10.7273,11.9192,segments/sentences/sent_33.mp4,segments/paragraphs/para_9.mp4,estimated-needs-review,Give a verbal description of the march route beforehand.,"Station people at the back of the march who are responsible for making sure that nobody gets left behind. Give a verbal description of the march route beforehand. Announce the destination and distance of the route. This lets folks choose to meet the march at its destination. DO NOT “direct” folks with mobility impairments to where you think they should be. Offer respectful suggestions; no one should be hurried along; no one should touch people or their mobility devices without their consent. Organize cars or vans to drive elders and people with disabilities along the route. Include these vehicles as part of the march, if possible. Provide seating at the destination. Have a team whose sole focus is the safety of the participants. Involve police liaisons.",Relative clip timestamp = main video word timestamp - segment start timestamp. Estimates are evenly divided and must be replaced with reviewed sign-level annotation timestamps.
473,a,paragraph,9,9,33,1,369.7273,380.4545,359,477,370.9192,372.1111,1.1919,2.3838,11.9192,13.1111,segments/sentences/sent_33.mp4,segments/paragraphs/para_9.mp4,estimated-needs-review,Give a verbal description of the march route beforehand.,"Station people at the back of the march who are responsible for making sure that nobody gets left behind. Give a verbal description of the march route beforehand. Announce the destination and distance of the route. This lets folks choose to meet the march at its destination. DO NOT “direct” folks with mobility impairments to where you think they should be. Offer respectful suggestions; no one should be hurried along; no one should touch people or their mobility devices without their consent. Organize cars or vans to drive elders and people with disabilities along the route. Include these vehicles as part of the march, if possible. Provide seating at the destination. Have a team whose sole focus is the safety of the participants. Involve police liaisons.",Relative clip timestamp = main video word timestamp - segment start timestamp. Estimates are evenly divided and must be replaced with reviewed sign-level annotation timestamps.
474,verbal,paragraph,9,9,33,2,369.7273,380.4545,359,477,372.1111,373.303,2.3838,3.5757,13.1111,14.303,segments/sentences/sent_33.mp4,segments/paragraphs/para_9.mp4,estimated-needs-review,Give a verbal description of the march route beforehand.,"Station people at the back of the march who are responsible for making sure that nobody gets left behind. Give a verbal description of the march route beforehand. Announce the destination and distance of the route. This lets folks choose to meet the march at its destination. DO NOT “direct” folks with mobility impairments to where you think they should be. Offer respectful suggestions; no one should be hurried along; no one should touch people or their mobility devices without their consent. Organize cars or vans to drive elders and people with disabilities along the route. Include these vehicles as part of the march, if possible. Provide seating at the destination. Have a team whose sole focus is the safety of the participants. Involve police liaisons.",Relative clip timestamp = main video word timestamp - segment start timestamp. Estimates are evenly divided and must be replaced with reviewed sign-level annotation timestamps.
475,description,paragraph,9,9,33,3,369.7273,380.4545,359,477,373.303,374.4949,3.5757,4.7676,14.303,15.4949,segments/sentences/sent_33.mp4,segments/paragraphs/para_9.mp4,estimated-needs-review,Give a verbal description of the march route beforehand.,"Station people at the back of the march who are responsible for making sure that nobody gets left behind. Give a verbal description of the march route beforehand. Announce the destination and distance of the route. This lets folks choose to meet the march at its destination. DO NOT “direct” folks with mobility impairments to where you think they should be. Offer respectful suggestions; no one should be hurried along; no one should touch people or their mobility devices without their consent. Organize cars or vans to drive elders and people with disabilities along the route. Include these vehicles as part of the march, if possible. Provide seating at the destination. Have a team whose sole focus is the safety of the participants. Involve police liaisons.",Relative clip timestamp = main video word timestamp - segment start timestamp. Estimates are evenly divided and must be replaced with reviewed sign-level annotation timestamps.
476,of,paragraph,9,9,33,4,369.7273,380.4545,359,477,374.4949,375.6869,4.7676,5.9596,15.4949,16.6869,segments/sentences/sent_33.mp4,segments/paragraphs/para_9.mp4,estimated-needs-review,Give a verbal description of the march route beforehand.,"Station people at the back of the march who are responsible for making sure that nobody gets left behind. Give a verbal description of the march route beforehand. Announce the destination and distance of the route. This lets folks choose to meet the march at its destination. DO NOT “direct” folks with mobility impairments to where you think they should be. Offer respectful suggestions; no one should be hurried along; no one should touch people or their mobility devices without their consent. Organize cars or vans to drive elders and people with disabilities along the route. Include these vehicles as part of the march, if possible. Provide seating at the destination. Have a team whose sole focus is the safety of the participants. Involve police liaisons.",Relative clip timestamp = main video word timestamp - segment start timestamp. Estimates are evenly divided and must be replaced with reviewed sign-level annotation timestamps.
477,the,paragraph,9,9,33,5,369.7273,380.4545,359,477,375.6869,376.8788,5.9596,7.1515,16.6869,17.8788,segments/sentences/sent_33.mp4,segments/paragraphs/para_9.mp4,estimated-needs-review,Give a verbal description of the march route beforehand.,"Station people at the back of the march who are responsible for making sure that nobody gets left behind. Give a verbal description of the march route beforehand. Announce the destination and distance of the route. This lets folks choose to meet the march at its destination. DO NOT “direct” folks with mobility impairments to where you think they should be. Offer respectful suggestions; no one should be hurried along; no one should touch people or their mobility devices without their consent. Organize cars or vans to drive elders and people with disabilities along the route. Include these vehicles as part of the march, if possible. Provide seating at the destination. Have a team whose sole focus is the safety of the participants. Involve police liaisons.",Relative clip timestamp = main video word timestamp - segment start timestamp. Estimates are evenly divided and must be replaced with reviewed sign-level annotation timestamps.
478,march,paragraph,9,9,33,6,369.7273,380.4545,359,477,376.8788,378.0707,7.1515,8.3434,17.8788,19.0707,segments/sentences/sent_33.mp4,segments/paragraphs/para_9.mp4,estimated-needs-review,Give a verbal description of the march route beforehand.,"Station people at the back of the march who are responsible for making sure that nobody gets left behind. Give a verbal description of the march route beforehand. Announce the destination and distance of the route. This lets folks choose to meet the march at its destination. DO NOT “direct” folks with mobility impairments to where you think they should be. Offer respectful suggestions; no one should be hurried along; no one should touch people or their mobility devices without their consent. Organize cars or vans to drive elders and people with disabilities along the route. Include these vehicles as part of the march, if possible. Provide seating at the destination. Have a team whose sole focus is the safety of the participants. Involve police liaisons.",Relative clip timestamp = main video word timestamp - segment start timestamp. Estimates are evenly divided and must be replaced with reviewed sign-level annotation timestamps.
479,route,paragraph,9,9,33,7,369.7273,380.4545,359,477,378.0707,379.2626,8.3434,9.5353,19.0707,20.2626,segments/sentences/sent_33.mp4,segments/paragraphs/para_9.mp4,estimated-needs-review,Give a verbal description of the march route beforehand.,"Station people at the back of the march who are responsible for making sure that nobody gets left behind. Give a verbal description of the march route beforehand. Announce the destination and distance of the route. This lets folks choose to meet the march at its destination. DO NOT “direct” folks with mobility impairments to where you think they should be. Offer respectful suggestions; no one should be hurried along; no one should touch people or their mobility devices without their consent. Organize cars or vans to drive elders and people with disabilities along the route. Include these vehicles as part of the march, if possible. Provide seating at the destination. Have a team whose sole focus is the safety of the participants. Involve police liaisons.",Relative clip timestamp = main video word timestamp - segment start timestamp. Estimates are evenly divided and must be replaced with reviewed sign-level annotation timestamps.
480,beforehand,paragraph,9,9,33,8,369.7273,380.4545,359,477,379.2626,380.4545,9.5353,10.7272,20.2626,21.4545,segments/sentences/sent_33.mp4,segments/paragraphs/para_9.mp4,estimated-needs-review,Give a verbal description of the march route beforehand.,"Station people at the back of the march who are responsible for making sure that nobody gets left behind. Give a verbal description of the march route beforehand. Announce the destination and distance of the route. This lets folks choose to meet the march at its destination. DO NOT “direct” folks with mobility impairments to where you think they should be. Offer respectful suggestions; no one should be hurried along; no one should touch people or their mobility devices without their consent. Organize cars or vans to drive elders and people with disabilities along the route. Include these vehicles as part of the march, if possible. Provide seating at the destination. Have a team whose sole focus is the safety of the participants. Involve police liaisons.",Relative clip timestamp = main video word timestamp - segment start timestamp. Estimates are evenly divided and must be replaced with reviewed sign-level annotation timestamps.
481,announce,paragraph,9,9,34,0,380.4545,391.1818,359,477,380.4545,381.7955,0,1.341,21.4545,22.7955,segments/sentences/sent_34.mp4,segments/paragraphs/para_9.mp4,estimated-needs-review,Announce the destination and distance of the route.,"Station people at the back of the march who are responsible for making sure that nobody gets left behind. Give a verbal description of the march route beforehand. Announce the destination and distance of the route. This lets folks choose to meet the march at its destination. DO NOT “direct” folks with mobility impairments to where you think they should be. Offer respectful suggestions; no one should be hurried along; no one should touch people or their mobility devices without their consent. Organize cars or vans to drive elders and people with disabilities along the route. Include these vehicles as part of the march, if possible. Provide seating at the destination. Have a team whose sole focus is the safety of the participants. Involve police liaisons.",Relative clip timestamp = main video word timestamp - segment start timestamp. Estimates are evenly divided and must be replaced with reviewed sign-level annotation timestamps.
482,the,paragraph,9,9,34,1,380.4545,391.1818,359,477,381.7955,383.1364,1.341,2.6819,22.7955,24.1364,segments/sentences/sent_34.mp4,segments/paragraphs/para_9.mp4,estimated-needs-review,Announce the destination and distance of the route.,"Station people at the back of the march who are responsible for making sure that nobody gets left behind. Give a verbal description of the march route beforehand. Announce the destination and distance of the route. This lets folks choose to meet the march at its destination. DO NOT “direct” folks with mobility impairments to where you think they should be. Offer respectful suggestions; no one should be hurried along; no one should touch people or their mobility devices without their consent. Organize cars or vans to drive elders and people with disabilities along the route. Include these vehicles as part of the march, if possible. Provide seating at the destination. Have a team whose sole focus is the safety of the participants. Involve police liaisons.",Relative clip timestamp = main video word timestamp - segment start timestamp. Estimates are evenly divided and must be replaced with reviewed sign-level annotation timestamps.
483,destination,paragraph,9,9,34,2,380.4545,391.1818,359,477,383.1364,384.4773,2.6819,4.0228,24.1364,25.4773,segments/sentences/sent_34.mp4,segments/paragraphs/para_9.mp4,estimated-needs-review,Announce the destination and distance of the route.,"Station people at the back of the march who are responsible for making sure that nobody gets left behind. Give a verbal description of the march route beforehand. Announce the destination and distance of the route. This lets folks choose to meet the march at its destination. DO NOT “direct” folks with mobility impairments to where you think they should be. Offer respectful suggestions; no one should be hurried along; no one should touch people or their mobility devices without their consent. Organize cars or vans to drive elders and people with disabilities along the route. Include these vehicles as part of the march, if possible. Provide seating at the destination. Have a team whose sole focus is the safety of the participants. Involve police liaisons.",Relative clip timestamp = main video word timestamp - segment start timestamp. Estimates are evenly divided and must be replaced with reviewed sign-level annotation timestamps.
484,and,paragraph,9,9,34,3,380.4545,391.1818,359,477,384.4773,385.8182,4.0228,5.3637,25.4773,26.8182,segments/sentences/sent_34.mp4,segments/paragraphs/para_9.mp4,estimated-needs-review,Announce the destination and distance of the route.,"Station people at the back of the march who are responsible for making sure that nobody gets left behind. Give a verbal description of the march route beforehand. Announce the destination and distance of the route. This lets folks choose to meet the march at its destination. DO NOT “direct” folks with mobility impairments to where you think they should be. Offer respectful suggestions; no one should be hurried along; no one should touch people or their mobility devices without their consent. Organize cars or vans to drive elders and people with disabilities along the route. Include these vehicles as part of the march, if possible. Provide seating at the destination. Have a team whose sole focus is the safety of the participants. Involve police liaisons.",Relative clip timestamp = main video word timestamp - segment start timestamp. Estimates are evenly divided and must be replaced with reviewed sign-level annotation timestamps.
485,distance,paragraph,9,9,34,4,380.4545,391.1818,359,477,385.8182,387.1591,5.3637,6.7046,26.8182,28.1591,segments/sentences/sent_34.mp4,segments/paragraphs/para_9.mp4,estimated-needs-review,Announce the destination and distance of the route.,"Station people at the back of the march who are responsible for making sure that nobody gets left behind. Give a verbal description of the march route beforehand. Announce the destination and distance of the route. This lets folks choose to meet the march at its destination. DO NOT “direct” folks with mobility impairments to where you think they should be. Offer respectful suggestions; no one should be hurried along; no one should touch people or their mobility devices without their consent. Organize cars or vans to drive elders and people with disabilities along the route. Include these vehicles as part of the march, if possible. Provide seating at the destination. Have a team whose sole focus is the safety of the participants. Involve police liaisons.",Relative clip timestamp = main video word timestamp - segment start timestamp. Estimates are evenly divided and must be replaced with reviewed sign-level annotation timestamps.
486,of,paragraph,9,9,34,5,380.4545,391.1818,359,477,387.1591,388.5,6.7046,8.0455,28.1591,29.5,segments/sentences/sent_34.mp4,segments/paragraphs/para_9.mp4,estimated-needs-review,Announce the destination and distance of the route.,"Station people at the back of the march who are responsible for making sure that nobody gets left behind. Give a verbal description of the march route beforehand. Announce the destination and distance of the route. This lets folks choose to meet the march at its destination. DO NOT “direct” folks with mobility impairments to where you think they should be. Offer respectful suggestions; no one should be hurried along; no one should touch people or their mobility devices without their consent. Organize cars or vans to drive elders and people with disabilities along the route. Include these vehicles as part of the march, if possible. Provide seating at the destination. Have a team whose sole focus is the safety of the participants. Involve police liaisons.",Relative clip timestamp = main video word timestamp - segment start timestamp. Estimates are evenly divided and must be replaced with reviewed sign-level annotation timestamps.
487,the,paragraph,9,9,34,6,380.4545,391.1818,359,477,388.5,389.8409,8.0455,9.3864,29.5,30.8409,segments/sentences/sent_34.mp4,segments/paragraphs/para_9.mp4,estimated-needs-review,Announce the destination and distance of the route.,"Station people at the back of the march who are responsible for making sure that nobody gets left behind. Give a verbal description of the march route beforehand. Announce the destination and distance of the route. This lets folks choose to meet the march at its destination. DO NOT “direct” folks with mobility impairments to where you think they should be. Offer respectful suggestions; no one should be hurried along; no one should touch people or their mobility devices without their consent. Organize cars or vans to drive elders and people with disabilities along the route. Include these vehicles as part of the march, if possible. Provide seating at the destination. Have a team whose sole focus is the safety of the participants. Involve police liaisons.",Relative clip timestamp = main video word timestamp - segment start timestamp. Estimates are evenly divided and must be replaced with reviewed sign-level annotation timestamps.
488,route,paragraph,9,9,34,7,380.4545,391.1818,359,477,389.8409,391.1818,9.3864,10.7273,30.8409,32.1818,segments/sentences/sent_34.mp4,segments/paragraphs/para_9.mp4,estimated-needs-review,Announce the destination and distance of the route.,"Station people at the back of the march who are responsible for making sure that nobody gets left behind. Give a verbal description of the march route beforehand. Announce the destination and distance of the route. This lets folks choose to meet the march at its destination. DO NOT “direct” folks with mobility impairments to where you think they should be. Offer respectful suggestions; no one should be hurried along; no one should touch people or their mobility devices without their consent. Organize cars or vans to drive elders and people with disabilities along the route. Include these vehicles as part of the march, if possible. Provide seating at the destination. Have a team whose sole focus is the safety of the participants. Involve police liaisons.",Relative clip timestamp = main video word timestamp - segment start timestamp. Estimates are evenly divided and must be replaced with reviewed sign-level annotation timestamps.
489,this,paragraph,9,9,35,0,391.1818,401.9091,359,477,391.1818,392.157,0,0.9752,32.1818,33.157,segments/sentences/sent_35.mp4,segments/paragraphs/para_9.mp4,estimated-needs-review,This lets folks choose to meet the march at its destination.,"Station people at the back of the march who are responsible for making sure that nobody gets left behind. Give a verbal description of the march route beforehand. Announce the destination and distance of the route. This lets folks choose to meet the march at its destination. DO NOT “direct” folks with mobility impairments to where you think they should be. Offer respectful suggestions; no one should be hurried along; no one should touch people or their mobility devices without their consent. Organize cars or vans to drive elders and people with disabilities along the route. Include these vehicles as part of the march, if possible. Provide seating at the destination. Have a team whose sole focus is the safety of the participants. Involve police liaisons.",Relative clip timestamp = main video word timestamp - segment start timestamp. Estimates are evenly divided and must be replaced with reviewed sign-level annotation timestamps.
490,lets,paragraph,9,9,35,1,391.1818,401.9091,359,477,392.157,393.1322,0.9752,1.9504,33.157,34.1322,segments/sentences/sent_35.mp4,segments/paragraphs/para_9.mp4,estimated-needs-review,This lets folks choose to meet the march at its destination.,"Station people at the back of the march who are responsible for making sure that nobody gets left behind. Give a verbal description of the march route beforehand. Announce the destination and distance of the route. This lets folks choose to meet the march at its destination. DO NOT “direct” folks with mobility impairments to where you think they should be. Offer respectful suggestions; no one should be hurried along; no one should touch people or their mobility devices without their consent. Organize cars or vans to drive elders and people with disabilities along the route. Include these vehicles as part of the march, if possible. Provide seating at the destination. Have a team whose sole focus is the safety of the participants. Involve police liaisons.",Relative clip timestamp = main video word timestamp - segment start timestamp. Estimates are evenly divided and must be replaced with reviewed sign-level annotation timestamps.
491,folks,paragraph,9,9,35,2,391.1818,401.9091,359,477,393.1322,394.1074,1.9504,2.9256,34.1322,35.1074,segments/sentences/sent_35.mp4,segments/paragraphs/para_9.mp4,estimated-needs-review,This lets folks choose to meet the march at its destination.,"Station people at the back of the march who are responsible for making sure that nobody gets left behind. Give a verbal description of the march route beforehand. Announce the destination and distance of the route. This lets folks choose to meet the march at its destination. DO NOT “direct” folks with mobility impairments to where you think they should be. Offer respectful suggestions; no one should be hurried along; no one should touch people or their mobility devices without their consent. Organize cars or vans to drive elders and people with disabilities along the route. Include these vehicles as part of the march, if possible. Provide seating at the destination. Have a team whose sole focus is the safety of the participants. Involve police liaisons.",Relative clip timestamp = main video word timestamp - segment start timestamp. Estimates are evenly divided and must be replaced with reviewed sign-level annotation timestamps.
492,choose,paragraph,9,9,35,3,391.1818,401.9091,359,477,394.1074,395.0826,2.9256,3.9008,35.1074,36.0826,segments/sentences/sent_35.mp4,segments/paragraphs/para_9.mp4,estimated-needs-review,This lets folks choose to meet the march at its destination.,"Station people at the back of the march who are responsible for making sure that nobody gets left behind. Give a verbal description of the march route beforehand. Announce the destination and distance of the route. This lets folks choose to meet the march at its destination. DO NOT “direct” folks with mobility impairments to where you think they should be. Offer respectful suggestions; no one should be hurried along; no one should touch people or their mobility devices without their consent. Organize cars or vans to drive elders and people with disabilities along the route. Include these vehicles as part of the march, if possible. Provide seating at the destination. Have a team whose sole focus is the safety of the participants. Involve police liaisons.",Relative clip timestamp = main video word timestamp - segment start timestamp. Estimates are evenly divided and must be replaced with reviewed sign-level annotation timestamps.
493,to,paragraph,9,9,35,4,391.1818,401.9091,359,477,395.0826,396.0579,3.9008,4.8761,36.0826,37.0579,segments/sentences/sent_35.mp4,segments/paragraphs/para_9.mp4,estimated-needs-review,This lets folks choose to meet the march at its destination.,"Station people at the back of the march who are responsible for making sure that nobody gets left behind. Give a verbal description of the march route beforehand. Announce the destination and distance of the route. This lets folks choose to meet the march at its destination. DO NOT “direct” folks with mobility impairments to where you think they should be. Offer respectful suggestions; no one should be hurried along; no one should touch people or their mobility devices without their consent. Organize cars or vans to drive elders and people with disabilities along the route. Include these vehicles as part of the march, if possible. Provide seating at the destination. Have a team whose sole focus is the safety of the participants. Involve police liaisons.",Relative clip timestamp = main video word timestamp - segment start timestamp. Estimates are evenly divided and must be replaced with reviewed sign-level annotation timestamps.
494,meet,paragraph,9,9,35,5,391.1818,401.9091,359,477,396.0579,397.0331,4.8761,5.8513,37.0579,38.0331,segments/sentences/sent_35.mp4,segments/paragraphs/para_9.mp4,estimated-needs-review,This lets folks choose to meet the march at its destination.,"Station people at the back of the march who are responsible for making sure that nobody gets left behind. Give a verbal description of the march route beforehand. Announce the destination and distance of the route. This lets folks choose to meet the march at its destination. DO NOT “direct” folks with mobility impairments to where you think they should be. Offer respectful suggestions; no one should be hurried along; no one should touch people or their mobility devices without their consent. Organize cars or vans to drive elders and people with disabilities along the route. Include these vehicles as part of the march, if possible. Provide seating at the destination. Have a team whose sole focus is the safety of the participants. Involve police liaisons.",Relative clip timestamp = main video word timestamp - segment start timestamp. Estimates are evenly divided and must be replaced with reviewed sign-level annotation timestamps.
495,the,paragraph,9,9,35,6,391.1818,401.9091,359,477,397.0331,398.0083,5.8513,6.8265,38.0331,39.0083,segments/sentences/sent_35.mp4,segments/paragraphs/para_9.mp4,estimated-needs-review,This lets folks choose to meet the march at its destination.,"Station people at the back of the march who are responsible for making sure that nobody gets left behind. Give a verbal description of the march route beforehand. Announce the destination and distance of the route. This lets folks choose to meet the march at its destination. DO NOT “direct” folks with mobility impairments to where you think they should be. Offer respectful suggestions; no one should be hurried along; no one should touch people or their mobility devices without their consent. Organize cars or vans to drive elders and people with disabilities along the route. Include these vehicles as part of the march, if possible. Provide seating at the destination. Have a team whose sole focus is the safety of the participants. Involve police liaisons.",Relative clip timestamp = main video word timestamp - segment start timestamp. Estimates are evenly divided and must be replaced with reviewed sign-level annotation timestamps.
496,march,paragraph,9,9,35,7,391.1818,401.9091,359,477,398.0083,398.9835,6.8265,7.8017,39.0083,39.9835,segments/sentences/sent_35.mp4,segments/paragraphs/para_9.mp4,estimated-needs-review,This lets folks choose to meet the march at its destination.,"Station people at the back of the march who are responsible for making sure that nobody gets left behind. Give a verbal description of the march route beforehand. Announce the destination and distance of the route. This lets folks choose to meet the march at its destination. DO NOT “direct” folks with mobility impairments to where you think they should be. Offer respectful suggestions; no one should be hurried along; no one should touch people or their mobility devices without their consent. Organize cars or vans to drive elders and people with disabilities along the route. Include these vehicles as part of the march, if possible. Provide seating at the destination. Have a team whose sole focus is the safety of the participants. Involve police liaisons.",Relative clip timestamp = main video word timestamp - segment start timestamp. Estimates are evenly divided and must be replaced with reviewed sign-level annotation timestamps.
497,at,paragraph,9,9,35,8,391.1818,401.9091,359,477,398.9835,399.9587,7.8017,8.7769,39.9835,40.9587,segments/sentences/sent_35.mp4,segments/paragraphs/para_9.mp4,estimated-needs-review,This lets folks choose to meet the march at its destination.,"Station people at the back of the march who are responsible for making sure that nobody gets left behind. Give a verbal description of the march route beforehand. Announce the destination and distance of the route. This lets folks choose to meet the march at its destination. DO NOT “direct” folks with mobility impairments to where you think they should be. Offer respectful suggestions; no one should be hurried along; no one should touch people or their mobility devices without their consent. Organize cars or vans to drive elders and people with disabilities along the route. Include these vehicles as part of the march, if possible. Provide seating at the destination. Have a team whose sole focus is the safety of the participants. Involve police liaisons.",Relative clip timestamp = main video word timestamp - segment start timestamp. Estimates are evenly divided and must be replaced with reviewed sign-level annotation timestamps.
498,its,paragraph,9,9,35,9,391.1818,401.9091,359,477,399.9587,400.9339,8.7769,9.7521,40.9587,41.9339,segments/sentences/sent_35.mp4,segments/paragraphs/para_9.mp4,estimated-needs-review,This lets folks choose to meet the march at its destination.,"Station people at the back of the march who are responsible for making sure that nobody gets left behind. Give a verbal description of the march route beforehand. Announce the destination and distance of the route. This lets folks choose to meet the march at its destination. DO NOT “direct” folks with mobility impairments to where you think they should be. Offer respectful suggestions; no one should be hurried along; no one should touch people or their mobility devices without their consent. Organize cars or vans to drive elders and people with disabilities along the route. Include these vehicles as part of the march, if possible. Provide seating at the destination. Have a team whose sole focus is the safety of the participants. Involve police liaisons.",Relative clip timestamp = main video word timestamp - segment start timestamp. Estimates are evenly divided and must be replaced with reviewed sign-level annotation timestamps.
499,destination,paragraph,9,9,35,10,391.1818,401.9091,359,477,400.9339,401.9091,9.7521,10.7273,41.9339,42.9091,segments/sentences/sent_35.mp4,segments/paragraphs/para_9.mp4,estimated-needs-review,This lets folks choose to meet the march at its destination.,"Station people at the back of the march who are responsible for making sure that nobody gets left behind. Give a verbal description of the march route beforehand. Announce the destination and distance of the route. This lets folks choose to meet the march at its destination. DO NOT “direct” folks with mobility impairments to where you think they should be. Offer respectful suggestions; no one should be hurried along; no one should touch people or their mobility devices without their consent. Organize cars or vans to drive elders and people with disabilities along the route. Include these vehicles as part of the march, if possible. Provide seating at the destination. Have a team whose sole focus is the safety of the participants. Involve police liaisons.",Relative clip timestamp = main video word timestamp - segment start timestamp. Estimates are evenly divided and must be replaced with reviewed sign-level annotation timestamps.
500,do,paragraph,9,9,36,0,401.9091,412.6364,359,477,401.9091,402.6753,0,0.7662,42.9091,43.6753,segments/sentences/sent_36.mp4,segments/paragraphs/para_9.mp4,estimated-needs-review,DO NOT “direct” folks with mobility impairments to where you think they should be.,"Station people at the back of the march who are responsible for making sure that nobody gets left behind. Give a verbal description of the march route beforehand. Announce the destination and distance of the route. This lets folks choose to meet the march at its destination. DO NOT “direct” folks with mobility impairments to where you think they should be. Offer respectful suggestions; no one should be hurried along; no one should touch people or their mobility devices without their consent. Organize cars or vans to drive elders and people with disabilities along the route. Include these vehicles as part of the march, if possible. Provide seating at the destination. Have a team whose sole focus is the safety of the participants. Involve police liaisons.",Relative clip timestamp = main video word timestamp - segment start timestamp. Estimates are evenly divided and must be replaced with reviewed sign-level annotation timestamps.
501,not,paragraph,9,9,36,1,401.9091,412.6364,359,477,402.6753,403.4416,0.7662,1.5325,43.6753,44.4416,segments/sentences/sent_36.mp4,segments/paragraphs/para_9.mp4,estimated-needs-review,DO NOT “direct” folks with mobility impairments to where you think they should be.,"Station people at the back of the march who are responsible for making sure that nobody gets left behind. Give a verbal description of the march route beforehand. Announce the destination and distance of the route. This lets folks choose to meet the march at its destination. DO NOT “direct” folks with mobility impairments to where you think they should be. Offer respectful suggestions; no one should be hurried along; no one should touch people or their mobility devices without their consent. Organize cars or vans to drive elders and people with disabilities along the route. Include these vehicles as part of the march, if possible. Provide seating at the destination. Have a team whose sole focus is the safety of the participants. Involve police liaisons.",Relative clip timestamp = main video word timestamp - segment start timestamp. Estimates are evenly divided and must be replaced with reviewed sign-level annotation timestamps.
502,direct,paragraph,9,9,36,2,401.9091,412.6364,359,477,403.4416,404.2078,1.5325,2.2987,44.4416,45.2078,segments/sentences/sent_36.mp4,segments/paragraphs/para_9.mp4,estimated-needs-review,DO NOT “direct” folks with mobility impairments to where you think they should be.,"Station people at the back of the march who are responsible for making sure that nobody gets left behind. Give a verbal description of the march route beforehand. Announce the destination and distance of the route. This lets folks choose to meet the march at its destination. DO NOT “direct” folks with mobility impairments to where you think they should be. Offer respectful suggestions; no one should be hurried along; no one should touch people or their mobility devices without their consent. Organize cars or vans to drive elders and people with disabilities along the route. Include these vehicles as part of the march, if possible. Provide seating at the destination. Have a team whose sole focus is the safety of the participants. Involve police liaisons.",Relative clip timestamp = main video word timestamp - segment start timestamp. Estimates are evenly divided and must be replaced with reviewed sign-level annotation timestamps.
503,folks,paragraph,9,9,36,3,401.9091,412.6364,359,477,404.2078,404.974,2.2987,3.0649,45.2078,45.974,segments/sentences/sent_36.mp4,segments/paragraphs/para_9.mp4,estimated-needs-review,DO NOT “direct” folks with mobility impairments to where you think they should be.,"Station people at the back of the march who are responsible for making sure that nobody gets left behind. Give a verbal description of the march route beforehand. Announce the destination and distance of the route. This lets folks choose to meet the march at its destination. DO NOT “direct” folks with mobility impairments to where you think they should be. Offer respectful suggestions; no one should be hurried along; no one should touch people or their mobility devices without their consent. Organize cars or vans to drive elders and people with disabilities along the route. Include these vehicles as part of the march, if possible. Provide seating at the destination. Have a team whose sole focus is the safety of the participants. Involve police liaisons.",Relative clip timestamp = main video word timestamp - segment start timestamp. Estimates are evenly divided and must be replaced with reviewed sign-level annotation timestamps.
504,with,paragraph,9,9,36,4,401.9091,412.6364,359,477,404.974,405.7403,3.0649,3.8312,45.974,46.7403,segments/sentences/sent_36.mp4,segments/paragraphs/para_9.mp4,estimated-needs-review,DO NOT “direct” folks with mobility impairments to where you think they should be.,"Station people at the back of the march who are responsible for making sure that nobody gets left behind. Give a verbal description of the march route beforehand. Announce the destination and distance of the route. This lets folks choose to meet the march at its destination. DO NOT “direct” folks with mobility impairments to where you think they should be. Offer respectful suggestions; no one should be hurried along; no one should touch people or their mobility devices without their consent. Organize cars or vans to drive elders and people with disabilities along the route. Include these vehicles as part of the march, if possible. Provide seating at the destination. Have a team whose sole focus is the safety of the participants. Involve police liaisons.",Relative clip timestamp = main video word timestamp - segment start timestamp. Estimates are evenly divided and must be replaced with reviewed sign-level annotation timestamps.
505,mobility,paragraph,9,9,36,5,401.9091,412.6364,359,477,405.7403,406.5065,3.8312,4.5974,46.7403,47.5065,segments/sentences/sent_36.mp4,segments/paragraphs/para_9.mp4,estimated-needs-review,DO NOT “direct” folks with mobility impairments to where you think they should be.,"Station people at the back of the march who are responsible for making sure that nobody gets left behind. Give a verbal description of the march route beforehand. Announce the destination and distance of the route. This lets folks choose to meet the march at its destination. DO NOT “direct” folks with mobility impairments to where you think they should be. Offer respectful suggestions; no one should be hurried along; no one should touch people or their mobility devices without their consent. Organize cars or vans to drive elders and people with disabilities along the route. Include these vehicles as part of the march, if possible. Provide seating at the destination. Have a team whose sole focus is the safety of the participants. Involve police liaisons.",Relative clip timestamp = main video word timestamp - segment start timestamp. Estimates are evenly divided and must be replaced with reviewed sign-level annotation timestamps.
506,impairments,paragraph,9,9,36,6,401.9091,412.6364,359,477,406.5065,407.2727,4.5974,5.3636,47.5065,48.2727,segments/sentences/sent_36.mp4,segments/paragraphs/para_9.mp4,estimated-needs-review,DO NOT “direct” folks with mobility impairments to where you think they should be.,"Station people at the back of the march who are responsible for making sure that nobody gets left behind. Give a verbal description of the march route beforehand. Announce the destination and distance of the route. This lets folks choose to meet the march at its destination. DO NOT “direct” folks with mobility impairments to where you think they should be. Offer respectful suggestions; no one should be hurried along; no one should touch people or their mobility devices without their consent. Organize cars or vans to drive elders and people with disabilities along the route. Include these vehicles as part of the march, if possible. Provide seating at the destination. Have a team whose sole focus is the safety of the participants. Involve police liaisons.",Relative clip timestamp = main video word timestamp - segment start timestamp. Estimates are evenly divided and must be replaced with reviewed sign-level annotation timestamps.
507,to,paragraph,9,9,36,7,401.9091,412.6364,359,477,407.2727,408.039,5.3636,6.1299,48.2727,49.039,segments/sentences/sent_36.mp4,segments/paragraphs/para_9.mp4,estimated-needs-review,DO NOT “direct” folks with mobility impairments to where you think they should be.,"Station people at the back of the march who are responsible for making sure that nobody gets left behind. Give a verbal description of the march route beforehand. Announce the destination and distance of the route. This lets folks choose to meet the march at its destination. DO NOT “direct” folks with mobility impairments to where you think they should be. Offer respectful suggestions; no one should be hurried along; no one should touch people or their mobility devices without their consent. Organize cars or vans to drive elders and people with disabilities along the route. Include these vehicles as part of the march, if possible. Provide seating at the destination. Have a team whose sole focus is the safety of the participants. Involve police liaisons.",Relative clip timestamp = main video word timestamp - segment start timestamp. Estimates are evenly divided and must be replaced with reviewed sign-level annotation timestamps.
508,where,paragraph,9,9,36,8,401.9091,412.6364,359,477,408.039,408.8052,6.1299,6.8961,49.039,49.8052,segments/sentences/sent_36.mp4,segments/paragraphs/para_9.mp4,estimated-needs-review,DO NOT “direct” folks with mobility impairments to where you think they should be.,"Station people at the back of the march who are responsible for making sure that nobody gets left behind. Give a verbal description of the march route beforehand. Announce the destination and distance of the route. This lets folks choose to meet the march at its destination. DO NOT “direct” folks with mobility impairments to where you think they should be. Offer respectful suggestions; no one should be hurried along; no one should touch people or their mobility devices without their consent. Organize cars or vans to drive elders and people with disabilities along the route. Include these vehicles as part of the march, if possible. Provide seating at the destination. Have a team whose sole focus is the safety of the participants. Involve police liaisons.",Relative clip timestamp = main video word timestamp - segment start timestamp. Estimates are evenly divided and must be replaced with reviewed sign-level annotation timestamps.
509,you,paragraph,9,9,36,9,401.9091,412.6364,359,477,408.8052,409.5714,6.8961,7.6623,49.8052,50.5714,segments/sentences/sent_36.mp4,segments/paragraphs/para_9.mp4,estimated-needs-review,DO NOT “direct” folks with mobility impairments to where you think they should be.,"Station people at the back of the march who are responsible for making sure that nobody gets left behind. Give a verbal description of the march route beforehand. Announce the destination and distance of the route. This lets folks choose to meet the march at its destination. DO NOT “direct” folks with mobility impairments to where you think they should be. Offer respectful suggestions; no one should be hurried along; no one should touch people or their mobility devices without their consent. Organize cars or vans to drive elders and people with disabilities along the route. Include these vehicles as part of the march, if possible. Provide seating at the destination. Have a team whose sole focus is the safety of the participants. Involve police liaisons.",Relative clip timestamp = main video word timestamp - segment start timestamp. Estimates are evenly divided and must be replaced with reviewed sign-level annotation timestamps.
510,think,paragraph,9,9,36,10,401.9091,412.6364,359,477,409.5714,410.3377,7.6623,8.4286,50.5714,51.3377,segments/sentences/sent_36.mp4,segments/paragraphs/para_9.mp4,estimated-needs-review,DO NOT “direct” folks with mobility impairments to where you think they should be.,"Station people at the back of the march who are responsible for making sure that nobody gets left behind. Give a verbal description of the march route beforehand. Announce the destination and distance of the route. This lets folks choose to meet the march at its destination. DO NOT “direct” folks with mobility impairments to where you think they should be. Offer respectful suggestions; no one should be hurried along; no one should touch people or their mobility devices without their consent. Organize cars or vans to drive elders and people with disabilities along the route. Include these vehicles as part of the march, if possible. Provide seating at the destination. Have a team whose sole focus is the safety of the participants. Involve police liaisons.",Relative clip timestamp = main video word timestamp - segment start timestamp. Estimates are evenly divided and must be replaced with reviewed sign-level annotation timestamps.
511,they,paragraph,9,9,36,11,401.9091,412.6364,359,477,410.3377,411.1039,8.4286,9.1948,51.3377,52.1039,segments/sentences/sent_36.mp4,segments/paragraphs/para_9.mp4,estimated-needs-review,DO NOT “direct” folks with mobility impairments to where you think they should be.,"Station people at the back of the march who are responsible for making sure that nobody gets left behind. Give a verbal description of the march route beforehand. Announce the destination and distance of the route. This lets folks choose to meet the march at its destination. DO NOT “direct” folks with mobility impairments to where you think they should be. Offer respectful suggestions; no one should be hurried along; no one should touch people or their mobility devices without their consent. Organize cars or vans to drive elders and people with disabilities along the route. Include these vehicles as part of the march, if possible. Provide seating at the destination. Have a team whose sole focus is the safety of the participants. Involve police liaisons.",Relative clip timestamp = main video word timestamp - segment start timestamp. Estimates are evenly divided and must be replaced with reviewed sign-level annotation timestamps.
512,should,paragraph,9,9,36,12,401.9091,412.6364,359,477,411.1039,411.8701,9.1948,9.961,52.1039,52.8701,segments/sentences/sent_36.mp4,segments/paragraphs/para_9.mp4,estimated-needs-review,DO NOT “direct” folks with mobility impairments to where you think they should be.,"Station people at the back of the march who are responsible for making sure that nobody gets left behind. Give a verbal description of the march route beforehand. Announce the destination and distance of the route. This lets folks choose to meet the march at its destination. DO NOT “direct” folks with mobility impairments to where you think they should be. Offer respectful suggestions; no one should be hurried along; no one should touch people or their mobility devices without their consent. Organize cars or vans to drive elders and people with disabilities along the route. Include these vehicles as part of the march, if possible. Provide seating at the destination. Have a team whose sole focus is the safety of the participants. Involve police liaisons.",Relative clip timestamp = main video word timestamp - segment start timestamp. Estimates are evenly divided and must be replaced with reviewed sign-level annotation timestamps.
513,be,paragraph,9,9,36,13,401.9091,412.6364,359,477,411.8701,412.6364,9.961,10.7273,52.8701,53.6364,segments/sentences/sent_36.mp4,segments/paragraphs/para_9.mp4,estimated-needs-review,DO NOT “direct” folks with mobility impairments to where you think they should be.,"Station people at the back of the march who are responsible for making sure that nobody gets left behind. Give a verbal description of the march route beforehand. Announce the destination and distance of the route. This lets folks choose to meet the march at its destination. DO NOT “direct” folks with mobility impairments to where you think they should be. Offer respectful suggestions; no one should be hurried along; no one should touch people or their mobility devices without their consent. Organize cars or vans to drive elders and people with disabilities along the route. Include these vehicles as part of the march, if possible. Provide seating at the destination. Have a team whose sole focus is the safety of the participants. Involve police liaisons.",Relative clip timestamp = main video word timestamp - segment start timestamp. Estimates are evenly divided and must be replaced with reviewed sign-level annotation timestamps.
514,offer,paragraph,9,9,37,0,412.6364,423.3636,359,477,412.6364,413.1472,0,0.5108,53.6364,54.1472,segments/sentences/sent_37.mp4,segments/paragraphs/para_9.mp4,estimated-needs-review,Offer respectful suggestions; no one should be hurried along; no one should touch people or their mobility devices without their consent.,"Station people at the back of the march who are responsible for making sure that nobody gets left behind. Give a verbal description of the march route beforehand. Announce the destination and distance of the route. This lets folks choose to meet the march at its destination. DO NOT “direct” folks with mobility impairments to where you think they should be. Offer respectful suggestions; no one should be hurried along; no one should touch people or their mobility devices without their consent. Organize cars or vans to drive elders and people with disabilities along the route. Include these vehicles as part of the march, if possible. Provide seating at the destination. Have a team whose sole focus is the safety of the participants. Involve police liaisons.",Relative clip timestamp = main video word timestamp - segment start timestamp. Estimates are evenly divided and must be replaced with reviewed sign-level annotation timestamps.
515,respectful,paragraph,9,9,37,1,412.6364,423.3636,359,477,413.1472,413.658,0.5108,1.0216,54.1472,54.658,segments/sentences/sent_37.mp4,segments/paragraphs/para_9.mp4,estimated-needs-review,Offer respectful suggestions; no one should be hurried along; no one should touch people or their mobility devices without their consent.,"Station people at the back of the march who are responsible for making sure that nobody gets left behind. Give a verbal description of the march route beforehand. Announce the destination and distance of the route. This lets folks choose to meet the march at its destination. DO NOT “direct” folks with mobility impairments to where you think they should be. Offer respectful suggestions; no one should be hurried along; no one should touch people or their mobility devices without their consent. Organize cars or vans to drive elders and people with disabilities along the route. Include these vehicles as part of the march, if possible. Provide seating at the destination. Have a team whose sole focus is the safety of the participants. Involve police liaisons.",Relative clip timestamp = main video word timestamp - segment start timestamp. Estimates are evenly divided and must be replaced with reviewed sign-level annotation timestamps.
516,suggestions,paragraph,9,9,37,2,412.6364,423.3636,359,477,413.658,414.1688,1.0216,1.5324,54.658,55.1688,segments/sentences/sent_37.mp4,segments/paragraphs/para_9.mp4,estimated-needs-review,Offer respectful suggestions; no one should be hurried along; no one should touch people or their mobility devices without their consent.,"Station people at the back of the march who are responsible for making sure that nobody gets left behind. Give a verbal description of the march route beforehand. Announce the destination and distance of the route. This lets folks choose to meet the march at its destination. DO NOT “direct” folks with mobility impairments to where you think they should be. Offer respectful suggestions; no one should be hurried along; no one should touch people or their mobility devices without their consent. Organize cars or vans to drive elders and people with disabilities along the route. Include these vehicles as part of the march, if possible. Provide seating at the destination. Have a team whose sole focus is the safety of the participants. Involve police liaisons.",Relative clip timestamp = main video word timestamp - segment start timestamp. Estimates are evenly divided and must be replaced with reviewed sign-level annotation timestamps.
517,no,paragraph,9,9,37,3,412.6364,423.3636,359,477,414.1688,414.6797,1.5324,2.0433,55.1688,55.6797,segments/sentences/sent_37.mp4,segments/paragraphs/para_9.mp4,estimated-needs-review,Offer respectful suggestions; no one should be hurried along; no one should touch people or their mobility devices without their consent.,"Station people at the back of the march who are responsible for making sure that nobody gets left behind. Give a verbal description of the march route beforehand. Announce the destination and distance of the route. This lets folks choose to meet the march at its destination. DO NOT “direct” folks with mobility impairments to where you think they should be. Offer respectful suggestions; no one should be hurried along; no one should touch people or their mobility devices without their consent. Organize cars or vans to drive elders and people with disabilities along the route. Include these vehicles as part of the march, if possible. Provide seating at the destination. Have a team whose sole focus is the safety of the participants. Involve police liaisons.",Relative clip timestamp = main video word timestamp - segment start timestamp. Estimates are evenly divided and must be replaced with reviewed sign-level annotation timestamps.
518,one,paragraph,9,9,37,4,412.6364,423.3636,359,477,414.6797,415.1905,2.0433,2.5541,55.6797,56.1905,segments/sentences/sent_37.mp4,segments/paragraphs/para_9.mp4,estimated-needs-review,Offer respectful suggestions; no one should be hurried along; no one should touch people or their mobility devices without their consent.,"Station people at the back of the march who are responsible for making sure that nobody gets left behind. Give a verbal description of the march route beforehand. Announce the destination and distance of the route. This lets folks choose to meet the march at its destination. DO NOT “direct” folks with mobility impairments to where you think they should be. Offer respectful suggestions; no one should be hurried along; no one should touch people or their mobility devices without their consent. Organize cars or vans to drive elders and people with disabilities along the route. Include these vehicles as part of the march, if possible. Provide seating at the destination. Have a team whose sole focus is the safety of the participants. Involve police liaisons.",Relative clip timestamp = main video word timestamp - segment start timestamp. Estimates are evenly divided and must be replaced with reviewed sign-level annotation timestamps.
519,should,paragraph,9,9,37,5,412.6364,423.3636,359,477,415.1905,415.7013,2.5541,3.0649,56.1905,56.7013,segments/sentences/sent_37.mp4,segments/paragraphs/para_9.mp4,estimated-needs-review,Offer respectful suggestions; no one should be hurried along; no one should touch people or their mobility devices without their consent.,"Station people at the back of the march who are responsible for making sure that nobody gets left behind. Give a verbal description of the march route beforehand. Announce the destination and distance of the route. This lets folks choose to meet the march at its destination. DO NOT “direct” folks with mobility impairments to where you think they should be. Offer respectful suggestions; no one should be hurried along; no one should touch people or their mobility devices without their consent. Organize cars or vans to drive elders and people with disabilities along the route. Include these vehicles as part of the march, if possible. Provide seating at the destination. Have a team whose sole focus is the safety of the participants. Involve police liaisons.",Relative clip timestamp = main video word timestamp - segment start timestamp. Estimates are evenly divided and must be replaced with reviewed sign-level annotation timestamps.
520,be,paragraph,9,9,37,6,412.6364,423.3636,359,477,415.7013,416.2121,3.0649,3.5757,56.7013,57.2121,segments/sentences/sent_37.mp4,segments/paragraphs/para_9.mp4,estimated-needs-review,Offer respectful suggestions; no one should be hurried along; no one should touch people or their mobility devices without their consent.,"Station people at the back of the march who are responsible for making sure that nobody gets left behind. Give a verbal description of the march route beforehand. Announce the destination and distance of the route. This lets folks choose to meet the march at its destination. DO NOT “direct” folks with mobility impairments to where you think they should be. Offer respectful suggestions; no one should be hurried along; no one should touch people or their mobility devices without their consent. Organize cars or vans to drive elders and people with disabilities along the route. Include these vehicles as part of the march, if possible. Provide seating at the destination. Have a team whose sole focus is the safety of the participants. Involve police liaisons.",Relative clip timestamp = main video word timestamp - segment start timestamp. Estimates are evenly divided and must be replaced with reviewed sign-level annotation timestamps.
521,hurried,paragraph,9,9,37,7,412.6364,423.3636,359,477,416.2121,416.7229,3.5757,4.0865,57.2121,57.7229,segments/sentences/sent_37.mp4,segments/paragraphs/para_9.mp4,estimated-needs-review,Offer respectful suggestions; no one should be hurried along; no one should touch people or their mobility devices without their consent.,"Station people at the back of the march who are responsible for making sure that nobody gets left behind. Give a verbal description of the march route beforehand. Announce the destination and distance of the route. This lets folks choose to meet the march at its destination. DO NOT “direct” folks with mobility impairments to where you think they should be. Offer respectful suggestions; no one should be hurried along; no one should touch people or their mobility devices without their consent. Organize cars or vans to drive elders and people with disabilities along the route. Include these vehicles as part of the march, if possible. Provide seating at the destination. Have a team whose sole focus is the safety of the participants. Involve police liaisons.",Relative clip timestamp = main video word timestamp - segment start timestamp. Estimates are evenly divided and must be replaced with reviewed sign-level annotation timestamps.
522,along,paragraph,9,9,37,8,412.6364,423.3636,359,477,416.7229,417.2338,4.0865,4.5974,57.7229,58.2338,segments/sentences/sent_37.mp4,segments/paragraphs/para_9.mp4,estimated-needs-review,Offer respectful suggestions; no one should be hurried along; no one should touch people or their mobility devices without their consent.,"Station people at the back of the march who are responsible for making sure that nobody gets left behind. Give a verbal description of the march route beforehand. Announce the destination and distance of the route. This lets folks choose to meet the march at its destination. DO NOT “direct” folks with mobility impairments to where you think they should be. Offer respectful suggestions; no one should be hurried along; no one should touch people or their mobility devices without their consent. Organize cars or vans to drive elders and people with disabilities along the route. Include these vehicles as part of the march, if possible. Provide seating at the destination. Have a team whose sole focus is the safety of the participants. Involve police liaisons.",Relative clip timestamp = main video word timestamp - segment start timestamp. Estimates are evenly divided and must be replaced with reviewed sign-level annotation timestamps.
523,no,paragraph,9,9,37,9,412.6364,423.3636,359,477,417.2338,417.7446,4.5974,5.1082,58.2338,58.7446,segments/sentences/sent_37.mp4,segments/paragraphs/para_9.mp4,estimated-needs-review,Offer respectful suggestions; no one should be hurried along; no one should touch people or their mobility devices without their consent.,"Station people at the back of the march who are responsible for making sure that nobody gets left behind. Give a verbal description of the march route beforehand. Announce the destination and distance of the route. This lets folks choose to meet the march at its destination. DO NOT “direct” folks with mobility impairments to where you think they should be. Offer respectful suggestions; no one should be hurried along; no one should touch people or their mobility devices without their consent. Organize cars or vans to drive elders and people with disabilities along the route. Include these vehicles as part of the march, if possible. Provide seating at the destination. Have a team whose sole focus is the safety of the participants. Involve police liaisons.",Relative clip timestamp = main video word timestamp - segment start timestamp. Estimates are evenly divided and must be replaced with reviewed sign-level annotation timestamps.
524,one,paragraph,9,9,37,10,412.6364,423.3636,359,477,417.7446,418.2554,5.1082,5.619,58.7446,59.2554,segments/sentences/sent_37.mp4,segments/paragraphs/para_9.mp4,estimated-needs-review,Offer respectful suggestions; no one should be hurried along; no one should touch people or their mobility devices without their consent.,"Station people at the back of the march who are responsible for making sure that nobody gets left behind. Give a verbal description of the march route beforehand. Announce the destination and distance of the route. This lets folks choose to meet the march at its destination. DO NOT “direct” folks with mobility impairments to where you think they should be. Offer respectful suggestions; no one should be hurried along; no one should touch people or their mobility devices without their consent. Organize cars or vans to drive elders and people with disabilities along the route. Include these vehicles as part of the march, if possible. Provide seating at the destination. Have a team whose sole focus is the safety of the participants. Involve police liaisons.",Relative clip timestamp = main video word timestamp - segment start timestamp. Estimates are evenly divided and must be replaced with reviewed sign-level annotation timestamps.
525,should,paragraph,9,9,37,11,412.6364,423.3636,359,477,418.2554,418.7662,5.619,6.1298,59.2554,59.7662,segments/sentences/sent_37.mp4,segments/paragraphs/para_9.mp4,estimated-needs-review,Offer respectful suggestions; no one should be hurried along; no one should touch people or their mobility devices without their consent.,"Station people at the back of the march who are responsible for making sure that nobody gets left behind. Give a verbal description of the march route beforehand. Announce the destination and distance of the route. This lets folks choose to meet the march at its destination. DO NOT “direct” folks with mobility impairments to where you think they should be. Offer respectful suggestions; no one should be hurried along; no one should touch people or their mobility devices without their consent. Organize cars or vans to drive elders and people with disabilities along the route. Include these vehicles as part of the march, if possible. Provide seating at the destination. Have a team whose sole focus is the safety of the participants. Involve police liaisons.",Relative clip timestamp = main video word timestamp - segment start timestamp. Estimates are evenly divided and must be replaced with reviewed sign-level annotation timestamps.
526,touch,paragraph,9,9,37,12,412.6364,423.3636,359,477,418.7662,419.2771,6.1298,6.6407,59.7662,60.2771,segments/sentences/sent_37.mp4,segments/paragraphs/para_9.mp4,estimated-needs-review,Offer respectful suggestions; no one should be hurried along; no one should touch people or their mobility devices without their consent.,"Station people at the back of the march who are responsible for making sure that nobody gets left behind. Give a verbal description of the march route beforehand. Announce the destination and distance of the route. This lets folks choose to meet the march at its destination. DO NOT “direct” folks with mobility impairments to where you think they should be. Offer respectful suggestions; no one should be hurried along; no one should touch people or their mobility devices without their consent. Organize cars or vans to drive elders and people with disabilities along the route. Include these vehicles as part of the march, if possible. Provide seating at the destination. Have a team whose sole focus is the safety of the participants. Involve police liaisons.",Relative clip timestamp = main video word timestamp - segment start timestamp. Estimates are evenly divided and must be replaced with reviewed sign-level annotation timestamps.
527,people,paragraph,9,9,37,13,412.6364,423.3636,359,477,419.2771,419.7879,6.6407,7.1515,60.2771,60.7879,segments/sentences/sent_37.mp4,segments/paragraphs/para_9.mp4,estimated-needs-review,Offer respectful suggestions; no one should be hurried along; no one should touch people or their mobility devices without their consent.,"Station people at the back of the march who are responsible for making sure that nobody gets left behind. Give a verbal description of the march route beforehand. Announce the destination and distance of the route. This lets folks choose to meet the march at its destination. DO NOT “direct” folks with mobility impairments to where you think they should be. Offer respectful suggestions; no one should be hurried along; no one should touch people or their mobility devices without their consent. Organize cars or vans to drive elders and people with disabilities along the route. Include these vehicles as part of the march, if possible. Provide seating at the destination. Have a team whose sole focus is the safety of the participants. Involve police liaisons.",Relative clip timestamp = main video word timestamp - segment start timestamp. Estimates are evenly divided and must be replaced with reviewed sign-level annotation timestamps.
528,or,paragraph,9,9,37,14,412.6364,423.3636,359,477,419.7879,420.2987,7.1515,7.6623,60.7879,61.2987,segments/sentences/sent_37.mp4,segments/paragraphs/para_9.mp4,estimated-needs-review,Offer respectful suggestions; no one should be hurried along; no one should touch people or their mobility devices without their consent.,"Station people at the back of the march who are responsible for making sure that nobody gets left behind. Give a verbal description of the march route beforehand. Announce the destination and distance of the route. This lets folks choose to meet the march at its destination. DO NOT “direct” folks with mobility impairments to where you think they should be. Offer respectful suggestions; no one should be hurried along; no one should touch people or their mobility devices without their consent. Organize cars or vans to drive elders and people with disabilities along the route. Include these vehicles as part of the march, if possible. Provide seating at the destination. Have a team whose sole focus is the safety of the participants. Involve police liaisons.",Relative clip timestamp = main video word timestamp - segment start timestamp. Estimates are evenly divided and must be replaced with reviewed sign-level annotation timestamps.
529,their,paragraph,9,9,37,15,412.6364,423.3636,359,477,420.2987,420.8095,7.6623,8.1731,61.2987,61.8095,segments/sentences/sent_37.mp4,segments/paragraphs/para_9.mp4,estimated-needs-review,Offer respectful suggestions; no one should be hurried along; no one should touch people or their mobility devices without their consent.,"Station people at the back of the march who are responsible for making sure that nobody gets left behind. Give a verbal description of the march route beforehand. Announce the destination and distance of the route. This lets folks choose to meet the march at its destination. DO NOT “direct” folks with mobility impairments to where you think they should be. Offer respectful suggestions; no one should be hurried along; no one should touch people or their mobility devices without their consent. Organize cars or vans to drive elders and people with disabilities along the route. Include these vehicles as part of the march, if possible. Provide seating at the destination. Have a team whose sole focus is the safety of the participants. Involve police liaisons.",Relative clip timestamp = main video word timestamp - segment start timestamp. Estimates are evenly divided and must be replaced with reviewed sign-level annotation timestamps.
530,mobility,paragraph,9,9,37,16,412.6364,423.3636,359,477,420.8095,421.3203,8.1731,8.6839,61.8095,62.3203,segments/sentences/sent_37.mp4,segments/paragraphs/para_9.mp4,estimated-needs-review,Offer respectful suggestions; no one should be hurried along; no one should touch people or their mobility devices without their consent.,"Station people at the back of the march who are responsible for making sure that nobody gets left behind. Give a verbal description of the march route beforehand. Announce the destination and distance of the route. This lets folks choose to meet the march at its destination. DO NOT “direct” folks with mobility impairments to where you think they should be. Offer respectful suggestions; no one should be hurried along; no one should touch people or their mobility devices without their consent. Organize cars or vans to drive elders and people with disabilities along the route. Include these vehicles as part of the march, if possible. Provide seating at the destination. Have a team whose sole focus is the safety of the participants. Involve police liaisons.",Relative clip timestamp = main video word timestamp - segment start timestamp. Estimates are evenly divided and must be replaced with reviewed sign-level annotation timestamps.
531,devices,paragraph,9,9,37,17,412.6364,423.3636,359,477,421.3203,421.8312,8.6839,9.1948,62.3203,62.8312,segments/sentences/sent_37.mp4,segments/paragraphs/para_9.mp4,estimated-needs-review,Offer respectful suggestions; no one should be hurried along; no one should touch people or their mobility devices without their consent.,"Station people at the back of the march who are responsible for making sure that nobody gets left behind. Give a verbal description of the march route beforehand. Announce the destination and distance of the route. This lets folks choose to meet the march at its destination. DO NOT “direct” folks with mobility impairments to where you think they should be. Offer respectful suggestions; no one should be hurried along; no one should touch people or their mobility devices without their consent. Organize cars or vans to drive elders and people with disabilities along the route. Include these vehicles as part of the march, if possible. Provide seating at the destination. Have a team whose sole focus is the safety of the participants. Involve police liaisons.",Relative clip timestamp = main video word timestamp - segment start timestamp. Estimates are evenly divided and must be replaced with reviewed sign-level annotation timestamps.
532,without,paragraph,9,9,37,18,412.6364,423.3636,359,477,421.8312,422.342,9.1948,9.7056,62.8312,63.342,segments/sentences/sent_37.mp4,segments/paragraphs/para_9.mp4,estimated-needs-review,Offer respectful suggestions; no one should be hurried along; no one should touch people or their mobility devices without their consent.,"Station people at the back of the march who are responsible for making sure that nobody gets left behind. Give a verbal description of the march route beforehand. Announce the destination and distance of the route. This lets folks choose to meet the march at its destination. DO NOT “direct” folks with mobility impairments to where you think they should be. Offer respectful suggestions; no one should be hurried along; no one should touch people or their mobility devices without their consent. Organize cars or vans to drive elders and people with disabilities along the route. Include these vehicles as part of the march, if possible. Provide seating at the destination. Have a team whose sole focus is the safety of the participants. Involve police liaisons.",Relative clip timestamp = main video word timestamp - segment start timestamp. Estimates are evenly divided and must be replaced with reviewed sign-level annotation timestamps.
533,their,paragraph,9,9,37,19,412.6364,423.3636,359,477,422.342,422.8528,9.7056,10.2164,63.342,63.8528,segments/sentences/sent_37.mp4,segments/paragraphs/para_9.mp4,estimated-needs-review,Offer respectful suggestions; no one should be hurried along; no one should touch people or their mobility devices without their consent.,"Station people at the back of the march who are responsible for making sure that nobody gets left behind. Give a verbal description of the march route beforehand. Announce the destination and distance of the route. This lets folks choose to meet the march at its destination. DO NOT “direct” folks with mobility impairments to where you think they should be. Offer respectful suggestions; no one should be hurried along; no one should touch people or their mobility devices without their consent. Organize cars or vans to drive elders and people with disabilities along the route. Include these vehicles as part of the march, if possible. Provide seating at the destination. Have a team whose sole focus is the safety of the participants. Involve police liaisons.",Relative clip timestamp = main video word timestamp - segment start timestamp. Estimates are evenly divided and must be replaced with reviewed sign-level annotation timestamps.
534,consent,paragraph,9,9,37,20,412.6364,423.3636,359,477,422.8528,423.3636,10.2164,10.7272,63.8528,64.3636,segments/sentences/sent_37.mp4,segments/paragraphs/para_9.mp4,estimated-needs-review,Offer respectful suggestions; no one should be hurried along; no one should touch people or their mobility devices without their consent.,"Station people at the back of the march who are responsible for making sure that nobody gets left behind. Give a verbal description of the march route beforehand. Announce the destination and distance of the route. This lets folks choose to meet the march at its destination. DO NOT “direct” folks with mobility impairments to where you think they should be. Offer respectful suggestions; no one should be hurried along; no one should touch people or their mobility devices without their consent. Organize cars or vans to drive elders and people with disabilities along the route. Include these vehicles as part of the march, if possible. Provide seating at the destination. Have a team whose sole focus is the safety of the participants. Involve police liaisons.",Relative clip timestamp = main video word timestamp - segment start timestamp. Estimates are evenly divided and must be replaced with reviewed sign-level annotation timestamps.
535,organize,paragraph,9,9,38,0,423.3636,434.0909,359,477,423.3636,424.1299,0,0.7663,64.3636,65.1299,segments/sentences/sent_38.mp4,segments/paragraphs/para_9.mp4,estimated-needs-review,Organize cars or vans to drive elders and people with disabilities along the route.,"Station people at the back of the march who are responsible for making sure that nobody gets left behind. Give a verbal description of the march route beforehand. Announce the destination and distance of the route. This lets folks choose to meet the march at its destination. DO NOT “direct” folks with mobility impairments to where you think they should be. Offer respectful suggestions; no one should be hurried along; no one should touch people or their mobility devices without their consent. Organize cars or vans to drive elders and people with disabilities along the route. Include these vehicles as part of the march, if possible. Provide seating at the destination. Have a team whose sole focus is the safety of the participants. Involve police liaisons.",Relative clip timestamp = main video word timestamp - segment start timestamp. Estimates are evenly divided and must be replaced with reviewed sign-level annotation timestamps.
536,cars,paragraph,9,9,38,1,423.3636,434.0909,359,477,424.1299,424.8961,0.7663,1.5325,65.1299,65.8961,segments/sentences/sent_38.mp4,segments/paragraphs/para_9.mp4,estimated-needs-review,Organize cars or vans to drive elders and people with disabilities along the route.,"Station people at the back of the march who are responsible for making sure that nobody gets left behind. Give a verbal description of the march route beforehand. Announce the destination and distance of the route. This lets folks choose to meet the march at its destination. DO NOT “direct” folks with mobility impairments to where you think they should be. Offer respectful suggestions; no one should be hurried along; no one should touch people or their mobility devices without their consent. Organize cars or vans to drive elders and people with disabilities along the route. Include these vehicles as part of the march, if possible. Provide seating at the destination. Have a team whose sole focus is the safety of the participants. Involve police liaisons.",Relative clip timestamp = main video word timestamp - segment start timestamp. Estimates are evenly divided and must be replaced with reviewed sign-level annotation timestamps.
537,or,paragraph,9,9,38,2,423.3636,434.0909,359,477,424.8961,425.6623,1.5325,2.2987,65.8961,66.6623,segments/sentences/sent_38.mp4,segments/paragraphs/para_9.mp4,estimated-needs-review,Organize cars or vans to drive elders and people with disabilities along the route.,"Station people at the back of the march who are responsible for making sure that nobody gets left behind. Give a verbal description of the march route beforehand. Announce the destination and distance of the route. This lets folks choose to meet the march at its destination. DO NOT “direct” folks with mobility impairments to where you think they should be. Offer respectful suggestions; no one should be hurried along; no one should touch people or their mobility devices without their consent. Organize cars or vans to drive elders and people with disabilities along the route. Include these vehicles as part of the march, if possible. Provide seating at the destination. Have a team whose sole focus is the safety of the participants. Involve police liaisons.",Relative clip timestamp = main video word timestamp - segment start timestamp. Estimates are evenly divided and must be replaced with reviewed sign-level annotation timestamps.
538,vans,paragraph,9,9,38,3,423.3636,434.0909,359,477,425.6623,426.4286,2.2987,3.065,66.6623,67.4286,segments/sentences/sent_38.mp4,segments/paragraphs/para_9.mp4,estimated-needs-review,Organize cars or vans to drive elders and people with disabilities along the route.,"Station people at the back of the march who are responsible for making sure that nobody gets left behind. Give a verbal description of the march route beforehand. Announce the destination and distance of the route. This lets folks choose to meet the march at its destination. DO NOT “direct” folks with mobility impairments to where you think they should be. Offer respectful suggestions; no one should be hurried along; no one should touch people or their mobility devices without their consent. Organize cars or vans to drive elders and people with disabilities along the route. Include these vehicles as part of the march, if possible. Provide seating at the destination. Have a team whose sole focus is the safety of the participants. Involve police liaisons.",Relative clip timestamp = main video word timestamp - segment start timestamp. Estimates are evenly divided and must be replaced with reviewed sign-level annotation timestamps.
539,to,paragraph,9,9,38,4,423.3636,434.0909,359,477,426.4286,427.1948,3.065,3.8312,67.4286,68.1948,segments/sentences/sent_38.mp4,segments/paragraphs/para_9.mp4,estimated-needs-review,Organize cars or vans to drive elders and people with disabilities along the route.,"Station people at the back of the march who are responsible for making sure that nobody gets left behind. Give a verbal description of the march route beforehand. Announce the destination and distance of the route. This lets folks choose to meet the march at its destination. DO NOT “direct” folks with mobility impairments to where you think they should be. Offer respectful suggestions; no one should be hurried along; no one should touch people or their mobility devices without their consent. Organize cars or vans to drive elders and people with disabilities along the route. Include these vehicles as part of the march, if possible. Provide seating at the destination. Have a team whose sole focus is the safety of the participants. Involve police liaisons.",Relative clip timestamp = main video word timestamp - segment start timestamp. Estimates are evenly divided and must be replaced with reviewed sign-level annotation timestamps.
540,drive,paragraph,9,9,38,5,423.3636,434.0909,359,477,427.1948,427.961,3.8312,4.5974,68.1948,68.961,segments/sentences/sent_38.mp4,segments/paragraphs/para_9.mp4,estimated-needs-review,Organize cars or vans to drive elders and people with disabilities along the route.,"Station people at the back of the march who are responsible for making sure that nobody gets left behind. Give a verbal description of the march route beforehand. Announce the destination and distance of the route. This lets folks choose to meet the march at its destination. DO NOT “direct” folks with mobility impairments to where you think they should be. Offer respectful suggestions; no one should be hurried along; no one should touch people or their mobility devices without their consent. Organize cars or vans to drive elders and people with disabilities along the route. Include these vehicles as part of the march, if possible. Provide seating at the destination. Have a team whose sole focus is the safety of the participants. Involve police liaisons.",Relative clip timestamp = main video word timestamp - segment start timestamp. Estimates are evenly divided and must be replaced with reviewed sign-level annotation timestamps.
541,elders,paragraph,9,9,38,6,423.3636,434.0909,359,477,427.961,428.7273,4.5974,5.3637,68.961,69.7273,segments/sentences/sent_38.mp4,segments/paragraphs/para_9.mp4,estimated-needs-review,Organize cars or vans to drive elders and people with disabilities along the route.,"Station people at the back of the march who are responsible for making sure that nobody gets left behind. Give a verbal description of the march route beforehand. Announce the destination and distance of the route. This lets folks choose to meet the march at its destination. DO NOT “direct” folks with mobility impairments to where you think they should be. Offer respectful suggestions; no one should be hurried along; no one should touch people or their mobility devices without their consent. Organize cars or vans to drive elders and people with disabilities along the route. Include these vehicles as part of the march, if possible. Provide seating at the destination. Have a team whose sole focus is the safety of the participants. Involve police liaisons.",Relative clip timestamp = main video word timestamp - segment start timestamp. Estimates are evenly divided and must be replaced with reviewed sign-level annotation timestamps.
542,and,paragraph,9,9,38,7,423.3636,434.0909,359,477,428.7273,429.4935,5.3637,6.1299,69.7273,70.4935,segments/sentences/sent_38.mp4,segments/paragraphs/para_9.mp4,estimated-needs-review,Organize cars or vans to drive elders and people with disabilities along the route.,"Station people at the back of the march who are responsible for making sure that nobody gets left behind. Give a verbal description of the march route beforehand. Announce the destination and distance of the route. This lets folks choose to meet the march at its destination. DO NOT “direct” folks with mobility impairments to where you think they should be. Offer respectful suggestions; no one should be hurried along; no one should touch people or their mobility devices without their consent. Organize cars or vans to drive elders and people with disabilities along the route. Include these vehicles as part of the march, if possible. Provide seating at the destination. Have a team whose sole focus is the safety of the participants. Involve police liaisons.",Relative clip timestamp = main video word timestamp - segment start timestamp. Estimates are evenly divided and must be replaced with reviewed sign-level annotation timestamps.
543,people,paragraph,9,9,38,8,423.3636,434.0909,359,477,429.4935,430.2597,6.1299,6.8961,70.4935,71.2597,segments/sentences/sent_38.mp4,segments/paragraphs/para_9.mp4,estimated-needs-review,Organize cars or vans to drive elders and people with disabilities along the route.,"Station people at the back of the march who are responsible for making sure that nobody gets left behind. Give a verbal description of the march route beforehand. Announce the destination and distance of the route. This lets folks choose to meet the march at its destination. DO NOT “direct” folks with mobility impairments to where you think they should be. Offer respectful suggestions; no one should be hurried along; no one should touch people or their mobility devices without their consent. Organize cars or vans to drive elders and people with disabilities along the route. Include these vehicles as part of the march, if possible. Provide seating at the destination. Have a team whose sole focus is the safety of the participants. Involve police liaisons.",Relative clip timestamp = main video word timestamp - segment start timestamp. Estimates are evenly divided and must be replaced with reviewed sign-level annotation timestamps.
544,with,paragraph,9,9,38,9,423.3636,434.0909,359,477,430.2597,431.026,6.8961,7.6624,71.2597,72.026,segments/sentences/sent_38.mp4,segments/paragraphs/para_9.mp4,estimated-needs-review,Organize cars or vans to drive elders and people with disabilities along the route.,"Station people at the back of the march who are responsible for making sure that nobody gets left behind. Give a verbal description of the march route beforehand. Announce the destination and distance of the route. This lets folks choose to meet the march at its destination. DO NOT “direct” folks with mobility impairments to where you think they should be. Offer respectful suggestions; no one should be hurried along; no one should touch people or their mobility devices without their consent. Organize cars or vans to drive elders and people with disabilities along the route. Include these vehicles as part of the march, if possible. Provide seating at the destination. Have a team whose sole focus is the safety of the participants. Involve police liaisons.",Relative clip timestamp = main video word timestamp - segment start timestamp. Estimates are evenly divided and must be replaced with reviewed sign-level annotation timestamps.
545,disabilities,paragraph,9,9,38,10,423.3636,434.0909,359,477,431.026,431.7922,7.6624,8.4286,72.026,72.7922,segments/sentences/sent_38.mp4,segments/paragraphs/para_9.mp4,estimated-needs-review,Organize cars or vans to drive elders and people with disabilities along the route.,"Station people at the back of the march who are responsible for making sure that nobody gets left behind. Give a verbal description of the march route beforehand. Announce the destination and distance of the route. This lets folks choose to meet the march at its destination. DO NOT “direct” folks with mobility impairments to where you think they should be. Offer respectful suggestions; no one should be hurried along; no one should touch people or their mobility devices without their consent. Organize cars or vans to drive elders and people with disabilities along the route. Include these vehicles as part of the march, if possible. Provide seating at the destination. Have a team whose sole focus is the safety of the participants. Involve police liaisons.",Relative clip timestamp = main video word timestamp - segment start timestamp. Estimates are evenly divided and must be replaced with reviewed sign-level annotation timestamps.
546,along,paragraph,9,9,38,11,423.3636,434.0909,359,477,431.7922,432.5584,8.4286,9.1948,72.7922,73.5584,segments/sentences/sent_38.mp4,segments/paragraphs/para_9.mp4,estimated-needs-review,Organize cars or vans to drive elders and people with disabilities along the route.,"Station people at the back of the march who are responsible for making sure that nobody gets left behind. Give a verbal description of the march route beforehand. Announce the destination and distance of the route. This lets folks choose to meet the march at its destination. DO NOT “direct” folks with mobility impairments to where you think they should be. Offer respectful suggestions; no one should be hurried along; no one should touch people or their mobility devices without their consent. Organize cars or vans to drive elders and people with disabilities along the route. Include these vehicles as part of the march, if possible. Provide seating at the destination. Have a team whose sole focus is the safety of the participants. Involve police liaisons.",Relative clip timestamp = main video word timestamp - segment start timestamp. Estimates are evenly divided and must be replaced with reviewed sign-level annotation timestamps.
547,the,paragraph,9,9,38,12,423.3636,434.0909,359,477,432.5584,433.3247,9.1948,9.9611,73.5584,74.3247,segments/sentences/sent_38.mp4,segments/paragraphs/para_9.mp4,estimated-needs-review,Organize cars or vans to drive elders and people with disabilities along the route.,"Station people at the back of the march who are responsible for making sure that nobody gets left behind. Give a verbal description of the march route beforehand. Announce the destination and distance of the route. This lets folks choose to meet the march at its destination. DO NOT “direct” folks with mobility impairments to where you think they should be. Offer respectful suggestions; no one should be hurried along; no one should touch people or their mobility devices without their consent. Organize cars or vans to drive elders and people with disabilities along the route. Include these vehicles as part of the march, if possible. Provide seating at the destination. Have a team whose sole focus is the safety of the participants. Involve police liaisons.",Relative clip timestamp = main video word timestamp - segment start timestamp. Estimates are evenly divided and must be replaced with reviewed sign-level annotation timestamps.
548,route,paragraph,9,9,38,13,423.3636,434.0909,359,477,433.3247,434.0909,9.9611,10.7273,74.3247,75.0909,segments/sentences/sent_38.mp4,segments/paragraphs/para_9.mp4,estimated-needs-review,Organize cars or vans to drive elders and people with disabilities along the route.,"Station people at the back of the march who are responsible for making sure that nobody gets left behind. Give a verbal description of the march route beforehand. Announce the destination and distance of the route. This lets folks choose to meet the march at its destination. DO NOT “direct” folks with mobility impairments to where you think they should be. Offer respectful suggestions; no one should be hurried along; no one should touch people or their mobility devices without their consent. Organize cars or vans to drive elders and people with disabilities along the route. Include these vehicles as part of the march, if possible. Provide seating at the destination. Have a team whose sole focus is the safety of the participants. Involve police liaisons.",Relative clip timestamp = main video word timestamp - segment start timestamp. Estimates are evenly divided and must be replaced with reviewed sign-level annotation timestamps.
549,include,paragraph,9,9,39,0,434.0909,444.8182,359,477,434.0909,435.1636,0,1.0727,75.0909,76.1636,segments/sentences/sent_39.mp4,segments/paragraphs/para_9.mp4,estimated-needs-review,"Include these vehicles as part of the march, if possible.","Station people at the back of the march who are responsible for making sure that nobody gets left behind. Give a verbal description of the march route beforehand. Announce the destination and distance of the route. This lets folks choose to meet the march at its destination. DO NOT “direct” folks with mobility impairments to where you think they should be. Offer respectful suggestions; no one should be hurried along; no one should touch people or their mobility devices without their consent. Organize cars or vans to drive elders and people with disabilities along the route. Include these vehicles as part of the march, if possible. Provide seating at the destination. Have a team whose sole focus is the safety of the participants. Involve police liaisons.",Relative clip timestamp = main video word timestamp - segment start timestamp. Estimates are evenly divided and must be replaced with reviewed sign-level annotation timestamps.
550,these,paragraph,9,9,39,1,434.0909,444.8182,359,477,435.1636,436.2364,1.0727,2.1455,76.1636,77.2364,segments/sentences/sent_39.mp4,segments/paragraphs/para_9.mp4,estimated-needs-review,"Include these vehicles as part of the march, if possible.","Station people at the back of the march who are responsible for making sure that nobody gets left behind. Give a verbal description of the march route beforehand. Announce the destination and distance of the route. This lets folks choose to meet the march at its destination. DO NOT “direct” folks with mobility impairments to where you think they should be. Offer respectful suggestions; no one should be hurried along; no one should touch people or their mobility devices without their consent. Organize cars or vans to drive elders and people with disabilities along the route. Include these vehicles as part of the march, if possible. Provide seating at the destination. Have a team whose sole focus is the safety of the participants. Involve police liaisons.",Relative clip timestamp = main video word timestamp - segment start timestamp. Estimates are evenly divided and must be replaced with reviewed sign-level annotation timestamps.
551,vehicles,paragraph,9,9,39,2,434.0909,444.8182,359,477,436.2364,437.3091,2.1455,3.2182,77.2364,78.3091,segments/sentences/sent_39.mp4,segments/paragraphs/para_9.mp4,estimated-needs-review,"Include these vehicles as part of the march, if possible.","Station people at the back of the march who are responsible for making sure that nobody gets left behind. Give a verbal description of the march route beforehand. Announce the destination and distance of the route. This lets folks choose to meet the march at its destination. DO NOT “direct” folks with mobility impairments to where you think they should be. Offer respectful suggestions; no one should be hurried along; no one should touch people or their mobility devices without their consent. Organize cars or vans to drive elders and people with disabilities along the route. Include these vehicles as part of the march, if possible. Provide seating at the destination. Have a team whose sole focus is the safety of the participants. Involve police liaisons.",Relative clip timestamp = main video word timestamp - segment start timestamp. Estimates are evenly divided and must be replaced with reviewed sign-level annotation timestamps.
552,as,paragraph,9,9,39,3,434.0909,444.8182,359,477,437.3091,438.3818,3.2182,4.2909,78.3091,79.3818,segments/sentences/sent_39.mp4,segments/paragraphs/para_9.mp4,estimated-needs-review,"Include these vehicles as part of the march, if possible.","Station people at the back of the march who are responsible for making sure that nobody gets left behind. Give a verbal description of the march route beforehand. Announce the destination and distance of the route. This lets folks choose to meet the march at its destination. DO NOT “direct” folks with mobility impairments to where you think they should be. Offer respectful suggestions; no one should be hurried along; no one should touch people or their mobility devices without their consent. Organize cars or vans to drive elders and people with disabilities along the route. Include these vehicles as part of the march, if possible. Provide seating at the destination. Have a team whose sole focus is the safety of the participants. Involve police liaisons.",Relative clip timestamp = main video word timestamp - segment start timestamp. Estimates are evenly divided and must be replaced with reviewed sign-level annotation timestamps.
553,part,paragraph,9,9,39,4,434.0909,444.8182,359,477,438.3818,439.4545,4.2909,5.3636,79.3818,80.4545,segments/sentences/sent_39.mp4,segments/paragraphs/para_9.mp4,estimated-needs-review,"Include these vehicles as part of the march, if possible.","Station people at the back of the march who are responsible for making sure that nobody gets left behind. Give a verbal description of the march route beforehand. Announce the destination and distance of the route. This lets folks choose to meet the march at its destination. DO NOT “direct” folks with mobility impairments to where you think they should be. Offer respectful suggestions; no one should be hurried along; no one should touch people or their mobility devices without their consent. Organize cars or vans to drive elders and people with disabilities along the route. Include these vehicles as part of the march, if possible. Provide seating at the destination. Have a team whose sole focus is the safety of the participants. Involve police liaisons.",Relative clip timestamp = main video word timestamp - segment start timestamp. Estimates are evenly divided and must be replaced with reviewed sign-level annotation timestamps.
554,of,paragraph,9,9,39,5,434.0909,444.8182,359,477,439.4545,440.5273,5.3636,6.4364,80.4545,81.5273,segments/sentences/sent_39.mp4,segments/paragraphs/para_9.mp4,estimated-needs-review,"Include these vehicles as part of the march, if possible.","Station people at the back of the march who are responsible for making sure that nobody gets left behind. Give a verbal description of the march route beforehand. Announce the destination and distance of the route. This lets folks choose to meet the march at its destination. DO NOT “direct” folks with mobility impairments to where you think they should be. Offer respectful suggestions; no one should be hurried along; no one should touch people or their mobility devices without their consent. Organize cars or vans to drive elders and people with disabilities along the route. Include these vehicles as part of the march, if possible. Provide seating at the destination. Have a team whose sole focus is the safety of the participants. Involve police liaisons.",Relative clip timestamp = main video word timestamp - segment start timestamp. Estimates are evenly divided and must be replaced with reviewed sign-level annotation timestamps.
555,the,paragraph,9,9,39,6,434.0909,444.8182,359,477,440.5273,441.6,6.4364,7.5091,81.5273,82.6,segments/sentences/sent_39.mp4,segments/paragraphs/para_9.mp4,estimated-needs-review,"Include these vehicles as part of the march, if possible.","Station people at the back of the march who are responsible for making sure that nobody gets left behind. Give a verbal description of the march route beforehand. Announce the destination and distance of the route. This lets folks choose to meet the march at its destination. DO NOT “direct” folks with mobility impairments to where you think they should be. Offer respectful suggestions; no one should be hurried along; no one should touch people or their mobility devices without their consent. Organize cars or vans to drive elders and people with disabilities along the route. Include these vehicles as part of the march, if possible. Provide seating at the destination. Have a team whose sole focus is the safety of the participants. Involve police liaisons.",Relative clip timestamp = main video word timestamp - segment start timestamp. Estimates are evenly divided and must be replaced with reviewed sign-level annotation timestamps.
556,march,paragraph,9,9,39,7,434.0909,444.8182,359,477,441.6,442.6727,7.5091,8.5818,82.6,83.6727,segments/sentences/sent_39.mp4,segments/paragraphs/para_9.mp4,estimated-needs-review,"Include these vehicles as part of the march, if possible.","Station people at the back of the march who are responsible for making sure that nobody gets left behind. Give a verbal description of the march route beforehand. Announce the destination and distance of the route. This lets folks choose to meet the march at its destination. DO NOT “direct” folks with mobility impairments to where you think they should be. Offer respectful suggestions; no one should be hurried along; no one should touch people or their mobility devices without their consent. Organize cars or vans to drive elders and people with disabilities along the route. Include these vehicles as part of the march, if possible. Provide seating at the destination. Have a team whose sole focus is the safety of the participants. Involve police liaisons.",Relative clip timestamp = main video word timestamp - segment start timestamp. Estimates are evenly divided and must be replaced with reviewed sign-level annotation timestamps.
557,if,paragraph,9,9,39,8,434.0909,444.8182,359,477,442.6727,443.7455,8.5818,9.6546,83.6727,84.7455,segments/sentences/sent_39.mp4,segments/paragraphs/para_9.mp4,estimated-needs-review,"Include these vehicles as part of the march, if possible.","Station people at the back of the march who are responsible for making sure that nobody gets left behind. Give a verbal description of the march route beforehand. Announce the destination and distance of the route. This lets folks choose to meet the march at its destination. DO NOT “direct” folks with mobility impairments to where you think they should be. Offer respectful suggestions; no one should be hurried along; no one should touch people or their mobility devices without their consent. Organize cars or vans to drive elders and people with disabilities along the route. Include these vehicles as part of the march, if possible. Provide seating at the destination. Have a team whose sole focus is the safety of the participants. Involve police liaisons.",Relative clip timestamp = main video word timestamp - segment start timestamp. Estimates are evenly divided and must be replaced with reviewed sign-level annotation timestamps.
558,possible,paragraph,9,9,39,9,434.0909,444.8182,359,477,443.7455,444.8182,9.6546,10.7273,84.7455,85.8182,segments/sentences/sent_39.mp4,segments/paragraphs/para_9.mp4,estimated-needs-review,"Include these vehicles as part of the march, if possible.","Station people at the back of the march who are responsible for making sure that nobody gets left behind. Give a verbal description of the march route beforehand. Announce the destination and distance of the route. This lets folks choose to meet the march at its destination. DO NOT “direct” folks with mobility impairments to where you think they should be. Offer respectful suggestions; no one should be hurried along; no one should touch people or their mobility devices without their consent. Organize cars or vans to drive elders and people with disabilities along the route. Include these vehicles as part of the march, if possible. Provide seating at the destination. Have a team whose sole focus is the safety of the participants. Involve police liaisons.",Relative clip timestamp = main video word timestamp - segment start timestamp. Estimates are evenly divided and must be replaced with reviewed sign-level annotation timestamps.
559,provide,paragraph,9,9,40,0,444.8182,455.5455,359,477,444.8182,446.9636,0,2.1454,85.8182,87.9636,segments/sentences/sent_40.mp4,segments/paragraphs/para_9.mp4,estimated-needs-review,Provide seating at the destination.,"Station people at the back of the march who are responsible for making sure that nobody gets left behind. Give a verbal description of the march route beforehand. Announce the destination and distance of the route. This lets folks choose to meet the march at its destination. DO NOT “direct” folks with mobility impairments to where you think they should be. Offer respectful suggestions; no one should be hurried along; no one should touch people or their mobility devices without their consent. Organize cars or vans to drive elders and people with disabilities along the route. Include these vehicles as part of the march, if possible. Provide seating at the destination. Have a team whose sole focus is the safety of the participants. Involve police liaisons.",Relative clip timestamp = main video word timestamp - segment start timestamp. Estimates are evenly divided and must be replaced with reviewed sign-level annotation timestamps.
560,seating,paragraph,9,9,40,1,444.8182,455.5455,359,477,446.9636,449.1091,2.1454,4.2909,87.9636,90.1091,segments/sentences/sent_40.mp4,segments/paragraphs/para_9.mp4,estimated-needs-review,Provide seating at the destination.,"Station people at the back of the march who are responsible for making sure that nobody gets left behind. Give a verbal description of the march route beforehand. Announce the destination and distance of the route. This lets folks choose to meet the march at its destination. DO NOT “direct” folks with mobility impairments to where you think they should be. Offer respectful suggestions; no one should be hurried along; no one should touch people or their mobility devices without their consent. Organize cars or vans to drive elders and people with disabilities along the route. Include these vehicles as part of the march, if possible. Provide seating at the destination. Have a team whose sole focus is the safety of the participants. Involve police liaisons.",Relative clip timestamp = main video word timestamp - segment start timestamp. Estimates are evenly divided and must be replaced with reviewed sign-level annotation timestamps.
561,at,paragraph,9,9,40,2,444.8182,455.5455,359,477,449.1091,451.2545,4.2909,6.4363,90.1091,92.2545,segments/sentences/sent_40.mp4,segments/paragraphs/para_9.mp4,estimated-needs-review,Provide seating at the destination.,"Station people at the back of the march who are responsible for making sure that nobody gets left behind. Give a verbal description of the march route beforehand. Announce the destination and distance of the route. This lets folks choose to meet the march at its destination. DO NOT “direct” folks with mobility impairments to where you think they should be. Offer respectful suggestions; no one should be hurried along; no one should touch people or their mobility devices without their consent. Organize cars or vans to drive elders and people with disabilities along the route. Include these vehicles as part of the march, if possible. Provide seating at the destination. Have a team whose sole focus is the safety of the participants. Involve police liaisons.",Relative clip timestamp = main video word timestamp - segment start timestamp. Estimates are evenly divided and must be replaced with reviewed sign-level annotation timestamps.
562,the,paragraph,9,9,40,3,444.8182,455.5455,359,477,451.2545,453.4,6.4363,8.5818,92.2545,94.4,segments/sentences/sent_40.mp4,segments/paragraphs/para_9.mp4,estimated-needs-review,Provide seating at the destination.,"Station people at the back of the march who are responsible for making sure that nobody gets left behind. Give a verbal description of the march route beforehand. Announce the destination and distance of the route. This lets folks choose to meet the march at its destination. DO NOT “direct” folks with mobility impairments to where you think they should be. Offer respectful suggestions; no one should be hurried along; no one should touch people or their mobility devices without their consent. Organize cars or vans to drive elders and people with disabilities along the route. Include these vehicles as part of the march, if possible. Provide seating at the destination. Have a team whose sole focus is the safety of the participants. Involve police liaisons.",Relative clip timestamp = main video word timestamp - segment start timestamp. Estimates are evenly divided and must be replaced with reviewed sign-level annotation timestamps.
563,destination,paragraph,9,9,40,4,444.8182,455.5455,359,477,453.4,455.5455,8.5818,10.7273,94.4,96.5455,segments/sentences/sent_40.mp4,segments/paragraphs/para_9.mp4,estimated-needs-review,Provide seating at the destination.,"Station people at the back of the march who are responsible for making sure that nobody gets left behind. Give a verbal description of the march route beforehand. Announce the destination and distance of the route. This lets folks choose to meet the march at its destination. DO NOT “direct” folks with mobility impairments to where you think they should be. Offer respectful suggestions; no one should be hurried along; no one should touch people or their mobility devices without their consent. Organize cars or vans to drive elders and people with disabilities along the route. Include these vehicles as part of the march, if possible. Provide seating at the destination. Have a team whose sole focus is the safety of the participants. Involve police liaisons.",Relative clip timestamp = main video word timestamp - segment start timestamp. Estimates are evenly divided and must be replaced with reviewed sign-level annotation timestamps.
564,have,paragraph,9,9,41,0,455.5455,466.2727,359,477,455.5455,456.4394,0,0.8939,96.5455,97.4394,segments/sentences/sent_41.mp4,segments/paragraphs/para_9.mp4,estimated-needs-review,Have a team whose sole focus is the safety of the participants.,"Station people at the back of the march who are responsible for making sure that nobody gets left behind. Give a verbal description of the march route beforehand. Announce the destination and distance of the route. This lets folks choose to meet the march at its destination. DO NOT “direct” folks with mobility impairments to where you think they should be. Offer respectful suggestions; no one should be hurried along; no one should touch people or their mobility devices without their consent. Organize cars or vans to drive elders and people with disabilities along the route. Include these vehicles as part of the march, if possible. Provide seating at the destination. Have a team whose sole focus is the safety of the participants. Involve police liaisons.",Relative clip timestamp = main video word timestamp - segment start timestamp. Estimates are evenly divided and must be replaced with reviewed sign-level annotation timestamps.
565,a,paragraph,9,9,41,1,455.5455,466.2727,359,477,456.4394,457.3333,0.8939,1.7878,97.4394,98.3333,segments/sentences/sent_41.mp4,segments/paragraphs/para_9.mp4,estimated-needs-review,Have a team whose sole focus is the safety of the participants.,"Station people at the back of the march who are responsible for making sure that nobody gets left behind. Give a verbal description of the march route beforehand. Announce the destination and distance of the route. This lets folks choose to meet the march at its destination. DO NOT “direct” folks with mobility impairments to where you think they should be. Offer respectful suggestions; no one should be hurried along; no one should touch people or their mobility devices without their consent. Organize cars or vans to drive elders and people with disabilities along the route. Include these vehicles as part of the march, if possible. Provide seating at the destination. Have a team whose sole focus is the safety of the participants. Involve police liaisons.",Relative clip timestamp = main video word timestamp - segment start timestamp. Estimates are evenly divided and must be replaced with reviewed sign-level annotation timestamps.
566,team,paragraph,9,9,41,2,455.5455,466.2727,359,477,457.3333,458.2273,1.7878,2.6818,98.3333,99.2273,segments/sentences/sent_41.mp4,segments/paragraphs/para_9.mp4,estimated-needs-review,Have a team whose sole focus is the safety of the participants.,"Station people at the back of the march who are responsible for making sure that nobody gets left behind. Give a verbal description of the march route beforehand. Announce the destination and distance of the route. This lets folks choose to meet the march at its destination. DO NOT “direct” folks with mobility impairments to where you think they should be. Offer respectful suggestions; no one should be hurried along; no one should touch people or their mobility devices without their consent. Organize cars or vans to drive elders and people with disabilities along the route. Include these vehicles as part of the march, if possible. Provide seating at the destination. Have a team whose sole focus is the safety of the participants. Involve police liaisons.",Relative clip timestamp = main video word timestamp - segment start timestamp. Estimates are evenly divided and must be replaced with reviewed sign-level annotation timestamps.
567,whose,paragraph,9,9,41,3,455.5455,466.2727,359,477,458.2273,459.1212,2.6818,3.5757,99.2273,100.1212,segments/sentences/sent_41.mp4,segments/paragraphs/para_9.mp4,estimated-needs-review,Have a team whose sole focus is the safety of the participants.,"Station people at the back of the march who are responsible for making sure that nobody gets left behind. Give a verbal description of the march route beforehand. Announce the destination and distance of the route. This lets folks choose to meet the march at its destination. DO NOT “direct” folks with mobility impairments to where you think they should be. Offer respectful suggestions; no one should be hurried along; no one should touch people or their mobility devices without their consent. Organize cars or vans to drive elders and people with disabilities along the route. Include these vehicles as part of the march, if possible. Provide seating at the destination. Have a team whose sole focus is the safety of the participants. Involve police liaisons.",Relative clip timestamp = main video word timestamp - segment start timestamp. Estimates are evenly divided and must be replaced with reviewed sign-level annotation timestamps.
568,sole,paragraph,9,9,41,4,455.5455,466.2727,359,477,459.1212,460.0152,3.5757,4.4697,100.1212,101.0152,segments/sentences/sent_41.mp4,segments/paragraphs/para_9.mp4,estimated-needs-review,Have a team whose sole focus is the safety of the participants.,"Station people at the back of the march who are responsible for making sure that nobody gets left behind. Give a verbal description of the march route beforehand. Announce the destination and distance of the route. This lets folks choose to meet the march at its destination. DO NOT “direct” folks with mobility impairments to where you think they should be. Offer respectful suggestions; no one should be hurried along; no one should touch people or their mobility devices without their consent. Organize cars or vans to drive elders and people with disabilities along the route. Include these vehicles as part of the march, if possible. Provide seating at the destination. Have a team whose sole focus is the safety of the participants. Involve police liaisons.",Relative clip timestamp = main video word timestamp - segment start timestamp. Estimates are evenly divided and must be replaced with reviewed sign-level annotation timestamps.
569,focus,paragraph,9,9,41,5,455.5455,466.2727,359,477,460.0152,460.9091,4.4697,5.3636,101.0152,101.9091,segments/sentences/sent_41.mp4,segments/paragraphs/para_9.mp4,estimated-needs-review,Have a team whose sole focus is the safety of the participants.,"Station people at the back of the march who are responsible for making sure that nobody gets left behind. Give a verbal description of the march route beforehand. Announce the destination and distance of the route. This lets folks choose to meet the march at its destination. DO NOT “direct” folks with mobility impairments to where you think they should be. Offer respectful suggestions; no one should be hurried along; no one should touch people or their mobility devices without their consent. Organize cars or vans to drive elders and people with disabilities along the route. Include these vehicles as part of the march, if possible. Provide seating at the destination. Have a team whose sole focus is the safety of the participants. Involve police liaisons.",Relative clip timestamp = main video word timestamp - segment start timestamp. Estimates are evenly divided and must be replaced with reviewed sign-level annotation timestamps.
570,is,paragraph,9,9,41,6,455.5455,466.2727,359,477,460.9091,461.803,5.3636,6.2575,101.9091,102.803,segments/sentences/sent_41.mp4,segments/paragraphs/para_9.mp4,estimated-needs-review,Have a team whose sole focus is the safety of the participants.,"Station people at the back of the march who are responsible for making sure that nobody gets left behind. Give a verbal description of the march route beforehand. Announce the destination and distance of the route. This lets folks choose to meet the march at its destination. DO NOT “direct” folks with mobility impairments to where you think they should be. Offer respectful suggestions; no one should be hurried along; no one should touch people or their mobility devices without their consent. Organize cars or vans to drive elders and people with disabilities along the route. Include these vehicles as part of the march, if possible. Provide seating at the destination. Have a team whose sole focus is the safety of the participants. Involve police liaisons.",Relative clip timestamp = main video word timestamp - segment start timestamp. Estimates are evenly divided and must be replaced with reviewed sign-level annotation timestamps.
571,the,paragraph,9,9,41,7,455.5455,466.2727,359,477,461.803,462.697,6.2575,7.1515,102.803,103.697,segments/sentences/sent_41.mp4,segments/paragraphs/para_9.mp4,estimated-needs-review,Have a team whose sole focus is the safety of the participants.,"Station people at the back of the march who are responsible for making sure that nobody gets left behind. Give a verbal description of the march route beforehand. Announce the destination and distance of the route. This lets folks choose to meet the march at its destination. DO NOT “direct” folks with mobility impairments to where you think they should be. Offer respectful suggestions; no one should be hurried along; no one should touch people or their mobility devices without their consent. Organize cars or vans to drive elders and people with disabilities along the route. Include these vehicles as part of the march, if possible. Provide seating at the destination. Have a team whose sole focus is the safety of the participants. Involve police liaisons.",Relative clip timestamp = main video word timestamp - segment start timestamp. Estimates are evenly divided and must be replaced with reviewed sign-level annotation timestamps.
572,safety,paragraph,9,9,41,8,455.5455,466.2727,359,477,462.697,463.5909,7.1515,8.0454,103.697,104.5909,segments/sentences/sent_41.mp4,segments/paragraphs/para_9.mp4,estimated-needs-review,Have a team whose sole focus is the safety of the participants.,"Station people at the back of the march who are responsible for making sure that nobody gets left behind. Give a verbal description of the march route beforehand. Announce the destination and distance of the route. This lets folks choose to meet the march at its destination. DO NOT “direct” folks with mobility impairments to where you think they should be. Offer respectful suggestions; no one should be hurried along; no one should touch people or their mobility devices without their consent. Organize cars or vans to drive elders and people with disabilities along the route. Include these vehicles as part of the march, if possible. Provide seating at the destination. Have a team whose sole focus is the safety of the participants. Involve police liaisons.",Relative clip timestamp = main video word timestamp - segment start timestamp. Estimates are evenly divided and must be replaced with reviewed sign-level annotation timestamps.
573,of,paragraph,9,9,41,9,455.5455,466.2727,359,477,463.5909,464.4848,8.0454,8.9393,104.5909,105.4848,segments/sentences/sent_41.mp4,segments/paragraphs/para_9.mp4,estimated-needs-review,Have a team whose sole focus is the safety of the participants.,"Station people at the back of the march who are responsible for making sure that nobody gets left behind. Give a verbal description of the march route beforehand. Announce the destination and distance of the route. This lets folks choose to meet the march at its destination. DO NOT “direct” folks with mobility impairments to where you think they should be. Offer respectful suggestions; no one should be hurried along; no one should touch people or their mobility devices without their consent. Organize cars or vans to drive elders and people with disabilities along the route. Include these vehicles as part of the march, if possible. Provide seating at the destination. Have a team whose sole focus is the safety of the participants. Involve police liaisons.",Relative clip timestamp = main video word timestamp - segment start timestamp. Estimates are evenly divided and must be replaced with reviewed sign-level annotation timestamps.
574,the,paragraph,9,9,41,10,455.5455,466.2727,359,477,464.4848,465.3788,8.9393,9.8333,105.4848,106.3788,segments/sentences/sent_41.mp4,segments/paragraphs/para_9.mp4,estimated-needs-review,Have a team whose sole focus is the safety of the participants.,"Station people at the back of the march who are responsible for making sure that nobody gets left behind. Give a verbal description of the march route beforehand. Announce the destination and distance of the route. This lets folks choose to meet the march at its destination. DO NOT “direct” folks with mobility impairments to where you think they should be. Offer respectful suggestions; no one should be hurried along; no one should touch people or their mobility devices without their consent. Organize cars or vans to drive elders and people with disabilities along the route. Include these vehicles as part of the march, if possible. Provide seating at the destination. Have a team whose sole focus is the safety of the participants. Involve police liaisons.",Relative clip timestamp = main video word timestamp - segment start timestamp. Estimates are evenly divided and must be replaced with reviewed sign-level annotation timestamps.
575,participants,paragraph,9,9,41,11,455.5455,466.2727,359,477,465.3788,466.2727,9.8333,10.7272,106.3788,107.2727,segments/sentences/sent_41.mp4,segments/paragraphs/para_9.mp4,estimated-needs-review,Have a team whose sole focus is the safety of the participants.,"Station people at the back of the march who are responsible for making sure that nobody gets left behind. Give a verbal description of the march route beforehand. Announce the destination and distance of the route. This lets folks choose to meet the march at its destination. DO NOT “direct” folks with mobility impairments to where you think they should be. Offer respectful suggestions; no one should be hurried along; no one should touch people or their mobility devices without their consent. Organize cars or vans to drive elders and people with disabilities along the route. Include these vehicles as part of the march, if possible. Provide seating at the destination. Have a team whose sole focus is the safety of the participants. Involve police liaisons.",Relative clip timestamp = main video word timestamp - segment start timestamp. Estimates are evenly divided and must be replaced with reviewed sign-level annotation timestamps.
576,involve,paragraph,9,9,42,0,466.2727,477,359,477,466.2727,469.8485,0,3.5758,107.2727,110.8485,segments/sentences/sent_42.mp4,segments/paragraphs/para_9.mp4,estimated-needs-review,Involve police liaisons.,"Station people at the back of the march who are responsible for making sure that nobody gets left behind. Give a verbal description of the march route beforehand. Announce the destination and distance of the route. This lets folks choose to meet the march at its destination. DO NOT “direct” folks with mobility impairments to where you think they should be. Offer respectful suggestions; no one should be hurried along; no one should touch people or their mobility devices without their consent. Organize cars or vans to drive elders and people with disabilities along the route. Include these vehicles as part of the march, if possible. Provide seating at the destination. Have a team whose sole focus is the safety of the participants. Involve police liaisons.",Relative clip timestamp = main video word timestamp - segment start timestamp. Estimates are evenly divided and must be replaced with reviewed sign-level annotation timestamps.
577,police,paragraph,9,9,42,1,466.2727,477,359,477,469.8485,473.4242,3.5758,7.1515,110.8485,114.4242,segments/sentences/sent_42.mp4,segments/paragraphs/para_9.mp4,estimated-needs-review,Involve police liaisons.,"Station people at the back of the march who are responsible for making sure that nobody gets left behind. Give a verbal description of the march route beforehand. Announce the destination and distance of the route. This lets folks choose to meet the march at its destination. DO NOT “direct” folks with mobility impairments to where you think they should be. Offer respectful suggestions; no one should be hurried along; no one should touch people or their mobility devices without their consent. Organize cars or vans to drive elders and people with disabilities along the route. Include these vehicles as part of the march, if possible. Provide seating at the destination. Have a team whose sole focus is the safety of the participants. Involve police liaisons.",Relative clip timestamp = main video word timestamp - segment start timestamp. Estimates are evenly divided and must be replaced with reviewed sign-level annotation timestamps.
578,liaisons,paragraph,9,9,42,2,466.2727,477,359,477,473.4242,477,7.1515,10.7273,114.4242,118,segments/sentences/sent_42.mp4,segments/paragraphs/para_9.mp4,estimated-needs-review,Involve police liaisons.,"Station people at the back of the march who are responsible for making sure that nobody gets left behind. Give a verbal description of the march route beforehand. Announce the destination and distance of the route. This lets folks choose to meet the march at its destination. DO NOT “direct” folks with mobility impairments to where you think they should be. Offer respectful suggestions; no one should be hurried along; no one should touch people or their mobility devices without their consent. Organize cars or vans to drive elders and people with disabilities along the route. Include these vehicles as part of the march, if possible. Provide seating at the destination. Have a team whose sole focus is the safety of the participants. Involve police liaisons.",Relative clip timestamp = main video word timestamp - segment start timestamp. Estimates are evenly divided and must be replaced with reviewed sign-level annotation timestamps.
579,police,paragraph,10,10,43,0,477,489.5,477,527,477,477.6944,0,0.6944,0,0.6944,segments/sentences/sent_43.mp4,segments/paragraphs/para_10.mp4,estimated-needs-review,"Police liaisons should communicate to police that there are participants with disabilities such as elders, pregnant folks, etc.","Police liaisons should communicate to police that there are participants with disabilities such as elders, pregnant folks, etc. and that the march intends to respect their pace. Be aware that cops will often target folks with disabilities. Cops may perceive folks with disabilities as “weak links”; cops target folks at the end of actions as energy dissipates.",Relative clip timestamp = main video word timestamp - segment start timestamp. Estimates are evenly divided and must be replaced with reviewed sign-level annotation timestamps.
580,liaisons,paragraph,10,10,43,1,477,489.5,477,527,477.6944,478.3889,0.6944,1.3889,0.6944,1.3889,segments/sentences/sent_43.mp4,segments/paragraphs/para_10.mp4,estimated-needs-review,"Police liaisons should communicate to police that there are participants with disabilities such as elders, pregnant folks, etc.","Police liaisons should communicate to police that there are participants with disabilities such as elders, pregnant folks, etc. and that the march intends to respect their pace. Be aware that cops will often target folks with disabilities. Cops may perceive folks with disabilities as “weak links”; cops target folks at the end of actions as energy dissipates.",Relative clip timestamp = main video word timestamp - segment start timestamp. Estimates are evenly divided and must be replaced with reviewed sign-level annotation timestamps.
581,should,paragraph,10,10,43,2,477,489.5,477,527,478.3889,479.0833,1.3889,2.0833,1.3889,2.0833,segments/sentences/sent_43.mp4,segments/paragraphs/para_10.mp4,estimated-needs-review,"Police liaisons should communicate to police that there are participants with disabilities such as elders, pregnant folks, etc.","Police liaisons should communicate to police that there are participants with disabilities such as elders, pregnant folks, etc. and that the march intends to respect their pace. Be aware that cops will often target folks with disabilities. Cops may perceive folks with disabilities as “weak links”; cops target folks at the end of actions as energy dissipates.",Relative clip timestamp = main video word timestamp - segment start timestamp. Estimates are evenly divided and must be replaced with reviewed sign-level annotation timestamps.
582,communicate,paragraph,10,10,43,3,477,489.5,477,527,479.0833,479.7778,2.0833,2.7778,2.0833,2.7778,segments/sentences/sent_43.mp4,segments/paragraphs/para_10.mp4,estimated-needs-review,"Police liaisons should communicate to police that there are participants with disabilities such as elders, pregnant folks, etc.","Police liaisons should communicate to police that there are participants with disabilities such as elders, pregnant folks, etc. and that the march intends to respect their pace. Be aware that cops will often target folks with disabilities. Cops may perceive folks with disabilities as “weak links”; cops target folks at the end of actions as energy dissipates.",Relative clip timestamp = main video word timestamp - segment start timestamp. Estimates are evenly divided and must be replaced with reviewed sign-level annotation timestamps.
583,to,paragraph,10,10,43,4,477,489.5,477,527,479.7778,480.4722,2.7778,3.4722,2.7778,3.4722,segments/sentences/sent_43.mp4,segments/paragraphs/para_10.mp4,estimated-needs-review,"Police liaisons should communicate to police that there are participants with disabilities such as elders, pregnant folks, etc.","Police liaisons should communicate to police that there are participants with disabilities such as elders, pregnant folks, etc. and that the march intends to respect their pace. Be aware that cops will often target folks with disabilities. Cops may perceive folks with disabilities as “weak links”; cops target folks at the end of actions as energy dissipates.",Relative clip timestamp = main video word timestamp - segment start timestamp. Estimates are evenly divided and must be replaced with reviewed sign-level annotation timestamps.
584,police,paragraph,10,10,43,5,477,489.5,477,527,480.4722,481.1667,3.4722,4.1667,3.4722,4.1667,segments/sentences/sent_43.mp4,segments/paragraphs/para_10.mp4,estimated-needs-review,"Police liaisons should communicate to police that there are participants with disabilities such as elders, pregnant folks, etc.","Police liaisons should communicate to police that there are participants with disabilities such as elders, pregnant folks, etc. and that the march intends to respect their pace. Be aware that cops will often target folks with disabilities. Cops may perceive folks with disabilities as “weak links”; cops target folks at the end of actions as energy dissipates.",Relative clip timestamp = main video word timestamp - segment start timestamp. Estimates are evenly divided and must be replaced with reviewed sign-level annotation timestamps.
585,that,paragraph,10,10,43,6,477,489.5,477,527,481.1667,481.8611,4.1667,4.8611,4.1667,4.8611,segments/sentences/sent_43.mp4,segments/paragraphs/para_10.mp4,estimated-needs-review,"Police liaisons should communicate to police that there are participants with disabilities such as elders, pregnant folks, etc.","Police liaisons should communicate to police that there are participants with disabilities such as elders, pregnant folks, etc. and that the march intends to respect their pace. Be aware that cops will often target folks with disabilities. Cops may perceive folks with disabilities as “weak links”; cops target folks at the end of actions as energy dissipates.",Relative clip timestamp = main video word timestamp - segment start timestamp. Estimates are evenly divided and must be replaced with reviewed sign-level annotation timestamps.
586,there,paragraph,10,10,43,7,477,489.5,477,527,481.8611,482.5556,4.8611,5.5556,4.8611,5.5556,segments/sentences/sent_43.mp4,segments/paragraphs/para_10.mp4,estimated-needs-review,"Police liaisons should communicate to police that there are participants with disabilities such as elders, pregnant folks, etc.","Police liaisons should communicate to police that there are participants with disabilities such as elders, pregnant folks, etc. and that the march intends to respect their pace. Be aware that cops will often target folks with disabilities. Cops may perceive folks with disabilities as “weak links”; cops target folks at the end of actions as energy dissipates.",Relative clip timestamp = main video word timestamp - segment start timestamp. Estimates are evenly divided and must be replaced with reviewed sign-level annotation timestamps.
587,are,paragraph,10,10,43,8,477,489.5,477,527,482.5556,483.25,5.5556,6.25,5.5556,6.25,segments/sentences/sent_43.mp4,segments/paragraphs/para_10.mp4,estimated-needs-review,"Police liaisons should communicate to police that there are participants with disabilities such as elders, pregnant folks, etc.","Police liaisons should communicate to police that there are participants with disabilities such as elders, pregnant folks, etc. and that the march intends to respect their pace. Be aware that cops will often target folks with disabilities. Cops may perceive folks with disabilities as “weak links”; cops target folks at the end of actions as energy dissipates.",Relative clip timestamp = main video word timestamp - segment start timestamp. Estimates are evenly divided and must be replaced with reviewed sign-level annotation timestamps.
588,participants,paragraph,10,10,43,9,477,489.5,477,527,483.25,483.9444,6.25,6.9444,6.25,6.9444,segments/sentences/sent_43.mp4,segments/paragraphs/para_10.mp4,estimated-needs-review,"Police liaisons should communicate to police that there are participants with disabilities such as elders, pregnant folks, etc.","Police liaisons should communicate to police that there are participants with disabilities such as elders, pregnant folks, etc. and that the march intends to respect their pace. Be aware that cops will often target folks with disabilities. Cops may perceive folks with disabilities as “weak links”; cops target folks at the end of actions as energy dissipates.",Relative clip timestamp = main video word timestamp - segment start timestamp. Estimates are evenly divided and must be replaced with reviewed sign-level annotation timestamps.
589,with,paragraph,10,10,43,10,477,489.5,477,527,483.9444,484.6389,6.9444,7.6389,6.9444,7.6389,segments/sentences/sent_43.mp4,segments/paragraphs/para_10.mp4,estimated-needs-review,"Police liaisons should communicate to police that there are participants with disabilities such as elders, pregnant folks, etc.","Police liaisons should communicate to police that there are participants with disabilities such as elders, pregnant folks, etc. and that the march intends to respect their pace. Be aware that cops will often target folks with disabilities. Cops may perceive folks with disabilities as “weak links”; cops target folks at the end of actions as energy dissipates.",Relative clip timestamp = main video word timestamp - segment start timestamp. Estimates are evenly divided and must be replaced with reviewed sign-level annotation timestamps.
590,disabilities,paragraph,10,10,43,11,477,489.5,477,527,484.6389,485.3333,7.6389,8.3333,7.6389,8.3333,segments/sentences/sent_43.mp4,segments/paragraphs/para_10.mp4,estimated-needs-review,"Police liaisons should communicate to police that there are participants with disabilities such as elders, pregnant folks, etc.","Police liaisons should communicate to police that there are participants with disabilities such as elders, pregnant folks, etc. and that the march intends to respect their pace. Be aware that cops will often target folks with disabilities. Cops may perceive folks with disabilities as “weak links”; cops target folks at the end of actions as energy dissipates.",Relative clip timestamp = main video word timestamp - segment start timestamp. Estimates are evenly divided and must be replaced with reviewed sign-level annotation timestamps.
591,such,paragraph,10,10,43,12,477,489.5,477,527,485.3333,486.0278,8.3333,9.0278,8.3333,9.0278,segments/sentences/sent_43.mp4,segments/paragraphs/para_10.mp4,estimated-needs-review,"Police liaisons should communicate to police that there are participants with disabilities such as elders, pregnant folks, etc.","Police liaisons should communicate to police that there are participants with disabilities such as elders, pregnant folks, etc. and that the march intends to respect their pace. Be aware that cops will often target folks with disabilities. Cops may perceive folks with disabilities as “weak links”; cops target folks at the end of actions as energy dissipates.",Relative clip timestamp = main video word timestamp - segment start timestamp. Estimates are evenly divided and must be replaced with reviewed sign-level annotation timestamps.
592,as,paragraph,10,10,43,13,477,489.5,477,527,486.0278,486.7222,9.0278,9.7222,9.0278,9.7222,segments/sentences/sent_43.mp4,segments/paragraphs/para_10.mp4,estimated-needs-review,"Police liaisons should communicate to police that there are participants with disabilities such as elders, pregnant folks, etc.","Police liaisons should communicate to police that there are participants with disabilities such as elders, pregnant folks, etc. and that the march intends to respect their pace. Be aware that cops will often target folks with disabilities. Cops may perceive folks with disabilities as “weak links”; cops target folks at the end of actions as energy dissipates.",Relative clip timestamp = main video word timestamp - segment start timestamp. Estimates are evenly divided and must be replaced with reviewed sign-level annotation timestamps.
593,elders,paragraph,10,10,43,14,477,489.5,477,527,486.7222,487.4167,9.7222,10.4167,9.7222,10.4167,segments/sentences/sent_43.mp4,segments/paragraphs/para_10.mp4,estimated-needs-review,"Police liaisons should communicate to police that there are participants with disabilities such as elders, pregnant folks, etc.","Police liaisons should communicate to police that there are participants with disabilities such as elders, pregnant folks, etc. and that the march intends to respect their pace. Be aware that cops will often target folks with disabilities. Cops may perceive folks with disabilities as “weak links”; cops target folks at the end of actions as energy dissipates.",Relative clip timestamp = main video word timestamp - segment start timestamp. Estimates are evenly divided and must be replaced with reviewed sign-level annotation timestamps.
594,pregnant,paragraph,10,10,43,15,477,489.5,477,527,487.4167,488.1111,10.4167,11.1111,10.4167,11.1111,segments/sentences/sent_43.mp4,segments/paragraphs/para_10.mp4,estimated-needs-review,"Police liaisons should communicate to police that there are participants with disabilities such as elders, pregnant folks, etc.","Police liaisons should communicate to police that there are participants with disabilities such as elders, pregnant folks, etc. and that the march intends to respect their pace. Be aware that cops will often target folks with disabilities. Cops may perceive folks with disabilities as “weak links”; cops target folks at the end of actions as energy dissipates.",Relative clip timestamp = main video word timestamp - segment start timestamp. Estimates are evenly divided and must be replaced with reviewed sign-level annotation timestamps.
595,folks,paragraph,10,10,43,16,477,489.5,477,527,488.1111,488.8056,11.1111,11.8056,11.1111,11.8056,segments/sentences/sent_43.mp4,segments/paragraphs/para_10.mp4,estimated-needs-review,"Police liaisons should communicate to police that there are participants with disabilities such as elders, pregnant folks, etc.","Police liaisons should communicate to police that there are participants with disabilities such as elders, pregnant folks, etc. and that the march intends to respect their pace. Be aware that cops will often target folks with disabilities. Cops may perceive folks with disabilities as “weak links”; cops target folks at the end of actions as energy dissipates.",Relative clip timestamp = main video word timestamp - segment start timestamp. Estimates are evenly divided and must be replaced with reviewed sign-level annotation timestamps.
596,etc,paragraph,10,10,43,17,477,489.5,477,527,488.8056,489.5,11.8056,12.5,11.8056,12.5,segments/sentences/sent_43.mp4,segments/paragraphs/para_10.mp4,estimated-needs-review,"Police liaisons should communicate to police that there are participants with disabilities such as elders, pregnant folks, etc.","Police liaisons should communicate to police that there are participants with disabilities such as elders, pregnant folks, etc. and that the march intends to respect their pace. Be aware that cops will often target folks with disabilities. Cops may perceive folks with disabilities as “weak links”; cops target folks at the end of actions as energy dissipates.",Relative clip timestamp = main video word timestamp - segment start timestamp. Estimates are evenly divided and must be replaced with reviewed sign-level annotation timestamps.
597,and,paragraph,10,10,44,0,489.5,502,477,527,489.5,490.8889,0,1.3889,12.5,13.8889,segments/sentences/sent_44.mp4,segments/paragraphs/para_10.mp4,estimated-needs-review,and that the march intends to respect their pace.,"Police liaisons should communicate to police that there are participants with disabilities such as elders, pregnant folks, etc. and that the march intends to respect their pace. Be aware that cops will often target folks with disabilities. Cops may perceive folks with disabilities as “weak links”; cops target folks at the end of actions as energy dissipates.",Relative clip timestamp = main video word timestamp - segment start timestamp. Estimates are evenly divided and must be replaced with reviewed sign-level annotation timestamps.
598,that,paragraph,10,10,44,1,489.5,502,477,527,490.8889,492.2778,1.3889,2.7778,13.8889,15.2778,segments/sentences/sent_44.mp4,segments/paragraphs/para_10.mp4,estimated-needs-review,and that the march intends to respect their pace.,"Police liaisons should communicate to police that there are participants with disabilities such as elders, pregnant folks, etc. and that the march intends to respect their pace. Be aware that cops will often target folks with disabilities. Cops may perceive folks with disabilities as “weak links”; cops target folks at the end of actions as energy dissipates.",Relative clip timestamp = main video word timestamp - segment start timestamp. Estimates are evenly divided and must be replaced with reviewed sign-level annotation timestamps.
599,the,paragraph,10,10,44,2,489.5,502,477,527,492.2778,493.6667,2.7778,4.1667,15.2778,16.6667,segments/sentences/sent_44.mp4,segments/paragraphs/para_10.mp4,estimated-needs-review,and that the march intends to respect their pace.,"Police liaisons should communicate to police that there are participants with disabilities such as elders, pregnant folks, etc. and that the march intends to respect their pace. Be aware that cops will often target folks with disabilities. Cops may perceive folks with disabilities as “weak links”; cops target folks at the end of actions as energy dissipates.",Relative clip timestamp = main video word timestamp - segment start timestamp. Estimates are evenly divided and must be replaced with reviewed sign-level annotation timestamps.
600,march,paragraph,10,10,44,3,489.5,502,477,527,493.6667,495.0556,4.1667,5.5556,16.6667,18.0556,segments/sentences/sent_44.mp4,segments/paragraphs/para_10.mp4,estimated-needs-review,and that the march intends to respect their pace.,"Police liaisons should communicate to police that there are participants with disabilities such as elders, pregnant folks, etc. and that the march intends to respect their pace. Be aware that cops will often target folks with disabilities. Cops may perceive folks with disabilities as “weak links”; cops target folks at the end of actions as energy dissipates.",Relative clip timestamp = main video word timestamp - segment start timestamp. Estimates are evenly divided and must be replaced with reviewed sign-level annotation timestamps.
601,intends,paragraph,10,10,44,4,489.5,502,477,527,495.0556,496.4444,5.5556,6.9444,18.0556,19.4444,segments/sentences/sent_44.mp4,segments/paragraphs/para_10.mp4,estimated-needs-review,and that the march intends to respect their pace.,"Police liaisons should communicate to police that there are participants with disabilities such as elders, pregnant folks, etc. and that the march intends to respect their pace. Be aware that cops will often target folks with disabilities. Cops may perceive folks with disabilities as “weak links”; cops target folks at the end of actions as energy dissipates.",Relative clip timestamp = main video word timestamp - segment start timestamp. Estimates are evenly divided and must be replaced with reviewed sign-level annotation timestamps.
602,to,paragraph,10,10,44,5,489.5,502,477,527,496.4444,497.8333,6.9444,8.3333,19.4444,20.8333,segments/sentences/sent_44.mp4,segments/paragraphs/para_10.mp4,estimated-needs-review,and that the march intends to respect their pace.,"Police liaisons should communicate to police that there are participants with disabilities such as elders, pregnant folks, etc. and that the march intends to respect their pace. Be aware that cops will often target folks with disabilities. Cops may perceive folks with disabilities as “weak links”; cops target folks at the end of actions as energy dissipates.",Relative clip timestamp = main video word timestamp - segment start timestamp. Estimates are evenly divided and must be replaced with reviewed sign-level annotation timestamps.
603,respect,paragraph,10,10,44,6,489.5,502,477,527,497.8333,499.2222,8.3333,9.7222,20.8333,22.2222,segments/sentences/sent_44.mp4,segments/paragraphs/para_10.mp4,estimated-needs-review,and that the march intends to respect their pace.,"Police liaisons should communicate to police that there are participants with disabilities such as elders, pregnant folks, etc. and that the march intends to respect their pace. Be aware that cops will often target folks with disabilities. Cops may perceive folks with disabilities as “weak links”; cops target folks at the end of actions as energy dissipates.",Relative clip timestamp = main video word timestamp - segment start timestamp. Estimates are evenly divided and must be replaced with reviewed sign-level annotation timestamps.
604,their,paragraph,10,10,44,7,489.5,502,477,527,499.2222,500.6111,9.7222,11.1111,22.2222,23.6111,segments/sentences/sent_44.mp4,segments/paragraphs/para_10.mp4,estimated-needs-review,and that the march intends to respect their pace.,"Police liaisons should communicate to police that there are participants with disabilities such as elders, pregnant folks, etc. and that the march intends to respect their pace. Be aware that cops will often target folks with disabilities. Cops may perceive folks with disabilities as “weak links”; cops target folks at the end of actions as energy dissipates.",Relative clip timestamp = main video word timestamp - segment start timestamp. Estimates are evenly divided and must be replaced with reviewed sign-level annotation timestamps.
605,pace,paragraph,10,10,44,8,489.5,502,477,527,500.6111,502,11.1111,12.5,23.6111,25,segments/sentences/sent_44.mp4,segments/paragraphs/para_10.mp4,estimated-needs-review,and that the march intends to respect their pace.,"Police liaisons should communicate to police that there are participants with disabilities such as elders, pregnant folks, etc. and that the march intends to respect their pace. Be aware that cops will often target folks with disabilities. Cops may perceive folks with disabilities as “weak links”; cops target folks at the end of actions as energy dissipates.",Relative clip timestamp = main video word timestamp - segment start timestamp. Estimates are evenly divided and must be replaced with reviewed sign-level annotation timestamps.
606,be,paragraph,10,10,45,0,502,514.5,477,527,502,503.25,0,1.25,25,26.25,segments/sentences/sent_45.mp4,segments/paragraphs/para_10.mp4,estimated-needs-review,Be aware that cops will often target folks with disabilities.,"Police liaisons should communicate to police that there are participants with disabilities such as elders, pregnant folks, etc. and that the march intends to respect their pace. Be aware that cops will often target folks with disabilities. Cops may perceive folks with disabilities as “weak links”; cops target folks at the end of actions as energy dissipates.",Relative clip timestamp = main video word timestamp - segment start timestamp. Estimates are evenly divided and must be replaced with reviewed sign-level annotation timestamps.
607,aware,paragraph,10,10,45,1,502,514.5,477,527,503.25,504.5,1.25,2.5,26.25,27.5,segments/sentences/sent_45.mp4,segments/paragraphs/para_10.mp4,estimated-needs-review,Be aware that cops will often target folks with disabilities.,"Police liaisons should communicate to police that there are participants with disabilities such as elders, pregnant folks, etc. and that the march intends to respect their pace. Be aware that cops will often target folks with disabilities. Cops may perceive folks with disabilities as “weak links”; cops target folks at the end of actions as energy dissipates.",Relative clip timestamp = main video word timestamp - segment start timestamp. Estimates are evenly divided and must be replaced with reviewed sign-level annotation timestamps.
608,that,paragraph,10,10,45,2,502,514.5,477,527,504.5,505.75,2.5,3.75,27.5,28.75,segments/sentences/sent_45.mp4,segments/paragraphs/para_10.mp4,estimated-needs-review,Be aware that cops will often target folks with disabilities.,"Police liaisons should communicate to police that there are participants with disabilities such as elders, pregnant folks, etc. and that the march intends to respect their pace. Be aware that cops will often target folks with disabilities. Cops may perceive folks with disabilities as “weak links”; cops target folks at the end of actions as energy dissipates.",Relative clip timestamp = main video word timestamp - segment start timestamp. Estimates are evenly divided and must be replaced with reviewed sign-level annotation timestamps.
609,cops,paragraph,10,10,45,3,502,514.5,477,527,505.75,507,3.75,5,28.75,30,segments/sentences/sent_45.mp4,segments/paragraphs/para_10.mp4,estimated-needs-review,Be aware that cops will often target folks with disabilities.,"Police liaisons should communicate to police that there are participants with disabilities such as elders, pregnant folks, etc. and that the march intends to respect their pace. Be aware that cops will often target folks with disabilities. Cops may perceive folks with disabilities as “weak links”; cops target folks at the end of actions as energy dissipates.",Relative clip timestamp = main video word timestamp - segment start timestamp. Estimates are evenly divided and must be replaced with reviewed sign-level annotation timestamps.
610,will,paragraph,10,10,45,4,502,514.5,477,527,507,508.25,5,6.25,30,31.25,segments/sentences/sent_45.mp4,segments/paragraphs/para_10.mp4,estimated-needs-review,Be aware that cops will often target folks with disabilities.,"Police liaisons should communicate to police that there are participants with disabilities such as elders, pregnant folks, etc. and that the march intends to respect their pace. Be aware that cops will often target folks with disabilities. Cops may perceive folks with disabilities as “weak links”; cops target folks at the end of actions as energy dissipates.",Relative clip timestamp = main video word timestamp - segment start timestamp. Estimates are evenly divided and must be replaced with reviewed sign-level annotation timestamps.
611,often,paragraph,10,10,45,5,502,514.5,477,527,508.25,509.5,6.25,7.5,31.25,32.5,segments/sentences/sent_45.mp4,segments/paragraphs/para_10.mp4,estimated-needs-review,Be aware that cops will often target folks with disabilities.,"Police liaisons should communicate to police that there are participants with disabilities such as elders, pregnant folks, etc. and that the march intends to respect their pace. Be aware that cops will often target folks with disabilities. Cops may perceive folks with disabilities as “weak links”; cops target folks at the end of actions as energy dissipates.",Relative clip timestamp = main video word timestamp - segment start timestamp. Estimates are evenly divided and must be replaced with reviewed sign-level annotation timestamps.
612,target,paragraph,10,10,45,6,502,514.5,477,527,509.5,510.75,7.5,8.75,32.5,33.75,segments/sentences/sent_45.mp4,segments/paragraphs/para_10.mp4,estimated-needs-review,Be aware that cops will often target folks with disabilities.,"Police liaisons should communicate to police that there are participants with disabilities such as elders, pregnant folks, etc. and that the march intends to respect their pace. Be aware that cops will often target folks with disabilities. Cops may perceive folks with disabilities as “weak links”; cops target folks at the end of actions as energy dissipates.",Relative clip timestamp = main video word timestamp - segment start timestamp. Estimates are evenly divided and must be replaced with reviewed sign-level annotation timestamps.
613,folks,paragraph,10,10,45,7,502,514.5,477,527,510.75,512,8.75,10,33.75,35,segments/sentences/sent_45.mp4,segments/paragraphs/para_10.mp4,estimated-needs-review,Be aware that cops will often target folks with disabilities.,"Police liaisons should communicate to police that there are participants with disabilities such as elders, pregnant folks, etc. and that the march intends to respect their pace. Be aware that cops will often target folks with disabilities. Cops may perceive folks with disabilities as “weak links”; cops target folks at the end of actions as energy dissipates.",Relative clip timestamp = main video word timestamp - segment start timestamp. Estimates are evenly divided and must be replaced with reviewed sign-level annotation timestamps.
614,with,paragraph,10,10,45,8,502,514.5,477,527,512,513.25,10,11.25,35,36.25,segments/sentences/sent_45.mp4,segments/paragraphs/para_10.mp4,estimated-needs-review,Be aware that cops will often target folks with disabilities.,"Police liaisons should communicate to police that there are participants with disabilities such as elders, pregnant folks, etc. and that the march intends to respect their pace. Be aware that cops will often target folks with disabilities. Cops may perceive folks with disabilities as “weak links”; cops target folks at the end of actions as energy dissipates.",Relative clip timestamp = main video word timestamp - segment start timestamp. Estimates are evenly divided and must be replaced with reviewed sign-level annotation timestamps.
615,disabilities,paragraph,10,10,45,9,502,514.5,477,527,513.25,514.5,11.25,12.5,36.25,37.5,segments/sentences/sent_45.mp4,segments/paragraphs/para_10.mp4,estimated-needs-review,Be aware that cops will often target folks with disabilities.,"Police liaisons should communicate to police that there are participants with disabilities such as elders, pregnant folks, etc. and that the march intends to respect their pace. Be aware that cops will often target folks with disabilities. Cops may perceive folks with disabilities as “weak links”; cops target folks at the end of actions as energy dissipates.",Relative clip timestamp = main video word timestamp - segment start timestamp. Estimates are evenly divided and must be replaced with reviewed sign-level annotation timestamps.
616,cops,paragraph,10,10,46,0,514.5,527,477,527,514.5,515.125,0,0.625,37.5,38.125,segments/sentences/sent_46.mp4,segments/paragraphs/para_10.mp4,estimated-needs-review,Cops may perceive folks with disabilities as “weak links”; cops target folks at the end of actions as energy dissipates.,"Police liaisons should communicate to police that there are participants with disabilities such as elders, pregnant folks, etc. and that the march intends to respect their pace. Be aware that cops will often target folks with disabilities. Cops may perceive folks with disabilities as “weak links”; cops target folks at the end of actions as energy dissipates.",Relative clip timestamp = main video word timestamp - segment start timestamp. Estimates are evenly divided and must be replaced with reviewed sign-level annotation timestamps.
617,may,paragraph,10,10,46,1,514.5,527,477,527,515.125,515.75,0.625,1.25,38.125,38.75,segments/sentences/sent_46.mp4,segments/paragraphs/para_10.mp4,estimated-needs-review,Cops may perceive folks with disabilities as “weak links”; cops target folks at the end of actions as energy dissipates.,"Police liaisons should communicate to police that there are participants with disabilities such as elders, pregnant folks, etc. and that the march intends to respect their pace. Be aware that cops will often target folks with disabilities. Cops may perceive folks with disabilities as “weak links”; cops target folks at the end of actions as energy dissipates.",Relative clip timestamp = main video word timestamp - segment start timestamp. Estimates are evenly divided and must be replaced with reviewed sign-level annotation timestamps.
618,perceive,paragraph,10,10,46,2,514.5,527,477,527,515.75,516.375,1.25,1.875,38.75,39.375,segments/sentences/sent_46.mp4,segments/paragraphs/para_10.mp4,estimated-needs-review,Cops may perceive folks with disabilities as “weak links”; cops target folks at the end of actions as energy dissipates.,"Police liaisons should communicate to police that there are participants with disabilities such as elders, pregnant folks, etc. and that the march intends to respect their pace. Be aware that cops will often target folks with disabilities. Cops may perceive folks with disabilities as “weak links”; cops target folks at the end of actions as energy dissipates.",Relative clip timestamp = main video word timestamp - segment start timestamp. Estimates are evenly divided and must be replaced with reviewed sign-level annotation timestamps.
619,folks,paragraph,10,10,46,3,514.5,527,477,527,516.375,517,1.875,2.5,39.375,40,segments/sentences/sent_46.mp4,segments/paragraphs/para_10.mp4,estimated-needs-review,Cops may perceive folks with disabilities as “weak links”; cops target folks at the end of actions as energy dissipates.,"Police liaisons should communicate to police that there are participants with disabilities such as elders, pregnant folks, etc. and that the march intends to respect their pace. Be aware that cops will often target folks with disabilities. Cops may perceive folks with disabilities as “weak links”; cops target folks at the end of actions as energy dissipates.",Relative clip timestamp = main video word timestamp - segment start timestamp. Estimates are evenly divided and must be replaced with reviewed sign-level annotation timestamps.
620,with,paragraph,10,10,46,4,514.5,527,477,527,517,517.625,2.5,3.125,40,40.625,segments/sentences/sent_46.mp4,segments/paragraphs/para_10.mp4,estimated-needs-review,Cops may perceive folks with disabilities as “weak links”; cops target folks at the end of actions as energy dissipates.,"Police liaisons should communicate to police that there are participants with disabilities such as elders, pregnant folks, etc. and that the march intends to respect their pace. Be aware that cops will often target folks with disabilities. Cops may perceive folks with disabilities as “weak links”; cops target folks at the end of actions as energy dissipates.",Relative clip timestamp = main video word timestamp - segment start timestamp. Estimates are evenly divided and must be replaced with reviewed sign-level annotation timestamps.
621,disabilities,paragraph,10,10,46,5,514.5,527,477,527,517.625,518.25,3.125,3.75,40.625,41.25,segments/sentences/sent_46.mp4,segments/paragraphs/para_10.mp4,estimated-needs-review,Cops may perceive folks with disabilities as “weak links”; cops target folks at the end of actions as energy dissipates.,"Police liaisons should communicate to police that there are participants with disabilities such as elders, pregnant folks, etc. and that the march intends to respect their pace. Be aware that cops will often target folks with disabilities. Cops may perceive folks with disabilities as “weak links”; cops target folks at the end of actions as energy dissipates.",Relative clip timestamp = main video word timestamp - segment start timestamp. Estimates are evenly divided and must be replaced with reviewed sign-level annotation timestamps.
622,as,paragraph,10,10,46,6,514.5,527,477,527,518.25,518.875,3.75,4.375,41.25,41.875,segments/sentences/sent_46.mp4,segments/paragraphs/para_10.mp4,estimated-needs-review,Cops may perceive folks with disabilities as “weak links”; cops target folks at the end of actions as energy dissipates.,"Police liaisons should communicate to police that there are participants with disabilities such as elders, pregnant folks, etc. and that the march intends to respect their pace. Be aware that cops will often target folks with disabilities. Cops may perceive folks with disabilities as “weak links”; cops target folks at the end of actions as energy dissipates.",Relative clip timestamp = main video word timestamp - segment start timestamp. Estimates are evenly divided and must be replaced with reviewed sign-level annotation timestamps.
623,weak,paragraph,10,10,46,7,514.5,527,477,527,518.875,519.5,4.375,5,41.875,42.5,segments/sentences/sent_46.mp4,segments/paragraphs/para_10.mp4,estimated-needs-review,Cops may perceive folks with disabilities as “weak links”; cops target folks at the end of actions as energy dissipates.,"Police liaisons should communicate to police that there are participants with disabilities such as elders, pregnant folks, etc. and that the march intends to respect their pace. Be aware that cops will often target folks with disabilities. Cops may perceive folks with disabilities as “weak links”; cops target folks at the end of actions as energy dissipates.",Relative clip timestamp = main video word timestamp - segment start timestamp. Estimates are evenly divided and must be replaced with reviewed sign-level annotation timestamps.
624,links,paragraph,10,10,46,8,514.5,527,477,527,519.5,520.125,5,5.625,42.5,43.125,segments/sentences/sent_46.mp4,segments/paragraphs/para_10.mp4,estimated-needs-review,Cops may perceive folks with disabilities as “weak links”; cops target folks at the end of actions as energy dissipates.,"Police liaisons should communicate to police that there are participants with disabilities such as elders, pregnant folks, etc. and that the march intends to respect their pace. Be aware that cops will often target folks with disabilities. Cops may perceive folks with disabilities as “weak links”; cops target folks at the end of actions as energy dissipates.",Relative clip timestamp = main video word timestamp - segment start timestamp. Estimates are evenly divided and must be replaced with reviewed sign-level annotation timestamps.
625,cops,paragraph,10,10,46,9,514.5,527,477,527,520.125,520.75,5.625,6.25,43.125,43.75,segments/sentences/sent_46.mp4,segments/paragraphs/para_10.mp4,estimated-needs-review,Cops may perceive folks with disabilities as “weak links”; cops target folks at the end of actions as energy dissipates.,"Police liaisons should communicate to police that there are participants with disabilities such as elders, pregnant folks, etc. and that the march intends to respect their pace. Be aware that cops will often target folks with disabilities. Cops may perceive folks with disabilities as “weak links”; cops target folks at the end of actions as energy dissipates.",Relative clip timestamp = main video word timestamp - segment start timestamp. Estimates are evenly divided and must be replaced with reviewed sign-level annotation timestamps.
626,target,paragraph,10,10,46,10,514.5,527,477,527,520.75,521.375,6.25,6.875,43.75,44.375,segments/sentences/sent_46.mp4,segments/paragraphs/para_10.mp4,estimated-needs-review,Cops may perceive folks with disabilities as “weak links”; cops target folks at the end of actions as energy dissipates.,"Police liaisons should communicate to police that there are participants with disabilities such as elders, pregnant folks, etc. and that the march intends to respect their pace. Be aware that cops will often target folks with disabilities. Cops may perceive folks with disabilities as “weak links”; cops target folks at the end of actions as energy dissipates.",Relative clip timestamp = main video word timestamp - segment start timestamp. Estimates are evenly divided and must be replaced with reviewed sign-level annotation timestamps.
627,folks,paragraph,10,10,46,11,514.5,527,477,527,521.375,522,6.875,7.5,44.375,45,segments/sentences/sent_46.mp4,segments/paragraphs/para_10.mp4,estimated-needs-review,Cops may perceive folks with disabilities as “weak links”; cops target folks at the end of actions as energy dissipates.,"Police liaisons should communicate to police that there are participants with disabilities such as elders, pregnant folks, etc. and that the march intends to respect their pace. Be aware that cops will often target folks with disabilities. Cops may perceive folks with disabilities as “weak links”; cops target folks at the end of actions as energy dissipates.",Relative clip timestamp = main video word timestamp - segment start timestamp. Estimates are evenly divided and must be replaced with reviewed sign-level annotation timestamps.
628,at,paragraph,10,10,46,12,514.5,527,477,527,522,522.625,7.5,8.125,45,45.625,segments/sentences/sent_46.mp4,segments/paragraphs/para_10.mp4,estimated-needs-review,Cops may perceive folks with disabilities as “weak links”; cops target folks at the end of actions as energy dissipates.,"Police liaisons should communicate to police that there are participants with disabilities such as elders, pregnant folks, etc. and that the march intends to respect their pace. Be aware that cops will often target folks with disabilities. Cops may perceive folks with disabilities as “weak links”; cops target folks at the end of actions as energy dissipates.",Relative clip timestamp = main video word timestamp - segment start timestamp. Estimates are evenly divided and must be replaced with reviewed sign-level annotation timestamps.
629,the,paragraph,10,10,46,13,514.5,527,477,527,522.625,523.25,8.125,8.75,45.625,46.25,segments/sentences/sent_46.mp4,segments/paragraphs/para_10.mp4,estimated-needs-review,Cops may perceive folks with disabilities as “weak links”; cops target folks at the end of actions as energy dissipates.,"Police liaisons should communicate to police that there are participants with disabilities such as elders, pregnant folks, etc. and that the march intends to respect their pace. Be aware that cops will often target folks with disabilities. Cops may perceive folks with disabilities as “weak links”; cops target folks at the end of actions as energy dissipates.",Relative clip timestamp = main video word timestamp - segment start timestamp. Estimates are evenly divided and must be replaced with reviewed sign-level annotation timestamps.
630,end,paragraph,10,10,46,14,514.5,527,477,527,523.25,523.875,8.75,9.375,46.25,46.875,segments/sentences/sent_46.mp4,segments/paragraphs/para_10.mp4,estimated-needs-review,Cops may perceive folks with disabilities as “weak links”; cops target folks at the end of actions as energy dissipates.,"Police liaisons should communicate to police that there are participants with disabilities such as elders, pregnant folks, etc. and that the march intends to respect their pace. Be aware that cops will often target folks with disabilities. Cops may perceive folks with disabilities as “weak links”; cops target folks at the end of actions as energy dissipates.",Relative clip timestamp = main video word timestamp - segment start timestamp. Estimates are evenly divided and must be replaced with reviewed sign-level annotation timestamps.
631,of,paragraph,10,10,46,15,514.5,527,477,527,523.875,524.5,9.375,10,46.875,47.5,segments/sentences/sent_46.mp4,segments/paragraphs/para_10.mp4,estimated-needs-review,Cops may perceive folks with disabilities as “weak links”; cops target folks at the end of actions as energy dissipates.,"Police liaisons should communicate to police that there are participants with disabilities such as elders, pregnant folks, etc. and that the march intends to respect their pace. Be aware that cops will often target folks with disabilities. Cops may perceive folks with disabilities as “weak links”; cops target folks at the end of actions as energy dissipates.",Relative clip timestamp = main video word timestamp - segment start timestamp. Estimates are evenly divided and must be replaced with reviewed sign-level annotation timestamps.
632,actions,paragraph,10,10,46,16,514.5,527,477,527,524.5,525.125,10,10.625,47.5,48.125,segments/sentences/sent_46.mp4,segments/paragraphs/para_10.mp4,estimated-needs-review,Cops may perceive folks with disabilities as “weak links”; cops target folks at the end of actions as energy dissipates.,"Police liaisons should communicate to police that there are participants with disabilities such as elders, pregnant folks, etc. and that the march intends to respect their pace. Be aware that cops will often target folks with disabilities. Cops may perceive folks with disabilities as “weak links”; cops target folks at the end of actions as energy dissipates.",Relative clip timestamp = main video word timestamp - segment start timestamp. Estimates are evenly divided and must be replaced with reviewed sign-level annotation timestamps.
633,as,paragraph,10,10,46,17,514.5,527,477,527,525.125,525.75,10.625,11.25,48.125,48.75,segments/sentences/sent_46.mp4,segments/paragraphs/para_10.mp4,estimated-needs-review,Cops may perceive folks with disabilities as “weak links”; cops target folks at the end of actions as energy dissipates.,"Police liaisons should communicate to police that there are participants with disabilities such as elders, pregnant folks, etc. and that the march intends to respect their pace. Be aware that cops will often target folks with disabilities. Cops may perceive folks with disabilities as “weak links”; cops target folks at the end of actions as energy dissipates.",Relative clip timestamp = main video word timestamp - segment start timestamp. Estimates are evenly divided and must be replaced with reviewed sign-level annotation timestamps.
634,energy,paragraph,10,10,46,18,514.5,527,477,527,525.75,526.375,11.25,11.875,48.75,49.375,segments/sentences/sent_46.mp4,segments/paragraphs/para_10.mp4,estimated-needs-review,Cops may perceive folks with disabilities as “weak links”; cops target folks at the end of actions as energy dissipates.,"Police liaisons should communicate to police that there are participants with disabilities such as elders, pregnant folks, etc. and that the march intends to respect their pace. Be aware that cops will often target folks with disabilities. Cops may perceive folks with disabilities as “weak links”; cops target folks at the end of actions as energy dissipates.",Relative clip timestamp = main video word timestamp - segment start timestamp. Estimates are evenly divided and must be replaced with reviewed sign-level annotation timestamps.
635,dissipates,paragraph,10,10,46,19,514.5,527,477,527,526.375,527,11.875,12.5,49.375,50,segments/sentences/sent_46.mp4,segments/paragraphs/para_10.mp4,estimated-needs-review,Cops may perceive folks with disabilities as “weak links”; cops target folks at the end of actions as energy dissipates.,"Police liaisons should communicate to police that there are participants with disabilities such as elders, pregnant folks, etc. and that the march intends to respect their pace. Be aware that cops will often target folks with disabilities. Cops may perceive folks with disabilities as “weak links”; cops target folks at the end of actions as energy dissipates.",Relative clip timestamp = main video word timestamp - segment start timestamp. Estimates are evenly divided and must be replaced with reviewed sign-level annotation timestamps.
636,a,paragraph,11,11,47,0,527,536.3333,527,555,527,527.5833,0,0.5833,0,0.5833,segments/sentences/sent_47.mp4,segments/paragraphs/para_11.mp4,estimated-needs-review,"A note: Since we originally created these suggestions, the landscape in which we exist has shifted.","A note: Since we originally created these suggestions, the landscape in which we exist has shifted. It feels like we have an ever-increasing cascade of horrors facing us on the daily. We have a presidential administration that has proven time and again to be hostile to marginalized communities.",Relative clip timestamp = main video word timestamp - segment start timestamp. Estimates are evenly divided and must be replaced with reviewed sign-level annotation timestamps.
637,note,paragraph,11,11,47,1,527,536.3333,527,555,527.5833,528.1667,0.5833,1.1667,0.5833,1.1667,segments/sentences/sent_47.mp4,segments/paragraphs/para_11.mp4,estimated-needs-review,"A note: Since we originally created these suggestions, the landscape in which we exist has shifted.","A note: Since we originally created these suggestions, the landscape in which we exist has shifted. It feels like we have an ever-increasing cascade of horrors facing us on the daily. We have a presidential administration that has proven time and again to be hostile to marginalized communities.",Relative clip timestamp = main video word timestamp - segment start timestamp. Estimates are evenly divided and must be replaced with reviewed sign-level annotation timestamps.
638,since,paragraph,11,11,47,2,527,536.3333,527,555,528.1667,528.75,1.1667,1.75,1.1667,1.75,segments/sentences/sent_47.mp4,segments/paragraphs/para_11.mp4,estimated-needs-review,"A note: Since we originally created these suggestions, the landscape in which we exist has shifted.","A note: Since we originally created these suggestions, the landscape in which we exist has shifted. It feels like we have an ever-increasing cascade of horrors facing us on the daily. We have a presidential administration that has proven time and again to be hostile to marginalized communities.",Relative clip timestamp = main video word timestamp - segment start timestamp. Estimates are evenly divided and must be replaced with reviewed sign-level annotation timestamps.
639,we,paragraph,11,11,47,3,527,536.3333,527,555,528.75,529.3333,1.75,2.3333,1.75,2.3333,segments/sentences/sent_47.mp4,segments/paragraphs/para_11.mp4,estimated-needs-review,"A note: Since we originally created these suggestions, the landscape in which we exist has shifted.","A note: Since we originally created these suggestions, the landscape in which we exist has shifted. It feels like we have an ever-increasing cascade of horrors facing us on the daily. We have a presidential administration that has proven time and again to be hostile to marginalized communities.",Relative clip timestamp = main video word timestamp - segment start timestamp. Estimates are evenly divided and must be replaced with reviewed sign-level annotation timestamps.
640,originally,paragraph,11,11,47,4,527,536.3333,527,555,529.3333,529.9167,2.3333,2.9167,2.3333,2.9167,segments/sentences/sent_47.mp4,segments/paragraphs/para_11.mp4,estimated-needs-review,"A note: Since we originally created these suggestions, the landscape in which we exist has shifted.","A note: Since we originally created these suggestions, the landscape in which we exist has shifted. It feels like we have an ever-increasing cascade of horrors facing us on the daily. We have a presidential administration that has proven time and again to be hostile to marginalized communities.",Relative clip timestamp = main video word timestamp - segment start timestamp. Estimates are evenly divided and must be replaced with reviewed sign-level annotation timestamps.
641,created,paragraph,11,11,47,5,527,536.3333,527,555,529.9167,530.5,2.9167,3.5,2.9167,3.5,segments/sentences/sent_47.mp4,segments/paragraphs/para_11.mp4,estimated-needs-review,"A note: Since we originally created these suggestions, the landscape in which we exist has shifted.","A note: Since we originally created these suggestions, the landscape in which we exist has shifted. It feels like we have an ever-increasing cascade of horrors facing us on the daily. We have a presidential administration that has proven time and again to be hostile to marginalized communities.",Relative clip timestamp = main video word timestamp - segment start timestamp. Estimates are evenly divided and must be replaced with reviewed sign-level annotation timestamps.
642,these,paragraph,11,11,47,6,527,536.3333,527,555,530.5,531.0833,3.5,4.0833,3.5,4.0833,segments/sentences/sent_47.mp4,segments/paragraphs/para_11.mp4,estimated-needs-review,"A note: Since we originally created these suggestions, the landscape in which we exist has shifted.","A note: Since we originally created these suggestions, the landscape in which we exist has shifted. It feels like we have an ever-increasing cascade of horrors facing us on the daily. We have a presidential administration that has proven time and again to be hostile to marginalized communities.",Relative clip timestamp = main video word timestamp - segment start timestamp. Estimates are evenly divided and must be replaced with reviewed sign-level annotation timestamps.
643,suggestions,paragraph,11,11,47,7,527,536.3333,527,555,531.0833,531.6667,4.0833,4.6667,4.0833,4.6667,segments/sentences/sent_47.mp4,segments/paragraphs/para_11.mp4,estimated-needs-review,"A note: Since we originally created these suggestions, the landscape in which we exist has shifted.","A note: Since we originally created these suggestions, the landscape in which we exist has shifted. It feels like we have an ever-increasing cascade of horrors facing us on the daily. We have a presidential administration that has proven time and again to be hostile to marginalized communities.",Relative clip timestamp = main video word timestamp - segment start timestamp. Estimates are evenly divided and must be replaced with reviewed sign-level annotation timestamps.
644,the,paragraph,11,11,47,8,527,536.3333,527,555,531.6667,532.25,4.6667,5.25,4.6667,5.25,segments/sentences/sent_47.mp4,segments/paragraphs/para_11.mp4,estimated-needs-review,"A note: Since we originally created these suggestions, the landscape in which we exist has shifted.","A note: Since we originally created these suggestions, the landscape in which we exist has shifted. It feels like we have an ever-increasing cascade of horrors facing us on the daily. We have a presidential administration that has proven time and again to be hostile to marginalized communities.",Relative clip timestamp = main video word timestamp - segment start timestamp. Estimates are evenly divided and must be replaced with reviewed sign-level annotation timestamps.
645,landscape,paragraph,11,11,47,9,527,536.3333,527,555,532.25,532.8333,5.25,5.8333,5.25,5.8333,segments/sentences/sent_47.mp4,segments/paragraphs/para_11.mp4,estimated-needs-review,"A note: Since we originally created these suggestions, the landscape in which we exist has shifted.","A note: Since we originally created these suggestions, the landscape in which we exist has shifted. It feels like we have an ever-increasing cascade of horrors facing us on the daily. We have a presidential administration that has proven time and again to be hostile to marginalized communities.",Relative clip timestamp = main video word timestamp - segment start timestamp. Estimates are evenly divided and must be replaced with reviewed sign-level annotation timestamps.
646,in,paragraph,11,11,47,10,527,536.3333,527,555,532.8333,533.4167,5.8333,6.4167,5.8333,6.4167,segments/sentences/sent_47.mp4,segments/paragraphs/para_11.mp4,estimated-needs-review,"A note: Since we originally created these suggestions, the landscape in which we exist has shifted.","A note: Since we originally created these suggestions, the landscape in which we exist has shifted. It feels like we have an ever-increasing cascade of horrors facing us on the daily. We have a presidential administration that has proven time and again to be hostile to marginalized communities.",Relative clip timestamp = main video word timestamp - segment start timestamp. Estimates are evenly divided and must be replaced with reviewed sign-level annotation timestamps.
647,which,paragraph,11,11,47,11,527,536.3333,527,555,533.4167,534,6.4167,7,6.4167,7,segments/sentences/sent_47.mp4,segments/paragraphs/para_11.mp4,estimated-needs-review,"A note: Since we originally created these suggestions, the landscape in which we exist has shifted.","A note: Since we originally created these suggestions, the landscape in which we exist has shifted. It feels like we have an ever-increasing cascade of horrors facing us on the daily. We have a presidential administration that has proven time and again to be hostile to marginalized communities.",Relative clip timestamp = main video word timestamp - segment start timestamp. Estimates are evenly divided and must be replaced with reviewed sign-level annotation timestamps.
648,we,paragraph,11,11,47,12,527,536.3333,527,555,534,534.5833,7,7.5833,7,7.5833,segments/sentences/sent_47.mp4,segments/paragraphs/para_11.mp4,estimated-needs-review,"A note: Since we originally created these suggestions, the landscape in which we exist has shifted.","A note: Since we originally created these suggestions, the landscape in which we exist has shifted. It feels like we have an ever-increasing cascade of horrors facing us on the daily. We have a presidential administration that has proven time and again to be hostile to marginalized communities.",Relative clip timestamp = main video word timestamp - segment start timestamp. Estimates are evenly divided and must be replaced with reviewed sign-level annotation timestamps.
649,exist,paragraph,11,11,47,13,527,536.3333,527,555,534.5833,535.1667,7.5833,8.1667,7.5833,8.1667,segments/sentences/sent_47.mp4,segments/paragraphs/para_11.mp4,estimated-needs-review,"A note: Since we originally created these suggestions, the landscape in which we exist has shifted.","A note: Since we originally created these suggestions, the landscape in which we exist has shifted. It feels like we have an ever-increasing cascade of horrors facing us on the daily. We have a presidential administration that has proven time and again to be hostile to marginalized communities.",Relative clip timestamp = main video word timestamp - segment start timestamp. Estimates are evenly divided and must be replaced with reviewed sign-level annotation timestamps.
650,has,paragraph,11,11,47,14,527,536.3333,527,555,535.1667,535.75,8.1667,8.75,8.1667,8.75,segments/sentences/sent_47.mp4,segments/paragraphs/para_11.mp4,estimated-needs-review,"A note: Since we originally created these suggestions, the landscape in which we exist has shifted.","A note: Since we originally created these suggestions, the landscape in which we exist has shifted. It feels like we have an ever-increasing cascade of horrors facing us on the daily. We have a presidential administration that has proven time and again to be hostile to marginalized communities.",Relative clip timestamp = main video word timestamp - segment start timestamp. Estimates are evenly divided and must be replaced with reviewed sign-level annotation timestamps.
651,shifted,paragraph,11,11,47,15,527,536.3333,527,555,535.75,536.3333,8.75,9.3333,8.75,9.3333,segments/sentences/sent_47.mp4,segments/paragraphs/para_11.mp4,estimated-needs-review,"A note: Since we originally created these suggestions, the landscape in which we exist has shifted.","A note: Since we originally created these suggestions, the landscape in which we exist has shifted. It feels like we have an ever-increasing cascade of horrors facing us on the daily. We have a presidential administration that has proven time and again to be hostile to marginalized communities.",Relative clip timestamp = main video word timestamp - segment start timestamp. Estimates are evenly divided and must be replaced with reviewed sign-level annotation timestamps.
652,it,paragraph,11,11,48,0,536.3333,545.6667,527,555,536.3333,536.9167,0,0.5834,9.3333,9.9167,segments/sentences/sent_48.mp4,segments/paragraphs/para_11.mp4,estimated-needs-review,It feels like we have an ever-increasing cascade of horrors facing us on the daily.,"A note: Since we originally created these suggestions, the landscape in which we exist has shifted. It feels like we have an ever-increasing cascade of horrors facing us on the daily. We have a presidential administration that has proven time and again to be hostile to marginalized communities.",Relative clip timestamp = main video word timestamp - segment start timestamp. Estimates are evenly divided and must be replaced with reviewed sign-level annotation timestamps.
653,feels,paragraph,11,11,48,1,536.3333,545.6667,527,555,536.9167,537.5,0.5834,1.1667,9.9167,10.5,segments/sentences/sent_48.mp4,segments/paragraphs/para_11.mp4,estimated-needs-review,It feels like we have an ever-increasing cascade of horrors facing us on the daily.,"A note: Since we originally created these suggestions, the landscape in which we exist has shifted. It feels like we have an ever-increasing cascade of horrors facing us on the daily. We have a presidential administration that has proven time and again to be hostile to marginalized communities.",Relative clip timestamp = main video word timestamp - segment start timestamp. Estimates are evenly divided and must be replaced with reviewed sign-level annotation timestamps.
654,like,paragraph,11,11,48,2,536.3333,545.6667,527,555,537.5,538.0833,1.1667,1.75,10.5,11.0833,segments/sentences/sent_48.mp4,segments/paragraphs/para_11.mp4,estimated-needs-review,It feels like we have an ever-increasing cascade of horrors facing us on the daily.,"A note: Since we originally created these suggestions, the landscape in which we exist has shifted. It feels like we have an ever-increasing cascade of horrors facing us on the daily. We have a presidential administration that has proven time and again to be hostile to marginalized communities.",Relative clip timestamp = main video word timestamp - segment start timestamp. Estimates are evenly divided and must be replaced with reviewed sign-level annotation timestamps.
655,we,paragraph,11,11,48,3,536.3333,545.6667,527,555,538.0833,538.6667,1.75,2.3334,11.0833,11.6667,segments/sentences/sent_48.mp4,segments/paragraphs/para_11.mp4,estimated-needs-review,It feels like we have an ever-increasing cascade of horrors facing us on the daily.,"A note: Since we originally created these suggestions, the landscape in which we exist has shifted. It feels like we have an ever-increasing cascade of horrors facing us on the daily. We have a presidential administration that has proven time and again to be hostile to marginalized communities.",Relative clip timestamp = main video word timestamp - segment start timestamp. Estimates are evenly divided and must be replaced with reviewed sign-level annotation timestamps.
656,have,paragraph,11,11,48,4,536.3333,545.6667,527,555,538.6667,539.25,2.3334,2.9167,11.6667,12.25,segments/sentences/sent_48.mp4,segments/paragraphs/para_11.mp4,estimated-needs-review,It feels like we have an ever-increasing cascade of horrors facing us on the daily.,"A note: Since we originally created these suggestions, the landscape in which we exist has shifted. It feels like we have an ever-increasing cascade of horrors facing us on the daily. We have a presidential administration that has proven time and again to be hostile to marginalized communities.",Relative clip timestamp = main video word timestamp - segment start timestamp. Estimates are evenly divided and must be replaced with reviewed sign-level annotation timestamps.
657,an,paragraph,11,11,48,5,536.3333,545.6667,527,555,539.25,539.8333,2.9167,3.5,12.25,12.8333,segments/sentences/sent_48.mp4,segments/paragraphs/para_11.mp4,estimated-needs-review,It feels like we have an ever-increasing cascade of horrors facing us on the daily.,"A note: Since we originally created these suggestions, the landscape in which we exist has shifted. It feels like we have an ever-increasing cascade of horrors facing us on the daily. We have a presidential administration that has proven time and again to be hostile to marginalized communities.",Relative clip timestamp = main video word timestamp - segment start timestamp. Estimates are evenly divided and must be replaced with reviewed sign-level annotation timestamps.
658,ever,paragraph,11,11,48,6,536.3333,545.6667,527,555,539.8333,540.4167,3.5,4.0834,12.8333,13.4167,segments/sentences/sent_48.mp4,segments/paragraphs/para_11.mp4,estimated-needs-review,It feels like we have an ever-increasing cascade of horrors facing us on the daily.,"A note: Since we originally created these suggestions, the landscape in which we exist has shifted. It feels like we have an ever-increasing cascade of horrors facing us on the daily. We have a presidential administration that has proven time and again to be hostile to marginalized communities.",Relative clip timestamp = main video word timestamp - segment start timestamp. Estimates are evenly divided and must be replaced with reviewed sign-level annotation timestamps.
659,increasing,paragraph,11,11,48,7,536.3333,545.6667,527,555,540.4167,541,4.0834,4.6667,13.4167,14,segments/sentences/sent_48.mp4,segments/paragraphs/para_11.mp4,estimated-needs-review,It feels like we have an ever-increasing cascade of horrors facing us on the daily.,"A note: Since we originally created these suggestions, the landscape in which we exist has shifted. It feels like we have an ever-increasing cascade of horrors facing us on the daily. We have a presidential administration that has proven time and again to be hostile to marginalized communities.",Relative clip timestamp = main video word timestamp - segment start timestamp. Estimates are evenly divided and must be replaced with reviewed sign-level annotation timestamps.
660,cascade,paragraph,11,11,48,8,536.3333,545.6667,527,555,541,541.5833,4.6667,5.25,14,14.5833,segments/sentences/sent_48.mp4,segments/paragraphs/para_11.mp4,estimated-needs-review,It feels like we have an ever-increasing cascade of horrors facing us on the daily.,"A note: Since we originally created these suggestions, the landscape in which we exist has shifted. It feels like we have an ever-increasing cascade of horrors facing us on the daily. We have a presidential administration that has proven time and again to be hostile to marginalized communities.",Relative clip timestamp = main video word timestamp - segment start timestamp. Estimates are evenly divided and must be replaced with reviewed sign-level annotation timestamps.
661,of,paragraph,11,11,48,9,536.3333,545.6667,527,555,541.5833,542.1667,5.25,5.8334,14.5833,15.1667,segments/sentences/sent_48.mp4,segments/paragraphs/para_11.mp4,estimated-needs-review,It feels like we have an ever-increasing cascade of horrors facing us on the daily.,"A note: Since we originally created these suggestions, the landscape in which we exist has shifted. It feels like we have an ever-increasing cascade of horrors facing us on the daily. We have a presidential administration that has proven time and again to be hostile to marginalized communities.",Relative clip timestamp = main video word timestamp - segment start timestamp. Estimates are evenly divided and must be replaced with reviewed sign-level annotation timestamps.
662,horrors,paragraph,11,11,48,10,536.3333,545.6667,527,555,542.1667,542.75,5.8334,6.4167,15.1667,15.75,segments/sentences/sent_48.mp4,segments/paragraphs/para_11.mp4,estimated-needs-review,It feels like we have an ever-increasing cascade of horrors facing us on the daily.,"A note: Since we originally created these suggestions, the landscape in which we exist has shifted. It feels like we have an ever-increasing cascade of horrors facing us on the daily. We have a presidential administration that has proven time and again to be hostile to marginalized communities.",Relative clip timestamp = main video word timestamp - segment start timestamp. Estimates are evenly divided and must be replaced with reviewed sign-level annotation timestamps.
663,facing,paragraph,11,11,48,11,536.3333,545.6667,527,555,542.75,543.3333,6.4167,7,15.75,16.3333,segments/sentences/sent_48.mp4,segments/paragraphs/para_11.mp4,estimated-needs-review,It feels like we have an ever-increasing cascade of horrors facing us on the daily.,"A note: Since we originally created these suggestions, the landscape in which we exist has shifted. It feels like we have an ever-increasing cascade of horrors facing us on the daily. We have a presidential administration that has proven time and again to be hostile to marginalized communities.",Relative clip timestamp = main video word timestamp - segment start timestamp. Estimates are evenly divided and must be replaced with reviewed sign-level annotation timestamps.
664,us,paragraph,11,11,48,12,536.3333,545.6667,527,555,543.3333,543.9167,7,7.5834,16.3333,16.9167,segments/sentences/sent_48.mp4,segments/paragraphs/para_11.mp4,estimated-needs-review,It feels like we have an ever-increasing cascade of horrors facing us on the daily.,"A note: Since we originally created these suggestions, the landscape in which we exist has shifted. It feels like we have an ever-increasing cascade of horrors facing us on the daily. We have a presidential administration that has proven time and again to be hostile to marginalized communities.",Relative clip timestamp = main video word timestamp - segment start timestamp. Estimates are evenly divided and must be replaced with reviewed sign-level annotation timestamps.
665,on,paragraph,11,11,48,13,536.3333,545.6667,527,555,543.9167,544.5,7.5834,8.1667,16.9167,17.5,segments/sentences/sent_48.mp4,segments/paragraphs/para_11.mp4,estimated-needs-review,It feels like we have an ever-increasing cascade of horrors facing us on the daily.,"A note: Since we originally created these suggestions, the landscape in which we exist has shifted. It feels like we have an ever-increasing cascade of horrors facing us on the daily. We have a presidential administration that has proven time and again to be hostile to marginalized communities.",Relative clip timestamp = main video word timestamp - segment start timestamp. Estimates are evenly divided and must be replaced with reviewed sign-level annotation timestamps.
666,the,paragraph,11,11,48,14,536.3333,545.6667,527,555,544.5,545.0833,8.1667,8.75,17.5,18.0833,segments/sentences/sent_48.mp4,segments/paragraphs/para_11.mp4,estimated-needs-review,It feels like we have an ever-increasing cascade of horrors facing us on the daily.,"A note: Since we originally created these suggestions, the landscape in which we exist has shifted. It feels like we have an ever-increasing cascade of horrors facing us on the daily. We have a presidential administration that has proven time and again to be hostile to marginalized communities.",Relative clip timestamp = main video word timestamp - segment start timestamp. Estimates are evenly divided and must be replaced with reviewed sign-level annotation timestamps.
667,daily,paragraph,11,11,48,15,536.3333,545.6667,527,555,545.0833,545.6667,8.75,9.3334,18.0833,18.6667,segments/sentences/sent_48.mp4,segments/paragraphs/para_11.mp4,estimated-needs-review,It feels like we have an ever-increasing cascade of horrors facing us on the daily.,"A note: Since we originally created these suggestions, the landscape in which we exist has shifted. It feels like we have an ever-increasing cascade of horrors facing us on the daily. We have a presidential administration that has proven time and again to be hostile to marginalized communities.",Relative clip timestamp = main video word timestamp - segment start timestamp. Estimates are evenly divided and must be replaced with reviewed sign-level annotation timestamps.
668,we,paragraph,11,11,49,0,545.6667,555,527,555,545.6667,546.2157,0,0.549,18.6667,19.2157,segments/sentences/sent_49.mp4,segments/paragraphs/para_11.mp4,estimated-needs-review,We have a presidential administration that has proven time and again to be hostile to marginalized communities.,"A note: Since we originally created these suggestions, the landscape in which we exist has shifted. It feels like we have an ever-increasing cascade of horrors facing us on the daily. We have a presidential administration that has proven time and again to be hostile to marginalized communities.",Relative clip timestamp = main video word timestamp - segment start timestamp. Estimates are evenly divided and must be replaced with reviewed sign-level annotation timestamps.
669,have,paragraph,11,11,49,1,545.6667,555,527,555,546.2157,546.7647,0.549,1.098,19.2157,19.7647,segments/sentences/sent_49.mp4,segments/paragraphs/para_11.mp4,estimated-needs-review,We have a presidential administration that has proven time and again to be hostile to marginalized communities.,"A note: Since we originally created these suggestions, the landscape in which we exist has shifted. It feels like we have an ever-increasing cascade of horrors facing us on the daily. We have a presidential administration that has proven time and again to be hostile to marginalized communities.",Relative clip timestamp = main video word timestamp - segment start timestamp. Estimates are evenly divided and must be replaced with reviewed sign-level annotation timestamps.
670,a,paragraph,11,11,49,2,545.6667,555,527,555,546.7647,547.3137,1.098,1.647,19.7647,20.3137,segments/sentences/sent_49.mp4,segments/paragraphs/para_11.mp4,estimated-needs-review,We have a presidential administration that has proven time and again to be hostile to marginalized communities.,"A note: Since we originally created these suggestions, the landscape in which we exist has shifted. It feels like we have an ever-increasing cascade of horrors facing us on the daily. We have a presidential administration that has proven time and again to be hostile to marginalized communities.",Relative clip timestamp = main video word timestamp - segment start timestamp. Estimates are evenly divided and must be replaced with reviewed sign-level annotation timestamps.
671,presidential,paragraph,11,11,49,3,545.6667,555,527,555,547.3137,547.8627,1.647,2.196,20.3137,20.8627,segments/sentences/sent_49.mp4,segments/paragraphs/para_11.mp4,estimated-needs-review,We have a presidential administration that has proven time and again to be hostile to marginalized communities.,"A note: Since we originally created these suggestions, the landscape in which we exist has shifted. It feels like we have an ever-increasing cascade of horrors facing us on the daily. We have a presidential administration that has proven time and again to be hostile to marginalized communities.",Relative clip timestamp = main video word timestamp - segment start timestamp. Estimates are evenly divided and must be replaced with reviewed sign-level annotation timestamps.
672,administration,paragraph,11,11,49,4,545.6667,555,527,555,547.8627,548.4118,2.196,2.7451,20.8627,21.4118,segments/sentences/sent_49.mp4,segments/paragraphs/para_11.mp4,estimated-needs-review,We have a presidential administration that has proven time and again to be hostile to marginalized communities.,"A note: Since we originally created these suggestions, the landscape in which we exist has shifted. It feels like we have an ever-increasing cascade of horrors facing us on the daily. We have a presidential administration that has proven time and again to be hostile to marginalized communities.",Relative clip timestamp = main video word timestamp - segment start timestamp. Estimates are evenly divided and must be replaced with reviewed sign-level annotation timestamps.
673,that,paragraph,11,11,49,5,545.6667,555,527,555,548.4118,548.9608,2.7451,3.2941,21.4118,21.9608,segments/sentences/sent_49.mp4,segments/paragraphs/para_11.mp4,estimated-needs-review,We have a presidential administration that has proven time and again to be hostile to marginalized communities.,"A note: Since we originally created these suggestions, the landscape in which we exist has shifted. It feels like we have an ever-increasing cascade of horrors facing us on the daily. We have a presidential administration that has proven time and again to be hostile to marginalized communities.",Relative clip timestamp = main video word timestamp - segment start timestamp. Estimates are evenly divided and must be replaced with reviewed sign-level annotation timestamps.
674,has,paragraph,11,11,49,6,545.6667,555,527,555,548.9608,549.5098,3.2941,3.8431,21.9608,22.5098,segments/sentences/sent_49.mp4,segments/paragraphs/para_11.mp4,estimated-needs-review,We have a presidential administration that has proven time and again to be hostile to marginalized communities.,"A note: Since we originally created these suggestions, the landscape in which we exist has shifted. It feels like we have an ever-increasing cascade of horrors facing us on the daily. We have a presidential administration that has proven time and again to be hostile to marginalized communities.",Relative clip timestamp = main video word timestamp - segment start timestamp. Estimates are evenly divided and must be replaced with reviewed sign-level annotation timestamps.
675,proven,paragraph,11,11,49,7,545.6667,555,527,555,549.5098,550.0588,3.8431,4.3921,22.5098,23.0588,segments/sentences/sent_49.mp4,segments/paragraphs/para_11.mp4,estimated-needs-review,We have a presidential administration that has proven time and again to be hostile to marginalized communities.,"A note: Since we originally created these suggestions, the landscape in which we exist has shifted. It feels like we have an ever-increasing cascade of horrors facing us on the daily. We have a presidential administration that has proven time and again to be hostile to marginalized communities.",Relative clip timestamp = main video word timestamp - segment start timestamp. Estimates are evenly divided and must be replaced with reviewed sign-level annotation timestamps.
676,time,paragraph,11,11,49,8,545.6667,555,527,555,550.0588,550.6078,4.3921,4.9411,23.0588,23.6078,segments/sentences/sent_49.mp4,segments/paragraphs/para_11.mp4,estimated-needs-review,We have a presidential administration that has proven time and again to be hostile to marginalized communities.,"A note: Since we originally created these suggestions, the landscape in which we exist has shifted. It feels like we have an ever-increasing cascade of horrors facing us on the daily. We have a presidential administration that has proven time and again to be hostile to marginalized communities.",Relative clip timestamp = main video word timestamp - segment start timestamp. Estimates are evenly divided and must be replaced with reviewed sign-level annotation timestamps.
677,and,paragraph,11,11,49,9,545.6667,555,527,555,550.6078,551.1569,4.9411,5.4902,23.6078,24.1569,segments/sentences/sent_49.mp4,segments/paragraphs/para_11.mp4,estimated-needs-review,We have a presidential administration that has proven time and again to be hostile to marginalized communities.,"A note: Since we originally created these suggestions, the landscape in which we exist has shifted. It feels like we have an ever-increasing cascade of horrors facing us on the daily. We have a presidential administration that has proven time and again to be hostile to marginalized communities.",Relative clip timestamp = main video word timestamp - segment start timestamp. Estimates are evenly divided and must be replaced with reviewed sign-level annotation timestamps.
678,again,paragraph,11,11,49,10,545.6667,555,527,555,551.1569,551.7059,5.4902,6.0392,24.1569,24.7059,segments/sentences/sent_49.mp4,segments/paragraphs/para_11.mp4,estimated-needs-review,We have a presidential administration that has proven time and again to be hostile to marginalized communities.,"A note: Since we originally created these suggestions, the landscape in which we exist has shifted. It feels like we have an ever-increasing cascade of horrors facing us on the daily. We have a presidential administration that has proven time and again to be hostile to marginalized communities.",Relative clip timestamp = main video word timestamp - segment start timestamp. Estimates are evenly divided and must be replaced with reviewed sign-level annotation timestamps.
679,to,paragraph,11,11,49,11,545.6667,555,527,555,551.7059,552.2549,6.0392,6.5882,24.7059,25.2549,segments/sentences/sent_49.mp4,segments/paragraphs/para_11.mp4,estimated-needs-review,We have a presidential administration that has proven time and again to be hostile to marginalized communities.,"A note: Since we originally created these suggestions, the landscape in which we exist has shifted. It feels like we have an ever-increasing cascade of horrors facing us on the daily. We have a presidential administration that has proven time and again to be hostile to marginalized communities.",Relative clip timestamp = main video word timestamp - segment start timestamp. Estimates are evenly divided and must be replaced with reviewed sign-level annotation timestamps.
680,be,paragraph,11,11,49,12,545.6667,555,527,555,552.2549,552.8039,6.5882,7.1372,25.2549,25.8039,segments/sentences/sent_49.mp4,segments/paragraphs/para_11.mp4,estimated-needs-review,We have a presidential administration that has proven time and again to be hostile to marginalized communities.,"A note: Since we originally created these suggestions, the landscape in which we exist has shifted. It feels like we have an ever-increasing cascade of horrors facing us on the daily. We have a presidential administration that has proven time and again to be hostile to marginalized communities.",Relative clip timestamp = main video word timestamp - segment start timestamp. Estimates are evenly divided and must be replaced with reviewed sign-level annotation timestamps.
681,hostile,paragraph,11,11,49,13,545.6667,555,527,555,552.8039,553.3529,7.1372,7.6862,25.8039,26.3529,segments/sentences/sent_49.mp4,segments/paragraphs/para_11.mp4,estimated-needs-review,We have a presidential administration that has proven time and again to be hostile to marginalized communities.,"A note: Since we originally created these suggestions, the landscape in which we exist has shifted. It feels like we have an ever-increasing cascade of horrors facing us on the daily. We have a presidential administration that has proven time and again to be hostile to marginalized communities.",Relative clip timestamp = main video word timestamp - segment start timestamp. Estimates are evenly divided and must be replaced with reviewed sign-level annotation timestamps.
682,to,paragraph,11,11,49,14,545.6667,555,527,555,553.3529,553.902,7.6862,8.2353,26.3529,26.902,segments/sentences/sent_49.mp4,segments/paragraphs/para_11.mp4,estimated-needs-review,We have a presidential administration that has proven time and again to be hostile to marginalized communities.,"A note: Since we originally created these suggestions, the landscape in which we exist has shifted. It feels like we have an ever-increasing cascade of horrors facing us on the daily. We have a presidential administration that has proven time and again to be hostile to marginalized communities.",Relative clip timestamp = main video word timestamp - segment start timestamp. Estimates are evenly divided and must be replaced with reviewed sign-level annotation timestamps.
683,marginalized,paragraph,11,11,49,15,545.6667,555,527,555,553.902,554.451,8.2353,8.7843,26.902,27.451,segments/sentences/sent_49.mp4,segments/paragraphs/para_11.mp4,estimated-needs-review,We have a presidential administration that has proven time and again to be hostile to marginalized communities.,"A note: Since we originally created these suggestions, the landscape in which we exist has shifted. It feels like we have an ever-increasing cascade of horrors facing us on the daily. We have a presidential administration that has proven time and again to be hostile to marginalized communities.",Relative clip timestamp = main video word timestamp - segment start timestamp. Estimates are evenly divided and must be replaced with reviewed sign-level annotation timestamps.
684,communities,paragraph,11,11,49,16,545.6667,555,527,555,554.451,555,8.7843,9.3333,27.451,28,segments/sentences/sent_49.mp4,segments/paragraphs/para_11.mp4,estimated-needs-review,We have a presidential administration that has proven time and again to be hostile to marginalized communities.,"A note: Since we originally created these suggestions, the landscape in which we exist has shifted. It feels like we have an ever-increasing cascade of horrors facing us on the daily. We have a presidential administration that has proven time and again to be hostile to marginalized communities.",Relative clip timestamp = main video word timestamp - segment start timestamp. Estimates are evenly divided and must be replaced with reviewed sign-level annotation timestamps.
685,furthermore,paragraph,12,12,50,0,555,562.5,555,585,555,555.5357,0,0.5357,0,0.5357,segments/sentences/sent_50.mp4,segments/paragraphs/para_12.mp4,estimated-needs-review,"Furthermore, our planet is experiencing climate chaos and is on the brink of collapse.","Furthermore, our planet is experiencing climate chaos and is on the brink of collapse. In these trying times, life is precarious. Dire circumstances require creative strategies and responsive agendas. Much action is needed, and everyone has a role.",Relative clip timestamp = main video word timestamp - segment start timestamp. Estimates are evenly divided and must be replaced with reviewed sign-level annotation timestamps.
686,our,paragraph,12,12,50,1,555,562.5,555,585,555.5357,556.0714,0.5357,1.0714,0.5357,1.0714,segments/sentences/sent_50.mp4,segments/paragraphs/para_12.mp4,estimated-needs-review,"Furthermore, our planet is experiencing climate chaos and is on the brink of collapse.","Furthermore, our planet is experiencing climate chaos and is on the brink of collapse. In these trying times, life is precarious. Dire circumstances require creative strategies and responsive agendas. Much action is needed, and everyone has a role.",Relative clip timestamp = main video word timestamp - segment start timestamp. Estimates are evenly divided and must be replaced with reviewed sign-level annotation timestamps.
687,planet,paragraph,12,12,50,2,555,562.5,555,585,556.0714,556.6071,1.0714,1.6071,1.0714,1.6071,segments/sentences/sent_50.mp4,segments/paragraphs/para_12.mp4,estimated-needs-review,"Furthermore, our planet is experiencing climate chaos and is on the brink of collapse.","Furthermore, our planet is experiencing climate chaos and is on the brink of collapse. In these trying times, life is precarious. Dire circumstances require creative strategies and responsive agendas. Much action is needed, and everyone has a role.",Relative clip timestamp = main video word timestamp - segment start timestamp. Estimates are evenly divided and must be replaced with reviewed sign-level annotation timestamps.
688,is,paragraph,12,12,50,3,555,562.5,555,585,556.6071,557.1429,1.6071,2.1429,1.6071,2.1429,segments/sentences/sent_50.mp4,segments/paragraphs/para_12.mp4,estimated-needs-review,"Furthermore, our planet is experiencing climate chaos and is on the brink of collapse.","Furthermore, our planet is experiencing climate chaos and is on the brink of collapse. In these trying times, life is precarious. Dire circumstances require creative strategies and responsive agendas. Much action is needed, and everyone has a role.",Relative clip timestamp = main video word timestamp - segment start timestamp. Estimates are evenly divided and must be replaced with reviewed sign-level annotation timestamps.
689,experiencing,paragraph,12,12,50,4,555,562.5,555,585,557.1429,557.6786,2.1429,2.6786,2.1429,2.6786,segments/sentences/sent_50.mp4,segments/paragraphs/para_12.mp4,estimated-needs-review,"Furthermore, our planet is experiencing climate chaos and is on the brink of collapse.","Furthermore, our planet is experiencing climate chaos and is on the brink of collapse. In these trying times, life is precarious. Dire circumstances require creative strategies and responsive agendas. Much action is needed, and everyone has a role.",Relative clip timestamp = main video word timestamp - segment start timestamp. Estimates are evenly divided and must be replaced with reviewed sign-level annotation timestamps.
690,climate,paragraph,12,12,50,5,555,562.5,555,585,557.6786,558.2143,2.6786,3.2143,2.6786,3.2143,segments/sentences/sent_50.mp4,segments/paragraphs/para_12.mp4,estimated-needs-review,"Furthermore, our planet is experiencing climate chaos and is on the brink of collapse.","Furthermore, our planet is experiencing climate chaos and is on the brink of collapse. In these trying times, life is precarious. Dire circumstances require creative strategies and responsive agendas. Much action is needed, and everyone has a role.",Relative clip timestamp = main video word timestamp - segment start timestamp. Estimates are evenly divided and must be replaced with reviewed sign-level annotation timestamps.
691,chaos,paragraph,12,12,50,6,555,562.5,555,585,558.2143,558.75,3.2143,3.75,3.2143,3.75,segments/sentences/sent_50.mp4,segments/paragraphs/para_12.mp4,estimated-needs-review,"Furthermore, our planet is experiencing climate chaos and is on the brink of collapse.","Furthermore, our planet is experiencing climate chaos and is on the brink of collapse. In these trying times, life is precarious. Dire circumstances require creative strategies and responsive agendas. Much action is needed, and everyone has a role.",Relative clip timestamp = main video word timestamp - segment start timestamp. Estimates are evenly divided and must be replaced with reviewed sign-level annotation timestamps.
692,and,paragraph,12,12,50,7,555,562.5,555,585,558.75,559.2857,3.75,4.2857,3.75,4.2857,segments/sentences/sent_50.mp4,segments/paragraphs/para_12.mp4,estimated-needs-review,"Furthermore, our planet is experiencing climate chaos and is on the brink of collapse.","Furthermore, our planet is experiencing climate chaos and is on the brink of collapse. In these trying times, life is precarious. Dire circumstances require creative strategies and responsive agendas. Much action is needed, and everyone has a role.",Relative clip timestamp = main video word timestamp - segment start timestamp. Estimates are evenly divided and must be replaced with reviewed sign-level annotation timestamps.
693,is,paragraph,12,12,50,8,555,562.5,555,585,559.2857,559.8214,4.2857,4.8214,4.2857,4.8214,segments/sentences/sent_50.mp4,segments/paragraphs/para_12.mp4,estimated-needs-review,"Furthermore, our planet is experiencing climate chaos and is on the brink of collapse.","Furthermore, our planet is experiencing climate chaos and is on the brink of collapse. In these trying times, life is precarious. Dire circumstances require creative strategies and responsive agendas. Much action is needed, and everyone has a role.",Relative clip timestamp = main video word timestamp - segment start timestamp. Estimates are evenly divided and must be replaced with reviewed sign-level annotation timestamps.
694,on,paragraph,12,12,50,9,555,562.5,555,585,559.8214,560.3571,4.8214,5.3571,4.8214,5.3571,segments/sentences/sent_50.mp4,segments/paragraphs/para_12.mp4,estimated-needs-review,"Furthermore, our planet is experiencing climate chaos and is on the brink of collapse.","Furthermore, our planet is experiencing climate chaos and is on the brink of collapse. In these trying times, life is precarious. Dire circumstances require creative strategies and responsive agendas. Much action is needed, and everyone has a role.",Relative clip timestamp = main video word timestamp - segment start timestamp. Estimates are evenly divided and must be replaced with reviewed sign-level annotation timestamps.
695,the,paragraph,12,12,50,10,555,562.5,555,585,560.3571,560.8929,5.3571,5.8929,5.3571,5.8929,segments/sentences/sent_50.mp4,segments/paragraphs/para_12.mp4,estimated-needs-review,"Furthermore, our planet is experiencing climate chaos and is on the brink of collapse.","Furthermore, our planet is experiencing climate chaos and is on the brink of collapse. In these trying times, life is precarious. Dire circumstances require creative strategies and responsive agendas. Much action is needed, and everyone has a role.",Relative clip timestamp = main video word timestamp - segment start timestamp. Estimates are evenly divided and must be replaced with reviewed sign-level annotation timestamps.
696,brink,paragraph,12,12,50,11,555,562.5,555,585,560.8929,561.4286,5.8929,6.4286,5.8929,6.4286,segments/sentences/sent_50.mp4,segments/paragraphs/para_12.mp4,estimated-needs-review,"Furthermore, our planet is experiencing climate chaos and is on the brink of collapse.","Furthermore, our planet is experiencing climate chaos and is on the brink of collapse. In these trying times, life is precarious. Dire circumstances require creative strategies and responsive agendas. Much action is needed, and everyone has a role.",Relative clip timestamp = main video word timestamp - segment start timestamp. Estimates are evenly divided and must be replaced with reviewed sign-level annotation timestamps.
697,of,paragraph,12,12,50,12,555,562.5,555,585,561.4286,561.9643,6.4286,6.9643,6.4286,6.9643,segments/sentences/sent_50.mp4,segments/paragraphs/para_12.mp4,estimated-needs-review,"Furthermore, our planet is experiencing climate chaos and is on the brink of collapse.","Furthermore, our planet is experiencing climate chaos and is on the brink of collapse. In these trying times, life is precarious. Dire circumstances require creative strategies and responsive agendas. Much action is needed, and everyone has a role.",Relative clip timestamp = main video word timestamp - segment start timestamp. Estimates are evenly divided and must be replaced with reviewed sign-level annotation timestamps.
698,collapse,paragraph,12,12,50,13,555,562.5,555,585,561.9643,562.5,6.9643,7.5,6.9643,7.5,segments/sentences/sent_50.mp4,segments/paragraphs/para_12.mp4,estimated-needs-review,"Furthermore, our planet is experiencing climate chaos and is on the brink of collapse.","Furthermore, our planet is experiencing climate chaos and is on the brink of collapse. In these trying times, life is precarious. Dire circumstances require creative strategies and responsive agendas. Much action is needed, and everyone has a role.",Relative clip timestamp = main video word timestamp - segment start timestamp. Estimates are evenly divided and must be replaced with reviewed sign-level annotation timestamps.
699,in,paragraph,12,12,51,0,562.5,570,555,585,562.5,563.5714,0,1.0714,7.5,8.5714,segments/sentences/sent_51.mp4,segments/paragraphs/para_12.mp4,estimated-needs-review,"In these trying times, life is precarious.","Furthermore, our planet is experiencing climate chaos and is on the brink of collapse. In these trying times, life is precarious. Dire circumstances require creative strategies and responsive agendas. Much action is needed, and everyone has a role.",Relative clip timestamp = main video word timestamp - segment start timestamp. Estimates are evenly divided and must be replaced with reviewed sign-level annotation timestamps.
700,these,paragraph,12,12,51,1,562.5,570,555,585,563.5714,564.6429,1.0714,2.1429,8.5714,9.6429,segments/sentences/sent_51.mp4,segments/paragraphs/para_12.mp4,estimated-needs-review,"In these trying times, life is precarious.","Furthermore, our planet is experiencing climate chaos and is on the brink of collapse. In these trying times, life is precarious. Dire circumstances require creative strategies and responsive agendas. Much action is needed, and everyone has a role.",Relative clip timestamp = main video word timestamp - segment start timestamp. Estimates are evenly divided and must be replaced with reviewed sign-level annotation timestamps.
701,trying,paragraph,12,12,51,2,562.5,570,555,585,564.6429,565.7143,2.1429,3.2143,9.6429,10.7143,segments/sentences/sent_51.mp4,segments/paragraphs/para_12.mp4,estimated-needs-review,"In these trying times, life is precarious.","Furthermore, our planet is experiencing climate chaos and is on the brink of collapse. In these trying times, life is precarious. Dire circumstances require creative strategies and responsive agendas. Much action is needed, and everyone has a role.",Relative clip timestamp = main video word timestamp - segment start timestamp. Estimates are evenly divided and must be replaced with reviewed sign-level annotation timestamps.
702,times,paragraph,12,12,51,3,562.5,570,555,585,565.7143,566.7857,3.2143,4.2857,10.7143,11.7857,segments/sentences/sent_51.mp4,segments/paragraphs/para_12.mp4,estimated-needs-review,"In these trying times, life is precarious.","Furthermore, our planet is experiencing climate chaos and is on the brink of collapse. In these trying times, life is precarious. Dire circumstances require creative strategies and responsive agendas. Much action is needed, and everyone has a role.",Relative clip timestamp = main video word timestamp - segment start timestamp. Estimates are evenly divided and must be replaced with reviewed sign-level annotation timestamps.
703,life,paragraph,12,12,51,4,562.5,570,555,585,566.7857,567.8571,4.2857,5.3571,11.7857,12.8571,segments/sentences/sent_51.mp4,segments/paragraphs/para_12.mp4,estimated-needs-review,"In these trying times, life is precarious.","Furthermore, our planet is experiencing climate chaos and is on the brink of collapse. In these trying times, life is precarious. Dire circumstances require creative strategies and responsive agendas. Much action is needed, and everyone has a role.",Relative clip timestamp = main video word timestamp - segment start timestamp. Estimates are evenly divided and must be replaced with reviewed sign-level annotation timestamps.
704,is,paragraph,12,12,51,5,562.5,570,555,585,567.8571,568.9286,5.3571,6.4286,12.8571,13.9286,segments/sentences/sent_51.mp4,segments/paragraphs/para_12.mp4,estimated-needs-review,"In these trying times, life is precarious.","Furthermore, our planet is experiencing climate chaos and is on the brink of collapse. In these trying times, life is precarious. Dire circumstances require creative strategies and responsive agendas. Much action is needed, and everyone has a role.",Relative clip timestamp = main video word timestamp - segment start timestamp. Estimates are evenly divided and must be replaced with reviewed sign-level annotation timestamps.
705,precarious,paragraph,12,12,51,6,562.5,570,555,585,568.9286,570,6.4286,7.5,13.9286,15,segments/sentences/sent_51.mp4,segments/paragraphs/para_12.mp4,estimated-needs-review,"In these trying times, life is precarious.","Furthermore, our planet is experiencing climate chaos and is on the brink of collapse. In these trying times, life is precarious. Dire circumstances require creative strategies and responsive agendas. Much action is needed, and everyone has a role.",Relative clip timestamp = main video word timestamp - segment start timestamp. Estimates are evenly divided and must be replaced with reviewed sign-level annotation timestamps.
706,dire,paragraph,12,12,52,0,570,577.5,555,585,570,570.9375,0,0.9375,15,15.9375,segments/sentences/sent_52.mp4,segments/paragraphs/para_12.mp4,estimated-needs-review,Dire circumstances require creative strategies and responsive agendas.,"Furthermore, our planet is experiencing climate chaos and is on the brink of collapse. In these trying times, life is precarious. Dire circumstances require creative strategies and responsive agendas. Much action is needed, and everyone has a role.",Relative clip timestamp = main video word timestamp - segment start timestamp. Estimates are evenly divided and must be replaced with reviewed sign-level annotation timestamps.
707,circumstances,paragraph,12,12,52,1,570,577.5,555,585,570.9375,571.875,0.9375,1.875,15.9375,16.875,segments/sentences/sent_52.mp4,segments/paragraphs/para_12.mp4,estimated-needs-review,Dire circumstances require creative strategies and responsive agendas.,"Furthermore, our planet is experiencing climate chaos and is on the brink of collapse. In these trying times, life is precarious. Dire circumstances require creative strategies and responsive agendas. Much action is needed, and everyone has a role.",Relative clip timestamp = main video word timestamp - segment start timestamp. Estimates are evenly divided and must be replaced with reviewed sign-level annotation timestamps.
708,require,paragraph,12,12,52,2,570,577.5,555,585,571.875,572.8125,1.875,2.8125,16.875,17.8125,segments/sentences/sent_52.mp4,segments/paragraphs/para_12.mp4,estimated-needs-review,Dire circumstances require creative strategies and responsive agendas.,"Furthermore, our planet is experiencing climate chaos and is on the brink of collapse. In these trying times, life is precarious. Dire circumstances require creative strategies and responsive agendas. Much action is needed, and everyone has a role.",Relative clip timestamp = main video word timestamp - segment start timestamp. Estimates are evenly divided and must be replaced with reviewed sign-level annotation timestamps.
709,creative,paragraph,12,12,52,3,570,577.5,555,585,572.8125,573.75,2.8125,3.75,17.8125,18.75,segments/sentences/sent_52.mp4,segments/paragraphs/para_12.mp4,estimated-needs-review,Dire circumstances require creative strategies and responsive agendas.,"Furthermore, our planet is experiencing climate chaos and is on the brink of collapse. In these trying times, life is precarious. Dire circumstances require creative strategies and responsive agendas. Much action is needed, and everyone has a role.",Relative clip timestamp = main video word timestamp - segment start timestamp. Estimates are evenly divided and must be replaced with reviewed sign-level annotation timestamps.
710,strategies,paragraph,12,12,52,4,570,577.5,555,585,573.75,574.6875,3.75,4.6875,18.75,19.6875,segments/sentences/sent_52.mp4,segments/paragraphs/para_12.mp4,estimated-needs-review,Dire circumstances require creative strategies and responsive agendas.,"Furthermore, our planet is experiencing climate chaos and is on the brink of collapse. In these trying times, life is precarious. Dire circumstances require creative strategies and responsive agendas. Much action is needed, and everyone has a role.",Relative clip timestamp = main video word timestamp - segment start timestamp. Estimates are evenly divided and must be replaced with reviewed sign-level annotation timestamps.
711,and,paragraph,12,12,52,5,570,577.5,555,585,574.6875,575.625,4.6875,5.625,19.6875,20.625,segments/sentences/sent_52.mp4,segments/paragraphs/para_12.mp4,estimated-needs-review,Dire circumstances require creative strategies and responsive agendas.,"Furthermore, our planet is experiencing climate chaos and is on the brink of collapse. In these trying times, life is precarious. Dire circumstances require creative strategies and responsive agendas. Much action is needed, and everyone has a role.",Relative clip timestamp = main video word timestamp - segment start timestamp. Estimates are evenly divided and must be replaced with reviewed sign-level annotation timestamps.
712,responsive,paragraph,12,12,52,6,570,577.5,555,585,575.625,576.5625,5.625,6.5625,20.625,21.5625,segments/sentences/sent_52.mp4,segments/paragraphs/para_12.mp4,estimated-needs-review,Dire circumstances require creative strategies and responsive agendas.,"Furthermore, our planet is experiencing climate chaos and is on the brink of collapse. In these trying times, life is precarious. Dire circumstances require creative strategies and responsive agendas. Much action is needed, and everyone has a role.",Relative clip timestamp = main video word timestamp - segment start timestamp. Estimates are evenly divided and must be replaced with reviewed sign-level annotation timestamps.
713,agendas,paragraph,12,12,52,7,570,577.5,555,585,576.5625,577.5,6.5625,7.5,21.5625,22.5,segments/sentences/sent_52.mp4,segments/paragraphs/para_12.mp4,estimated-needs-review,Dire circumstances require creative strategies and responsive agendas.,"Furthermore, our planet is experiencing climate chaos and is on the brink of collapse. In these trying times, life is precarious. Dire circumstances require creative strategies and responsive agendas. Much action is needed, and everyone has a role.",Relative clip timestamp = main video word timestamp - segment start timestamp. Estimates are evenly divided and must be replaced with reviewed sign-level annotation timestamps.
714,much,paragraph,12,12,53,0,577.5,585,555,585,577.5,578.3333,0,0.8333,22.5,23.3333,segments/sentences/sent_53.mp4,segments/paragraphs/para_12.mp4,estimated-needs-review,"Much action is needed, and everyone has a role.","Furthermore, our planet is experiencing climate chaos and is on the brink of collapse. In these trying times, life is precarious. Dire circumstances require creative strategies and responsive agendas. Much action is needed, and everyone has a role.",Relative clip timestamp = main video word timestamp - segment start timestamp. Estimates are evenly divided and must be replaced with reviewed sign-level annotation timestamps.
715,action,paragraph,12,12,53,1,577.5,585,555,585,578.3333,579.1667,0.8333,1.6667,23.3333,24.1667,segments/sentences/sent_53.mp4,segments/paragraphs/para_12.mp4,estimated-needs-review,"Much action is needed, and everyone has a role.","Furthermore, our planet is experiencing climate chaos and is on the brink of collapse. In these trying times, life is precarious. Dire circumstances require creative strategies and responsive agendas. Much action is needed, and everyone has a role.",Relative clip timestamp = main video word timestamp - segment start timestamp. Estimates are evenly divided and must be replaced with reviewed sign-level annotation timestamps.
716,is,paragraph,12,12,53,2,577.5,585,555,585,579.1667,580,1.6667,2.5,24.1667,25,segments/sentences/sent_53.mp4,segments/paragraphs/para_12.mp4,estimated-needs-review,"Much action is needed, and everyone has a role.","Furthermore, our planet is experiencing climate chaos and is on the brink of collapse. In these trying times, life is precarious. Dire circumstances require creative strategies and responsive agendas. Much action is needed, and everyone has a role.",Relative clip timestamp = main video word timestamp - segment start timestamp. Estimates are evenly divided and must be replaced with reviewed sign-level annotation timestamps.
717,needed,paragraph,12,12,53,3,577.5,585,555,585,580,580.8333,2.5,3.3333,25,25.8333,segments/sentences/sent_53.mp4,segments/paragraphs/para_12.mp4,estimated-needs-review,"Much action is needed, and everyone has a role.","Furthermore, our planet is experiencing climate chaos and is on the brink of collapse. In these trying times, life is precarious. Dire circumstances require creative strategies and responsive agendas. Much action is needed, and everyone has a role.",Relative clip timestamp = main video word timestamp - segment start timestamp. Estimates are evenly divided and must be replaced with reviewed sign-level annotation timestamps.
718,and,paragraph,12,12,53,4,577.5,585,555,585,580.8333,581.6667,3.3333,4.1667,25.8333,26.6667,segments/sentences/sent_53.mp4,segments/paragraphs/para_12.mp4,estimated-needs-review,"Much action is needed, and everyone has a role.","Furthermore, our planet is experiencing climate chaos and is on the brink of collapse. In these trying times, life is precarious. Dire circumstances require creative strategies and responsive agendas. Much action is needed, and everyone has a role.",Relative clip timestamp = main video word timestamp - segment start timestamp. Estimates are evenly divided and must be replaced with reviewed sign-level annotation timestamps.
719,everyone,paragraph,12,12,53,5,577.5,585,555,585,581.6667,582.5,4.1667,5,26.6667,27.5,segments/sentences/sent_53.mp4,segments/paragraphs/para_12.mp4,estimated-needs-review,"Much action is needed, and everyone has a role.","Furthermore, our planet is experiencing climate chaos and is on the brink of collapse. In these trying times, life is precarious. Dire circumstances require creative strategies and responsive agendas. Much action is needed, and everyone has a role.",Relative clip timestamp = main video word timestamp - segment start timestamp. Estimates are evenly divided and must be replaced with reviewed sign-level annotation timestamps.
720,has,paragraph,12,12,53,6,577.5,585,555,585,582.5,583.3333,5,5.8333,27.5,28.3333,segments/sentences/sent_53.mp4,segments/paragraphs/para_12.mp4,estimated-needs-review,"Much action is needed, and everyone has a role.","Furthermore, our planet is experiencing climate chaos and is on the brink of collapse. In these trying times, life is precarious. Dire circumstances require creative strategies and responsive agendas. Much action is needed, and everyone has a role.",Relative clip timestamp = main video word timestamp - segment start timestamp. Estimates are evenly divided and must be replaced with reviewed sign-level annotation timestamps.
721,a,paragraph,12,12,53,7,577.5,585,555,585,583.3333,584.1667,5.8333,6.6667,28.3333,29.1667,segments/sentences/sent_53.mp4,segments/paragraphs/para_12.mp4,estimated-needs-review,"Much action is needed, and everyone has a role.","Furthermore, our planet is experiencing climate chaos and is on the brink of collapse. In these trying times, life is precarious. Dire circumstances require creative strategies and responsive agendas. Much action is needed, and everyone has a role.",Relative clip timestamp = main video word timestamp - segment start timestamp. Estimates are evenly divided and must be replaced with reviewed sign-level annotation timestamps.
722,role,paragraph,12,12,53,8,577.5,585,555,585,584.1667,585,6.6667,7.5,29.1667,30,segments/sentences/sent_53.mp4,segments/paragraphs/para_12.mp4,estimated-needs-review,"Much action is needed, and everyone has a role.","Furthermore, our planet is experiencing climate chaos and is on the brink of collapse. In these trying times, life is precarious. Dire circumstances require creative strategies and responsive agendas. Much action is needed, and everyone has a role.",Relative clip timestamp = main video word timestamp - segment start timestamp. Estimates are evenly divided and must be replaced with reviewed sign-level annotation timestamps.
723,developing,paragraph,13,13,54,0,585,596.8,585,644,585,585.8429,0,0.8429,0,0.8429,segments/sentences/sent_54.mp4,segments/paragraphs/para_13.mp4,estimated-needs-review,Developing relationships with people with disabilities and asking us what we need is key.,"Developing relationships with people with disabilities and asking us what we need is key. Inquire about where your body can be most useful in interrupting fascism, protecting immigrants, closing concentration camps, ending police brutality, honoring Indigenous sovereignty, and safeguarding the future of the planet and all its inhabitants. Invite us, strategize with us, bring all your skills and strengths. Don’t forget us. We are central to this movement and the future we are creating together.",Relative clip timestamp = main video word timestamp - segment start timestamp. Estimates are evenly divided and must be replaced with reviewed sign-level annotation timestamps.
724,relationships,paragraph,13,13,54,1,585,596.8,585,644,585.8429,586.6857,0.8429,1.6857,0.8429,1.6857,segments/sentences/sent_54.mp4,segments/paragraphs/para_13.mp4,estimated-needs-review,Developing relationships with people with disabilities and asking us what we need is key.,"Developing relationships with people with disabilities and asking us what we need is key. Inquire about where your body can be most useful in interrupting fascism, protecting immigrants, closing concentration camps, ending police brutality, honoring Indigenous sovereignty, and safeguarding the future of the planet and all its inhabitants. Invite us, strategize with us, bring all your skills and strengths. Don’t forget us. We are central to this movement and the future we are creating together.",Relative clip timestamp = main video word timestamp - segment start timestamp. Estimates are evenly divided and must be replaced with reviewed sign-level annotation timestamps.
725,with,paragraph,13,13,54,2,585,596.8,585,644,586.6857,587.5286,1.6857,2.5286,1.6857,2.5286,segments/sentences/sent_54.mp4,segments/paragraphs/para_13.mp4,estimated-needs-review,Developing relationships with people with disabilities and asking us what we need is key.,"Developing relationships with people with disabilities and asking us what we need is key. Inquire about where your body can be most useful in interrupting fascism, protecting immigrants, closing concentration camps, ending police brutality, honoring Indigenous sovereignty, and safeguarding the future of the planet and all its inhabitants. Invite us, strategize with us, bring all your skills and strengths. Don’t forget us. We are central to this movement and the future we are creating together.",Relative clip timestamp = main video word timestamp - segment start timestamp. Estimates are evenly divided and must be replaced with reviewed sign-level annotation timestamps.
726,people,paragraph,13,13,54,3,585,596.8,585,644,587.5286,588.3714,2.5286,3.3714,2.5286,3.3714,segments/sentences/sent_54.mp4,segments/paragraphs/para_13.mp4,estimated-needs-review,Developing relationships with people with disabilities and asking us what we need is key.,"Developing relationships with people with disabilities and asking us what we need is key. Inquire about where your body can be most useful in interrupting fascism, protecting immigrants, closing concentration camps, ending police brutality, honoring Indigenous sovereignty, and safeguarding the future of the planet and all its inhabitants. Invite us, strategize with us, bring all your skills and strengths. Don’t forget us. We are central to this movement and the future we are creating together.",Relative clip timestamp = main video word timestamp - segment start timestamp. Estimates are evenly divided and must be replaced with reviewed sign-level annotation timestamps.
727,with,paragraph,13,13,54,4,585,596.8,585,644,588.3714,589.2143,3.3714,4.2143,3.3714,4.2143,segments/sentences/sent_54.mp4,segments/paragraphs/para_13.mp4,estimated-needs-review,Developing relationships with people with disabilities and asking us what we need is key.,"Developing relationships with people with disabilities and asking us what we need is key. Inquire about where your body can be most useful in interrupting fascism, protecting immigrants, closing concentration camps, ending police brutality, honoring Indigenous sovereignty, and safeguarding the future of the planet and all its inhabitants. Invite us, strategize with us, bring all your skills and strengths. Don’t forget us. We are central to this movement and the future we are creating together.",Relative clip timestamp = main video word timestamp - segment start timestamp. Estimates are evenly divided and must be replaced with reviewed sign-level annotation timestamps.
728,disabilities,paragraph,13,13,54,5,585,596.8,585,644,589.2143,590.0571,4.2143,5.0571,4.2143,5.0571,segments/sentences/sent_54.mp4,segments/paragraphs/para_13.mp4,estimated-needs-review,Developing relationships with people with disabilities and asking us what we need is key.,"Developing relationships with people with disabilities and asking us what we need is key. Inquire about where your body can be most useful in interrupting fascism, protecting immigrants, closing concentration camps, ending police brutality, honoring Indigenous sovereignty, and safeguarding the future of the planet and all its inhabitants. Invite us, strategize with us, bring all your skills and strengths. Don’t forget us. We are central to this movement and the future we are creating together.",Relative clip timestamp = main video word timestamp - segment start timestamp. Estimates are evenly divided and must be replaced with reviewed sign-level annotation timestamps.
729,and,paragraph,13,13,54,6,585,596.8,585,644,590.0571,590.9,5.0571,5.9,5.0571,5.9,segments/sentences/sent_54.mp4,segments/paragraphs/para_13.mp4,estimated-needs-review,Developing relationships with people with disabilities and asking us what we need is key.,"Developing relationships with people with disabilities and asking us what we need is key. Inquire about where your body can be most useful in interrupting fascism, protecting immigrants, closing concentration camps, ending police brutality, honoring Indigenous sovereignty, and safeguarding the future of the planet and all its inhabitants. Invite us, strategize with us, bring all your skills and strengths. Don’t forget us. We are central to this movement and the future we are creating together.",Relative clip timestamp = main video word timestamp - segment start timestamp. Estimates are evenly divided and must be replaced with reviewed sign-level annotation timestamps.
730,asking,paragraph,13,13,54,7,585,596.8,585,644,590.9,591.7429,5.9,6.7429,5.9,6.7429,segments/sentences/sent_54.mp4,segments/paragraphs/para_13.mp4,estimated-needs-review,Developing relationships with people with disabilities and asking us what we need is key.,"Developing relationships with people with disabilities and asking us what we need is key. Inquire about where your body can be most useful in interrupting fascism, protecting immigrants, closing concentration camps, ending police brutality, honoring Indigenous sovereignty, and safeguarding the future of the planet and all its inhabitants. Invite us, strategize with us, bring all your skills and strengths. Don’t forget us. We are central to this movement and the future we are creating together.",Relative clip timestamp = main video word timestamp - segment start timestamp. Estimates are evenly divided and must be replaced with reviewed sign-level annotation timestamps.
731,us,paragraph,13,13,54,8,585,596.8,585,644,591.7429,592.5857,6.7429,7.5857,6.7429,7.5857,segments/sentences/sent_54.mp4,segments/paragraphs/para_13.mp4,estimated-needs-review,Developing relationships with people with disabilities and asking us what we need is key.,"Developing relationships with people with disabilities and asking us what we need is key. Inquire about where your body can be most useful in interrupting fascism, protecting immigrants, closing concentration camps, ending police brutality, honoring Indigenous sovereignty, and safeguarding the future of the planet and all its inhabitants. Invite us, strategize with us, bring all your skills and strengths. Don’t forget us. We are central to this movement and the future we are creating together.",Relative clip timestamp = main video word timestamp - segment start timestamp. Estimates are evenly divided and must be replaced with reviewed sign-level annotation timestamps.
732,what,paragraph,13,13,54,9,585,596.8,585,644,592.5857,593.4286,7.5857,8.4286,7.5857,8.4286,segments/sentences/sent_54.mp4,segments/paragraphs/para_13.mp4,estimated-needs-review,Developing relationships with people with disabilities and asking us what we need is key.,"Developing relationships with people with disabilities and asking us what we need is key. Inquire about where your body can be most useful in interrupting fascism, protecting immigrants, closing concentration camps, ending police brutality, honoring Indigenous sovereignty, and safeguarding the future of the planet and all its inhabitants. Invite us, strategize with us, bring all your skills and strengths. Don’t forget us. We are central to this movement and the future we are creating together.",Relative clip timestamp = main video word timestamp - segment start timestamp. Estimates are evenly divided and must be replaced with reviewed sign-level annotation timestamps.
733,we,paragraph,13,13,54,10,585,596.8,585,644,593.4286,594.2714,8.4286,9.2714,8.4286,9.2714,segments/sentences/sent_54.mp4,segments/paragraphs/para_13.mp4,estimated-needs-review,Developing relationships with people with disabilities and asking us what we need is key.,"Developing relationships with people with disabilities and asking us what we need is key. Inquire about where your body can be most useful in interrupting fascism, protecting immigrants, closing concentration camps, ending police brutality, honoring Indigenous sovereignty, and safeguarding the future of the planet and all its inhabitants. Invite us, strategize with us, bring all your skills and strengths. Don’t forget us. We are central to this movement and the future we are creating together.",Relative clip timestamp = main video word timestamp - segment start timestamp. Estimates are evenly divided and must be replaced with reviewed sign-level annotation timestamps.
734,need,paragraph,13,13,54,11,585,596.8,585,644,594.2714,595.1143,9.2714,10.1143,9.2714,10.1143,segments/sentences/sent_54.mp4,segments/paragraphs/para_13.mp4,estimated-needs-review,Developing relationships with people with disabilities and asking us what we need is key.,"Developing relationships with people with disabilities and asking us what we need is key. Inquire about where your body can be most useful in interrupting fascism, protecting immigrants, closing concentration camps, ending police brutality, honoring Indigenous sovereignty, and safeguarding the future of the planet and all its inhabitants. Invite us, strategize with us, bring all your skills and strengths. Don’t forget us. We are central to this movement and the future we are creating together.",Relative clip timestamp = main video word timestamp - segment start timestamp. Estimates are evenly divided and must be replaced with reviewed sign-level annotation timestamps.
735,is,paragraph,13,13,54,12,585,596.8,585,644,595.1143,595.9571,10.1143,10.9571,10.1143,10.9571,segments/sentences/sent_54.mp4,segments/paragraphs/para_13.mp4,estimated-needs-review,Developing relationships with people with disabilities and asking us what we need is key.,"Developing relationships with people with disabilities and asking us what we need is key. Inquire about where your body can be most useful in interrupting fascism, protecting immigrants, closing concentration camps, ending police brutality, honoring Indigenous sovereignty, and safeguarding the future of the planet and all its inhabitants. Invite us, strategize with us, bring all your skills and strengths. Don’t forget us. We are central to this movement and the future we are creating together.",Relative clip timestamp = main video word timestamp - segment start timestamp. Estimates are evenly divided and must be replaced with reviewed sign-level annotation timestamps.
736,key,paragraph,13,13,54,13,585,596.8,585,644,595.9571,596.8,10.9571,11.8,10.9571,11.8,segments/sentences/sent_54.mp4,segments/paragraphs/para_13.mp4,estimated-needs-review,Developing relationships with people with disabilities and asking us what we need is key.,"Developing relationships with people with disabilities and asking us what we need is key. Inquire about where your body can be most useful in interrupting fascism, protecting immigrants, closing concentration camps, ending police brutality, honoring Indigenous sovereignty, and safeguarding the future of the planet and all its inhabitants. Invite us, strategize with us, bring all your skills and strengths. Don’t forget us. We are central to this movement and the future we are creating together.",Relative clip timestamp = main video word timestamp - segment start timestamp. Estimates are evenly divided and must be replaced with reviewed sign-level annotation timestamps.
737,inquire,paragraph,13,13,55,0,596.8,608.6,585,644,596.8,597.1471,0,0.3471,11.8,12.1471,segments/sentences/sent_55.mp4,segments/paragraphs/para_13.mp4,estimated-needs-review,"Inquire about where your body can be most useful in interrupting fascism, protecting immigrants, closing concentration camps, ending police brutality, honoring Indigenous sovereignty, and safeguarding the future of the planet and all its inhabitants.","Developing relationships with people with disabilities and asking us what we need is key. Inquire about where your body can be most useful in interrupting fascism, protecting immigrants, closing concentration camps, ending police brutality, honoring Indigenous sovereignty, and safeguarding the future of the planet and all its inhabitants. Invite us, strategize with us, bring all your skills and strengths. Don’t forget us. We are central to this movement and the future we are creating together.",Relative clip timestamp = main video word timestamp - segment start timestamp. Estimates are evenly divided and must be replaced with reviewed sign-level annotation timestamps.
738,about,paragraph,13,13,55,1,596.8,608.6,585,644,597.1471,597.4941,0.3471,0.6941,12.1471,12.4941,segments/sentences/sent_55.mp4,segments/paragraphs/para_13.mp4,estimated-needs-review,"Inquire about where your body can be most useful in interrupting fascism, protecting immigrants, closing concentration camps, ending police brutality, honoring Indigenous sovereignty, and safeguarding the future of the planet and all its inhabitants.","Developing relationships with people with disabilities and asking us what we need is key. Inquire about where your body can be most useful in interrupting fascism, protecting immigrants, closing concentration camps, ending police brutality, honoring Indigenous sovereignty, and safeguarding the future of the planet and all its inhabitants. Invite us, strategize with us, bring all your skills and strengths. Don’t forget us. We are central to this movement and the future we are creating together.",Relative clip timestamp = main video word timestamp - segment start timestamp. Estimates are evenly divided and must be replaced with reviewed sign-level annotation timestamps.
739,where,paragraph,13,13,55,2,596.8,608.6,585,644,597.4941,597.8412,0.6941,1.0412,12.4941,12.8412,segments/sentences/sent_55.mp4,segments/paragraphs/para_13.mp4,estimated-needs-review,"Inquire about where your body can be most useful in interrupting fascism, protecting immigrants, closing concentration camps, ending police brutality, honoring Indigenous sovereignty, and safeguarding the future of the planet and all its inhabitants.","Developing relationships with people with disabilities and asking us what we need is key. Inquire about where your body can be most useful in interrupting fascism, protecting immigrants, closing concentration camps, ending police brutality, honoring Indigenous sovereignty, and safeguarding the future of the planet and all its inhabitants. Invite us, strategize with us, bring all your skills and strengths. Don’t forget us. We are central to this movement and the future we are creating together.",Relative clip timestamp = main video word timestamp - segment start timestamp. Estimates are evenly divided and must be replaced with reviewed sign-level annotation timestamps.
740,your,paragraph,13,13,55,3,596.8,608.6,585,644,597.8412,598.1882,1.0412,1.3882,12.8412,13.1882,segments/sentences/sent_55.mp4,segments/paragraphs/para_13.mp4,estimated-needs-review,"Inquire about where your body can be most useful in interrupting fascism, protecting immigrants, closing concentration camps, ending police brutality, honoring Indigenous sovereignty, and safeguarding the future of the planet and all its inhabitants.","Developing relationships with people with disabilities and asking us what we need is key. Inquire about where your body can be most useful in interrupting fascism, protecting immigrants, closing concentration camps, ending police brutality, honoring Indigenous sovereignty, and safeguarding the future of the planet and all its inhabitants. Invite us, strategize with us, bring all your skills and strengths. Don’t forget us. We are central to this movement and the future we are creating together.",Relative clip timestamp = main video word timestamp - segment start timestamp. Estimates are evenly divided and must be replaced with reviewed sign-level annotation timestamps.
741,body,paragraph,13,13,55,4,596.8,608.6,585,644,598.1882,598.5353,1.3882,1.7353,13.1882,13.5353,segments/sentences/sent_55.mp4,segments/paragraphs/para_13.mp4,estimated-needs-review,"Inquire about where your body can be most useful in interrupting fascism, protecting immigrants, closing concentration camps, ending police brutality, honoring Indigenous sovereignty, and safeguarding the future of the planet and all its inhabitants.","Developing relationships with people with disabilities and asking us what we need is key. Inquire about where your body can be most useful in interrupting fascism, protecting immigrants, closing concentration camps, ending police brutality, honoring Indigenous sovereignty, and safeguarding the future of the planet and all its inhabitants. Invite us, strategize with us, bring all your skills and strengths. Don’t forget us. We are central to this movement and the future we are creating together.",Relative clip timestamp = main video word timestamp - segment start timestamp. Estimates are evenly divided and must be replaced with reviewed sign-level annotation timestamps.
742,can,paragraph,13,13,55,5,596.8,608.6,585,644,598.5353,598.8824,1.7353,2.0824,13.5353,13.8824,segments/sentences/sent_55.mp4,segments/paragraphs/para_13.mp4,estimated-needs-review,"Inquire about where your body can be most useful in interrupting fascism, protecting immigrants, closing concentration camps, ending police brutality, honoring Indigenous sovereignty, and safeguarding the future of the planet and all its inhabitants.","Developing relationships with people with disabilities and asking us what we need is key. Inquire about where your body can be most useful in interrupting fascism, protecting immigrants, closing concentration camps, ending police brutality, honoring Indigenous sovereignty, and safeguarding the future of the planet and all its inhabitants. Invite us, strategize with us, bring all your skills and strengths. Don’t forget us. We are central to this movement and the future we are creating together.",Relative clip timestamp = main video word timestamp - segment start timestamp. Estimates are evenly divided and must be replaced with reviewed sign-level annotation timestamps.
743,be,paragraph,13,13,55,6,596.8,608.6,585,644,598.8824,599.2294,2.0824,2.4294,13.8824,14.2294,segments/sentences/sent_55.mp4,segments/paragraphs/para_13.mp4,estimated-needs-review,"Inquire about where your body can be most useful in interrupting fascism, protecting immigrants, closing concentration camps, ending police brutality, honoring Indigenous sovereignty, and safeguarding the future of the planet and all its inhabitants.","Developing relationships with people with disabilities and asking us what we need is key. Inquire about where your body can be most useful in interrupting fascism, protecting immigrants, closing concentration camps, ending police brutality, honoring Indigenous sovereignty, and safeguarding the future of the planet and all its inhabitants. Invite us, strategize with us, bring all your skills and strengths. Don’t forget us. We are central to this movement and the future we are creating together.",Relative clip timestamp = main video word timestamp - segment start timestamp. Estimates are evenly divided and must be replaced with reviewed sign-level annotation timestamps.
744,most,paragraph,13,13,55,7,596.8,608.6,585,644,599.2294,599.5765,2.4294,2.7765,14.2294,14.5765,segments/sentences/sent_55.mp4,segments/paragraphs/para_13.mp4,estimated-needs-review,"Inquire about where your body can be most useful in interrupting fascism, protecting immigrants, closing concentration camps, ending police brutality, honoring Indigenous sovereignty, and safeguarding the future of the planet and all its inhabitants.","Developing relationships with people with disabilities and asking us what we need is key. Inquire about where your body can be most useful in interrupting fascism, protecting immigrants, closing concentration camps, ending police brutality, honoring Indigenous sovereignty, and safeguarding the future of the planet and all its inhabitants. Invite us, strategize with us, bring all your skills and strengths. Don’t forget us. We are central to this movement and the future we are creating together.",Relative clip timestamp = main video word timestamp - segment start timestamp. Estimates are evenly divided and must be replaced with reviewed sign-level annotation timestamps.
745,useful,paragraph,13,13,55,8,596.8,608.6,585,644,599.5765,599.9235,2.7765,3.1235,14.5765,14.9235,segments/sentences/sent_55.mp4,segments/paragraphs/para_13.mp4,estimated-needs-review,"Inquire about where your body can be most useful in interrupting fascism, protecting immigrants, closing concentration camps, ending police brutality, honoring Indigenous sovereignty, and safeguarding the future of the planet and all its inhabitants.","Developing relationships with people with disabilities and asking us what we need is key. Inquire about where your body can be most useful in interrupting fascism, protecting immigrants, closing concentration camps, ending police brutality, honoring Indigenous sovereignty, and safeguarding the future of the planet and all its inhabitants. Invite us, strategize with us, bring all your skills and strengths. Don’t forget us. We are central to this movement and the future we are creating together.",Relative clip timestamp = main video word timestamp - segment start timestamp. Estimates are evenly divided and must be replaced with reviewed sign-level annotation timestamps.
746,in,paragraph,13,13,55,9,596.8,608.6,585,644,599.9235,600.2706,3.1235,3.4706,14.9235,15.2706,segments/sentences/sent_55.mp4,segments/paragraphs/para_13.mp4,estimated-needs-review,"Inquire about where your body can be most useful in interrupting fascism, protecting immigrants, closing concentration camps, ending police brutality, honoring Indigenous sovereignty, and safeguarding the future of the planet and all its inhabitants.","Developing relationships with people with disabilities and asking us what we need is key. Inquire about where your body can be most useful in interrupting fascism, protecting immigrants, closing concentration camps, ending police brutality, honoring Indigenous sovereignty, and safeguarding the future of the planet and all its inhabitants. Invite us, strategize with us, bring all your skills and strengths. Don’t forget us. We are central to this movement and the future we are creating together.",Relative clip timestamp = main video word timestamp - segment start timestamp. Estimates are evenly divided and must be replaced with reviewed sign-level annotation timestamps.
747,interrupting,paragraph,13,13,55,10,596.8,608.6,585,644,600.2706,600.6176,3.4706,3.8176,15.2706,15.6176,segments/sentences/sent_55.mp4,segments/paragraphs/para_13.mp4,estimated-needs-review,"Inquire about where your body can be most useful in interrupting fascism, protecting immigrants, closing concentration camps, ending police brutality, honoring Indigenous sovereignty, and safeguarding the future of the planet and all its inhabitants.","Developing relationships with people with disabilities and asking us what we need is key. Inquire about where your body can be most useful in interrupting fascism, protecting immigrants, closing concentration camps, ending police brutality, honoring Indigenous sovereignty, and safeguarding the future of the planet and all its inhabitants. Invite us, strategize with us, bring all your skills and strengths. Don’t forget us. We are central to this movement and the future we are creating together.",Relative clip timestamp = main video word timestamp - segment start timestamp. Estimates are evenly divided and must be replaced with reviewed sign-level annotation timestamps.
748,fascism,paragraph,13,13,55,11,596.8,608.6,585,644,600.6176,600.9647,3.8176,4.1647,15.6176,15.9647,segments/sentences/sent_55.mp4,segments/paragraphs/para_13.mp4,estimated-needs-review,"Inquire about where your body can be most useful in interrupting fascism, protecting immigrants, closing concentration camps, ending police brutality, honoring Indigenous sovereignty, and safeguarding the future of the planet and all its inhabitants.","Developing relationships with people with disabilities and asking us what we need is key. Inquire about where your body can be most useful in interrupting fascism, protecting immigrants, closing concentration camps, ending police brutality, honoring Indigenous sovereignty, and safeguarding the future of the planet and all its inhabitants. Invite us, strategize with us, bring all your skills and strengths. Don’t forget us. We are central to this movement and the future we are creating together.",Relative clip timestamp = main video word timestamp - segment start timestamp. Estimates are evenly divided and must be replaced with reviewed sign-level annotation timestamps.
749,protecting,paragraph,13,13,55,12,596.8,608.6,585,644,600.9647,601.3118,4.1647,4.5118,15.9647,16.3118,segments/sentences/sent_55.mp4,segments/paragraphs/para_13.mp4,estimated-needs-review,"Inquire about where your body can be most useful in interrupting fascism, protecting immigrants, closing concentration camps, ending police brutality, honoring Indigenous sovereignty, and safeguarding the future of the planet and all its inhabitants.","Developing relationships with people with disabilities and asking us what we need is key. Inquire about where your body can be most useful in interrupting fascism, protecting immigrants, closing concentration camps, ending police brutality, honoring Indigenous sovereignty, and safeguarding the future of the planet and all its inhabitants. Invite us, strategize with us, bring all your skills and strengths. Don’t forget us. We are central to this movement and the future we are creating together.",Relative clip timestamp = main video word timestamp - segment start timestamp. Estimates are evenly divided and must be replaced with reviewed sign-level annotation timestamps.
750,immigrants,paragraph,13,13,55,13,596.8,608.6,585,644,601.3118,601.6588,4.5118,4.8588,16.3118,16.6588,segments/sentences/sent_55.mp4,segments/paragraphs/para_13.mp4,estimated-needs-review,"Inquire about where your body can be most useful in interrupting fascism, protecting immigrants, closing concentration camps, ending police brutality, honoring Indigenous sovereignty, and safeguarding the future of the planet and all its inhabitants.","Developing relationships with people with disabilities and asking us what we need is key. Inquire about where your body can be most useful in interrupting fascism, protecting immigrants, closing concentration camps, ending police brutality, honoring Indigenous sovereignty, and safeguarding the future of the planet and all its inhabitants. Invite us, strategize with us, bring all your skills and strengths. Don’t forget us. We are central to this movement and the future we are creating together.",Relative clip timestamp = main video word timestamp - segment start timestamp. Estimates are evenly divided and must be replaced with reviewed sign-level annotation timestamps.
751,closing,paragraph,13,13,55,14,596.8,608.6,585,644,601.6588,602.0059,4.8588,5.2059,16.6588,17.0059,segments/sentences/sent_55.mp4,segments/paragraphs/para_13.mp4,estimated-needs-review,"Inquire about where your body can be most useful in interrupting fascism, protecting immigrants, closing concentration camps, ending police brutality, honoring Indigenous sovereignty, and safeguarding the future of the planet and all its inhabitants.","Developing relationships with people with disabilities and asking us what we need is key. Inquire about where your body can be most useful in interrupting fascism, protecting immigrants, closing concentration camps, ending police brutality, honoring Indigenous sovereignty, and safeguarding the future of the planet and all its inhabitants. Invite us, strategize with us, bring all your skills and strengths. Don’t forget us. We are central to this movement and the future we are creating together.",Relative clip timestamp = main video word timestamp - segment start timestamp. Estimates are evenly divided and must be replaced with reviewed sign-level annotation timestamps.
752,concentration,paragraph,13,13,55,15,596.8,608.6,585,644,602.0059,602.3529,5.2059,5.5529,17.0059,17.3529,segments/sentences/sent_55.mp4,segments/paragraphs/para_13.mp4,estimated-needs-review,"Inquire about where your body can be most useful in interrupting fascism, protecting immigrants, closing concentration camps, ending police brutality, honoring Indigenous sovereignty, and safeguarding the future of the planet and all its inhabitants.","Developing relationships with people with disabilities and asking us what we need is key. Inquire about where your body can be most useful in interrupting fascism, protecting immigrants, closing concentration camps, ending police brutality, honoring Indigenous sovereignty, and safeguarding the future of the planet and all its inhabitants. Invite us, strategize with us, bring all your skills and strengths. Don’t forget us. We are central to this movement and the future we are creating together.",Relative clip timestamp = main video word timestamp - segment start timestamp. Estimates are evenly divided and must be replaced with reviewed sign-level annotation timestamps.
753,camps,paragraph,13,13,55,16,596.8,608.6,585,644,602.3529,602.7,5.5529,5.9,17.3529,17.7,segments/sentences/sent_55.mp4,segments/paragraphs/para_13.mp4,estimated-needs-review,"Inquire about where your body can be most useful in interrupting fascism, protecting immigrants, closing concentration camps, ending police brutality, honoring Indigenous sovereignty, and safeguarding the future of the planet and all its inhabitants.","Developing relationships with people with disabilities and asking us what we need is key. Inquire about where your body can be most useful in interrupting fascism, protecting immigrants, closing concentration camps, ending police brutality, honoring Indigenous sovereignty, and safeguarding the future of the planet and all its inhabitants. Invite us, strategize with us, bring all your skills and strengths. Don’t forget us. We are central to this movement and the future we are creating together.",Relative clip timestamp = main video word timestamp - segment start timestamp. Estimates are evenly divided and must be replaced with reviewed sign-level annotation timestamps.
754,ending,paragraph,13,13,55,17,596.8,608.6,585,644,602.7,603.0471,5.9,6.2471,17.7,18.0471,segments/sentences/sent_55.mp4,segments/paragraphs/para_13.mp4,estimated-needs-review,"Inquire about where your body can be most useful in interrupting fascism, protecting immigrants, closing concentration camps, ending police brutality, honoring Indigenous sovereignty, and safeguarding the future of the planet and all its inhabitants.","Developing relationships with people with disabilities and asking us what we need is key. Inquire about where your body can be most useful in interrupting fascism, protecting immigrants, closing concentration camps, ending police brutality, honoring Indigenous sovereignty, and safeguarding the future of the planet and all its inhabitants. Invite us, strategize with us, bring all your skills and strengths. Don’t forget us. We are central to this movement and the future we are creating together.",Relative clip timestamp = main video word timestamp - segment start timestamp. Estimates are evenly divided and must be replaced with reviewed sign-level annotation timestamps.
755,police,paragraph,13,13,55,18,596.8,608.6,585,644,603.0471,603.3941,6.2471,6.5941,18.0471,18.3941,segments/sentences/sent_55.mp4,segments/paragraphs/para_13.mp4,estimated-needs-review,"Inquire about where your body can be most useful in interrupting fascism, protecting immigrants, closing concentration camps, ending police brutality, honoring Indigenous sovereignty, and safeguarding the future of the planet and all its inhabitants.","Developing relationships with people with disabilities and asking us what we need is key. Inquire about where your body can be most useful in interrupting fascism, protecting immigrants, closing concentration camps, ending police brutality, honoring Indigenous sovereignty, and safeguarding the future of the planet and all its inhabitants. Invite us, strategize with us, bring all your skills and strengths. Don’t forget us. We are central to this movement and the future we are creating together.",Relative clip timestamp = main video word timestamp - segment start timestamp. Estimates are evenly divided and must be replaced with reviewed sign-level annotation timestamps.
756,brutality,paragraph,13,13,55,19,596.8,608.6,585,644,603.3941,603.7412,6.5941,6.9412,18.3941,18.7412,segments/sentences/sent_55.mp4,segments/paragraphs/para_13.mp4,estimated-needs-review,"Inquire about where your body can be most useful in interrupting fascism, protecting immigrants, closing concentration camps, ending police brutality, honoring Indigenous sovereignty, and safeguarding the future of the planet and all its inhabitants.","Developing relationships with people with disabilities and asking us what we need is key. Inquire about where your body can be most useful in interrupting fascism, protecting immigrants, closing concentration camps, ending police brutality, honoring Indigenous sovereignty, and safeguarding the future of the planet and all its inhabitants. Invite us, strategize with us, bring all your skills and strengths. Don’t forget us. We are central to this movement and the future we are creating together.",Relative clip timestamp = main video word timestamp - segment start timestamp. Estimates are evenly divided and must be replaced with reviewed sign-level annotation timestamps.
757,honoring,paragraph,13,13,55,20,596.8,608.6,585,644,603.7412,604.0882,6.9412,7.2882,18.7412,19.0882,segments/sentences/sent_55.mp4,segments/paragraphs/para_13.mp4,estimated-needs-review,"Inquire about where your body can be most useful in interrupting fascism, protecting immigrants, closing concentration camps, ending police brutality, honoring Indigenous sovereignty, and safeguarding the future of the planet and all its inhabitants.","Developing relationships with people with disabilities and asking us what we need is key. Inquire about where your body can be most useful in interrupting fascism, protecting immigrants, closing concentration camps, ending police brutality, honoring Indigenous sovereignty, and safeguarding the future of the planet and all its inhabitants. Invite us, strategize with us, bring all your skills and strengths. Don’t forget us. We are central to this movement and the future we are creating together.",Relative clip timestamp = main video word timestamp - segment start timestamp. Estimates are evenly divided and must be replaced with reviewed sign-level annotation timestamps.
758,indigenous,paragraph,13,13,55,21,596.8,608.6,585,644,604.0882,604.4353,7.2882,7.6353,19.0882,19.4353,segments/sentences/sent_55.mp4,segments/paragraphs/para_13.mp4,estimated-needs-review,"Inquire about where your body can be most useful in interrupting fascism, protecting immigrants, closing concentration camps, ending police brutality, honoring Indigenous sovereignty, and safeguarding the future of the planet and all its inhabitants.","Developing relationships with people with disabilities and asking us what we need is key. Inquire about where your body can be most useful in interrupting fascism, protecting immigrants, closing concentration camps, ending police brutality, honoring Indigenous sovereignty, and safeguarding the future of the planet and all its inhabitants. Invite us, strategize with us, bring all your skills and strengths. Don’t forget us. We are central to this movement and the future we are creating together.",Relative clip timestamp = main video word timestamp - segment start timestamp. Estimates are evenly divided and must be replaced with reviewed sign-level annotation timestamps.
759,sovereignty,paragraph,13,13,55,22,596.8,608.6,585,644,604.4353,604.7824,7.6353,7.9824,19.4353,19.7824,segments/sentences/sent_55.mp4,segments/paragraphs/para_13.mp4,estimated-needs-review,"Inquire about where your body can be most useful in interrupting fascism, protecting immigrants, closing concentration camps, ending police brutality, honoring Indigenous sovereignty, and safeguarding the future of the planet and all its inhabitants.","Developing relationships with people with disabilities and asking us what we need is key. Inquire about where your body can be most useful in interrupting fascism, protecting immigrants, closing concentration camps, ending police brutality, honoring Indigenous sovereignty, and safeguarding the future of the planet and all its inhabitants. Invite us, strategize with us, bring all your skills and strengths. Don’t forget us. We are central to this movement and the future we are creating together.",Relative clip timestamp = main video word timestamp - segment start timestamp. Estimates are evenly divided and must be replaced with reviewed sign-level annotation timestamps.
760,and,paragraph,13,13,55,23,596.8,608.6,585,644,604.7824,605.1294,7.9824,8.3294,19.7824,20.1294,segments/sentences/sent_55.mp4,segments/paragraphs/para_13.mp4,estimated-needs-review,"Inquire about where your body can be most useful in interrupting fascism, protecting immigrants, closing concentration camps, ending police brutality, honoring Indigenous sovereignty, and safeguarding the future of the planet and all its inhabitants.","Developing relationships with people with disabilities and asking us what we need is key. Inquire about where your body can be most useful in interrupting fascism, protecting immigrants, closing concentration camps, ending police brutality, honoring Indigenous sovereignty, and safeguarding the future of the planet and all its inhabitants. Invite us, strategize with us, bring all your skills and strengths. Don’t forget us. We are central to this movement and the future we are creating together.",Relative clip timestamp = main video word timestamp - segment start timestamp. Estimates are evenly divided and must be replaced with reviewed sign-level annotation timestamps.
761,safeguarding,paragraph,13,13,55,24,596.8,608.6,585,644,605.1294,605.4765,8.3294,8.6765,20.1294,20.4765,segments/sentences/sent_55.mp4,segments/paragraphs/para_13.mp4,estimated-needs-review,"Inquire about where your body can be most useful in interrupting fascism, protecting immigrants, closing concentration camps, ending police brutality, honoring Indigenous sovereignty, and safeguarding the future of the planet and all its inhabitants.","Developing relationships with people with disabilities and asking us what we need is key. Inquire about where your body can be most useful in interrupting fascism, protecting immigrants, closing concentration camps, ending police brutality, honoring Indigenous sovereignty, and safeguarding the future of the planet and all its inhabitants. Invite us, strategize with us, bring all your skills and strengths. Don’t forget us. We are central to this movement and the future we are creating together.",Relative clip timestamp = main video word timestamp - segment start timestamp. Estimates are evenly divided and must be replaced with reviewed sign-level annotation timestamps.
762,the,paragraph,13,13,55,25,596.8,608.6,585,644,605.4765,605.8235,8.6765,9.0235,20.4765,20.8235,segments/sentences/sent_55.mp4,segments/paragraphs/para_13.mp4,estimated-needs-review,"Inquire about where your body can be most useful in interrupting fascism, protecting immigrants, closing concentration camps, ending police brutality, honoring Indigenous sovereignty, and safeguarding the future of the planet and all its inhabitants.","Developing relationships with people with disabilities and asking us what we need is key. Inquire about where your body can be most useful in interrupting fascism, protecting immigrants, closing concentration camps, ending police brutality, honoring Indigenous sovereignty, and safeguarding the future of the planet and all its inhabitants. Invite us, strategize with us, bring all your skills and strengths. Don’t forget us. We are central to this movement and the future we are creating together.",Relative clip timestamp = main video word timestamp - segment start timestamp. Estimates are evenly divided and must be replaced with reviewed sign-level annotation timestamps.
763,future,paragraph,13,13,55,26,596.8,608.6,585,644,605.8235,606.1706,9.0235,9.3706,20.8235,21.1706,segments/sentences/sent_55.mp4,segments/paragraphs/para_13.mp4,estimated-needs-review,"Inquire about where your body can be most useful in interrupting fascism, protecting immigrants, closing concentration camps, ending police brutality, honoring Indigenous sovereignty, and safeguarding the future of the planet and all its inhabitants.","Developing relationships with people with disabilities and asking us what we need is key. Inquire about where your body can be most useful in interrupting fascism, protecting immigrants, closing concentration camps, ending police brutality, honoring Indigenous sovereignty, and safeguarding the future of the planet and all its inhabitants. Invite us, strategize with us, bring all your skills and strengths. Don’t forget us. We are central to this movement and the future we are creating together.",Relative clip timestamp = main video word timestamp - segment start timestamp. Estimates are evenly divided and must be replaced with reviewed sign-level annotation timestamps.
764,of,paragraph,13,13,55,27,596.8,608.6,585,644,606.1706,606.5176,9.3706,9.7176,21.1706,21.5176,segments/sentences/sent_55.mp4,segments/paragraphs/para_13.mp4,estimated-needs-review,"Inquire about where your body can be most useful in interrupting fascism, protecting immigrants, closing concentration camps, ending police brutality, honoring Indigenous sovereignty, and safeguarding the future of the planet and all its inhabitants.","Developing relationships with people with disabilities and asking us what we need is key. Inquire about where your body can be most useful in interrupting fascism, protecting immigrants, closing concentration camps, ending police brutality, honoring Indigenous sovereignty, and safeguarding the future of the planet and all its inhabitants. Invite us, strategize with us, bring all your skills and strengths. Don’t forget us. We are central to this movement and the future we are creating together.",Relative clip timestamp = main video word timestamp - segment start timestamp. Estimates are evenly divided and must be replaced with reviewed sign-level annotation timestamps.
765,the,paragraph,13,13,55,28,596.8,608.6,585,644,606.5176,606.8647,9.7176,10.0647,21.5176,21.8647,segments/sentences/sent_55.mp4,segments/paragraphs/para_13.mp4,estimated-needs-review,"Inquire about where your body can be most useful in interrupting fascism, protecting immigrants, closing concentration camps, ending police brutality, honoring Indigenous sovereignty, and safeguarding the future of the planet and all its inhabitants.","Developing relationships with people with disabilities and asking us what we need is key. Inquire about where your body can be most useful in interrupting fascism, protecting immigrants, closing concentration camps, ending police brutality, honoring Indigenous sovereignty, and safeguarding the future of the planet and all its inhabitants. Invite us, strategize with us, bring all your skills and strengths. Don’t forget us. We are central to this movement and the future we are creating together.",Relative clip timestamp = main video word timestamp - segment start timestamp. Estimates are evenly divided and must be replaced with reviewed sign-level annotation timestamps.
766,planet,paragraph,13,13,55,29,596.8,608.6,585,644,606.8647,607.2118,10.0647,10.4118,21.8647,22.2118,segments/sentences/sent_55.mp4,segments/paragraphs/para_13.mp4,estimated-needs-review,"Inquire about where your body can be most useful in interrupting fascism, protecting immigrants, closing concentration camps, ending police brutality, honoring Indigenous sovereignty, and safeguarding the future of the planet and all its inhabitants.","Developing relationships with people with disabilities and asking us what we need is key. Inquire about where your body can be most useful in interrupting fascism, protecting immigrants, closing concentration camps, ending police brutality, honoring Indigenous sovereignty, and safeguarding the future of the planet and all its inhabitants. Invite us, strategize with us, bring all your skills and strengths. Don’t forget us. We are central to this movement and the future we are creating together.",Relative clip timestamp = main video word timestamp - segment start timestamp. Estimates are evenly divided and must be replaced with reviewed sign-level annotation timestamps.
767,and,paragraph,13,13,55,30,596.8,608.6,585,644,607.2118,607.5588,10.4118,10.7588,22.2118,22.5588,segments/sentences/sent_55.mp4,segments/paragraphs/para_13.mp4,estimated-needs-review,"Inquire about where your body can be most useful in interrupting fascism, protecting immigrants, closing concentration camps, ending police brutality, honoring Indigenous sovereignty, and safeguarding the future of the planet and all its inhabitants.","Developing relationships with people with disabilities and asking us what we need is key. Inquire about where your body can be most useful in interrupting fascism, protecting immigrants, closing concentration camps, ending police brutality, honoring Indigenous sovereignty, and safeguarding the future of the planet and all its inhabitants. Invite us, strategize with us, bring all your skills and strengths. Don’t forget us. We are central to this movement and the future we are creating together.",Relative clip timestamp = main video word timestamp - segment start timestamp. Estimates are evenly divided and must be replaced with reviewed sign-level annotation timestamps.
768,all,paragraph,13,13,55,31,596.8,608.6,585,644,607.5588,607.9059,10.7588,11.1059,22.5588,22.9059,segments/sentences/sent_55.mp4,segments/paragraphs/para_13.mp4,estimated-needs-review,"Inquire about where your body can be most useful in interrupting fascism, protecting immigrants, closing concentration camps, ending police brutality, honoring Indigenous sovereignty, and safeguarding the future of the planet and all its inhabitants.","Developing relationships with people with disabilities and asking us what we need is key. Inquire about where your body can be most useful in interrupting fascism, protecting immigrants, closing concentration camps, ending police brutality, honoring Indigenous sovereignty, and safeguarding the future of the planet and all its inhabitants. Invite us, strategize with us, bring all your skills and strengths. Don’t forget us. We are central to this movement and the future we are creating together.",Relative clip timestamp = main video word timestamp - segment start timestamp. Estimates are evenly divided and must be replaced with reviewed sign-level annotation timestamps.
769,its,paragraph,13,13,55,32,596.8,608.6,585,644,607.9059,608.2529,11.1059,11.4529,22.9059,23.2529,segments/sentences/sent_55.mp4,segments/paragraphs/para_13.mp4,estimated-needs-review,"Inquire about where your body can be most useful in interrupting fascism, protecting immigrants, closing concentration camps, ending police brutality, honoring Indigenous sovereignty, and safeguarding the future of the planet and all its inhabitants.","Developing relationships with people with disabilities and asking us what we need is key. Inquire about where your body can be most useful in interrupting fascism, protecting immigrants, closing concentration camps, ending police brutality, honoring Indigenous sovereignty, and safeguarding the future of the planet and all its inhabitants. Invite us, strategize with us, bring all your skills and strengths. Don’t forget us. We are central to this movement and the future we are creating together.",Relative clip timestamp = main video word timestamp - segment start timestamp. Estimates are evenly divided and must be replaced with reviewed sign-level annotation timestamps.
770,inhabitants,paragraph,13,13,55,33,596.8,608.6,585,644,608.2529,608.6,11.4529,11.8,23.2529,23.6,segments/sentences/sent_55.mp4,segments/paragraphs/para_13.mp4,estimated-needs-review,"Inquire about where your body can be most useful in interrupting fascism, protecting immigrants, closing concentration camps, ending police brutality, honoring Indigenous sovereignty, and safeguarding the future of the planet and all its inhabitants.","Developing relationships with people with disabilities and asking us what we need is key. Inquire about where your body can be most useful in interrupting fascism, protecting immigrants, closing concentration camps, ending police brutality, honoring Indigenous sovereignty, and safeguarding the future of the planet and all its inhabitants. Invite us, strategize with us, bring all your skills and strengths. Don’t forget us. We are central to this movement and the future we are creating together.",Relative clip timestamp = main video word timestamp - segment start timestamp. Estimates are evenly divided and must be replaced with reviewed sign-level annotation timestamps.
771,invite,paragraph,13,13,56,0,608.6,620.4,585,644,608.6,609.6727,0,1.0727,23.6,24.6727,segments/sentences/sent_56.mp4,segments/paragraphs/para_13.mp4,estimated-needs-review,"Invite us, strategize with us, bring all your skills and strengths.","Developing relationships with people with disabilities and asking us what we need is key. Inquire about where your body can be most useful in interrupting fascism, protecting immigrants, closing concentration camps, ending police brutality, honoring Indigenous sovereignty, and safeguarding the future of the planet and all its inhabitants. Invite us, strategize with us, bring all your skills and strengths. Don’t forget us. We are central to this movement and the future we are creating together.",Relative clip timestamp = main video word timestamp - segment start timestamp. Estimates are evenly divided and must be replaced with reviewed sign-level annotation timestamps.
772,us,paragraph,13,13,56,1,608.6,620.4,585,644,609.6727,610.7455,1.0727,2.1455,24.6727,25.7455,segments/sentences/sent_56.mp4,segments/paragraphs/para_13.mp4,estimated-needs-review,"Invite us, strategize with us, bring all your skills and strengths.","Developing relationships with people with disabilities and asking us what we need is key. Inquire about where your body can be most useful in interrupting fascism, protecting immigrants, closing concentration camps, ending police brutality, honoring Indigenous sovereignty, and safeguarding the future of the planet and all its inhabitants. Invite us, strategize with us, bring all your skills and strengths. Don’t forget us. We are central to this movement and the future we are creating together.",Relative clip timestamp = main video word timestamp - segment start timestamp. Estimates are evenly divided and must be replaced with reviewed sign-level annotation timestamps.
773,strategize,paragraph,13,13,56,2,608.6,620.4,585,644,610.7455,611.8182,2.1455,3.2182,25.7455,26.8182,segments/sentences/sent_56.mp4,segments/paragraphs/para_13.mp4,estimated-needs-review,"Invite us, strategize with us, bring all your skills and strengths.","Developing relationships with people with disabilities and asking us what we need is key. Inquire about where your body can be most useful in interrupting fascism, protecting immigrants, closing concentration camps, ending police brutality, honoring Indigenous sovereignty, and safeguarding the future of the planet and all its inhabitants. Invite us, strategize with us, bring all your skills and strengths. Don’t forget us. We are central to this movement and the future we are creating together.",Relative clip timestamp = main video word timestamp - segment start timestamp. Estimates are evenly divided and must be replaced with reviewed sign-level annotation timestamps.
774,with,paragraph,13,13,56,3,608.6,620.4,585,644,611.8182,612.8909,3.2182,4.2909,26.8182,27.8909,segments/sentences/sent_56.mp4,segments/paragraphs/para_13.mp4,estimated-needs-review,"Invite us, strategize with us, bring all your skills and strengths.","Developing relationships with people with disabilities and asking us what we need is key. Inquire about where your body can be most useful in interrupting fascism, protecting immigrants, closing concentration camps, ending police brutality, honoring Indigenous sovereignty, and safeguarding the future of the planet and all its inhabitants. Invite us, strategize with us, bring all your skills and strengths. Don’t forget us. We are central to this movement and the future we are creating together.",Relative clip timestamp = main video word timestamp - segment start timestamp. Estimates are evenly divided and must be replaced with reviewed sign-level annotation timestamps.
775,us,paragraph,13,13,56,4,608.6,620.4,585,644,612.8909,613.9636,4.2909,5.3636,27.8909,28.9636,segments/sentences/sent_56.mp4,segments/paragraphs/para_13.mp4,estimated-needs-review,"Invite us, strategize with us, bring all your skills and strengths.","Developing relationships with people with disabilities and asking us what we need is key. Inquire about where your body can be most useful in interrupting fascism, protecting immigrants, closing concentration camps, ending police brutality, honoring Indigenous sovereignty, and safeguarding the future of the planet and all its inhabitants. Invite us, strategize with us, bring all your skills and strengths. Don’t forget us. We are central to this movement and the future we are creating together.",Relative clip timestamp = main video word timestamp - segment start timestamp. Estimates are evenly divided and must be replaced with reviewed sign-level annotation timestamps.
776,bring,paragraph,13,13,56,5,608.6,620.4,585,644,613.9636,615.0364,5.3636,6.4364,28.9636,30.0364,segments/sentences/sent_56.mp4,segments/paragraphs/para_13.mp4,estimated-needs-review,"Invite us, strategize with us, bring all your skills and strengths.","Developing relationships with people with disabilities and asking us what we need is key. Inquire about where your body can be most useful in interrupting fascism, protecting immigrants, closing concentration camps, ending police brutality, honoring Indigenous sovereignty, and safeguarding the future of the planet and all its inhabitants. Invite us, strategize with us, bring all your skills and strengths. Don’t forget us. We are central to this movement and the future we are creating together.",Relative clip timestamp = main video word timestamp - segment start timestamp. Estimates are evenly divided and must be replaced with reviewed sign-level annotation timestamps.
777,all,paragraph,13,13,56,6,608.6,620.4,585,644,615.0364,616.1091,6.4364,7.5091,30.0364,31.1091,segments/sentences/sent_56.mp4,segments/paragraphs/para_13.mp4,estimated-needs-review,"Invite us, strategize with us, bring all your skills and strengths.","Developing relationships with people with disabilities and asking us what we need is key. Inquire about where your body can be most useful in interrupting fascism, protecting immigrants, closing concentration camps, ending police brutality, honoring Indigenous sovereignty, and safeguarding the future of the planet and all its inhabitants. Invite us, strategize with us, bring all your skills and strengths. Don’t forget us. We are central to this movement and the future we are creating together.",Relative clip timestamp = main video word timestamp - segment start timestamp. Estimates are evenly divided and must be replaced with reviewed sign-level annotation timestamps.
778,your,paragraph,13,13,56,7,608.6,620.4,585,644,616.1091,617.1818,7.5091,8.5818,31.1091,32.1818,segments/sentences/sent_56.mp4,segments/paragraphs/para_13.mp4,estimated-needs-review,"Invite us, strategize with us, bring all your skills and strengths.","Developing relationships with people with disabilities and asking us what we need is key. Inquire about where your body can be most useful in interrupting fascism, protecting immigrants, closing concentration camps, ending police brutality, honoring Indigenous sovereignty, and safeguarding the future of the planet and all its inhabitants. Invite us, strategize with us, bring all your skills and strengths. Don’t forget us. We are central to this movement and the future we are creating together.",Relative clip timestamp = main video word timestamp - segment start timestamp. Estimates are evenly divided and must be replaced with reviewed sign-level annotation timestamps.
779,skills,paragraph,13,13,56,8,608.6,620.4,585,644,617.1818,618.2545,8.5818,9.6545,32.1818,33.2545,segments/sentences/sent_56.mp4,segments/paragraphs/para_13.mp4,estimated-needs-review,"Invite us, strategize with us, bring all your skills and strengths.","Developing relationships with people with disabilities and asking us what we need is key. Inquire about where your body can be most useful in interrupting fascism, protecting immigrants, closing concentration camps, ending police brutality, honoring Indigenous sovereignty, and safeguarding the future of the planet and all its inhabitants. Invite us, strategize with us, bring all your skills and strengths. Don’t forget us. We are central to this movement and the future we are creating together.",Relative clip timestamp = main video word timestamp - segment start timestamp. Estimates are evenly divided and must be replaced with reviewed sign-level annotation timestamps.
780,and,paragraph,13,13,56,9,608.6,620.4,585,644,618.2545,619.3273,9.6545,10.7273,33.2545,34.3273,segments/sentences/sent_56.mp4,segments/paragraphs/para_13.mp4,estimated-needs-review,"Invite us, strategize with us, bring all your skills and strengths.","Developing relationships with people with disabilities and asking us what we need is key. Inquire about where your body can be most useful in interrupting fascism, protecting immigrants, closing concentration camps, ending police brutality, honoring Indigenous sovereignty, and safeguarding the future of the planet and all its inhabitants. Invite us, strategize with us, bring all your skills and strengths. Don’t forget us. We are central to this movement and the future we are creating together.",Relative clip timestamp = main video word timestamp - segment start timestamp. Estimates are evenly divided and must be replaced with reviewed sign-level annotation timestamps.
781,strengths,paragraph,13,13,56,10,608.6,620.4,585,644,619.3273,620.4,10.7273,11.8,34.3273,35.4,segments/sentences/sent_56.mp4,segments/paragraphs/para_13.mp4,estimated-needs-review,"Invite us, strategize with us, bring all your skills and strengths.","Developing relationships with people with disabilities and asking us what we need is key. Inquire about where your body can be most useful in interrupting fascism, protecting immigrants, closing concentration camps, ending police brutality, honoring Indigenous sovereignty, and safeguarding the future of the planet and all its inhabitants. Invite us, strategize with us, bring all your skills and strengths. Don’t forget us. We are central to this movement and the future we are creating together.",Relative clip timestamp = main video word timestamp - segment start timestamp. Estimates are evenly divided and must be replaced with reviewed sign-level annotation timestamps.
782,don,paragraph,13,13,57,0,620.4,632.2,585,644,620.4,623.35,0,2.95,35.4,38.35,segments/sentences/sent_57.mp4,segments/paragraphs/para_13.mp4,estimated-needs-review,Don’t forget us.,"Developing relationships with people with disabilities and asking us what we need is key. Inquire about where your body can be most useful in interrupting fascism, protecting immigrants, closing concentration camps, ending police brutality, honoring Indigenous sovereignty, and safeguarding the future of the planet and all its inhabitants. Invite us, strategize with us, bring all your skills and strengths. Don’t forget us. We are central to this movement and the future we are creating together.",Relative clip timestamp = main video word timestamp - segment start timestamp. Estimates are evenly divided and must be replaced with reviewed sign-level annotation timestamps.
783,not,paragraph,13,13,57,1,620.4,632.2,585,644,623.35,626.3,2.95,5.9,38.35,41.3,segments/sentences/sent_57.mp4,segments/paragraphs/para_13.mp4,estimated-needs-review,Don’t forget us.,"Developing relationships with people with disabilities and asking us what we need is key. Inquire about where your body can be most useful in interrupting fascism, protecting immigrants, closing concentration camps, ending police brutality, honoring Indigenous sovereignty, and safeguarding the future of the planet and all its inhabitants. Invite us, strategize with us, bring all your skills and strengths. Don’t forget us. We are central to this movement and the future we are creating together.",Relative clip timestamp = main video word timestamp - segment start timestamp. Estimates are evenly divided and must be replaced with reviewed sign-level annotation timestamps.
784,forget,paragraph,13,13,57,2,620.4,632.2,585,644,626.3,629.25,5.9,8.85,41.3,44.25,segments/sentences/sent_57.mp4,segments/paragraphs/para_13.mp4,estimated-needs-review,Don’t forget us.,"Developing relationships with people with disabilities and asking us what we need is key. Inquire about where your body can be most useful in interrupting fascism, protecting immigrants, closing concentration camps, ending police brutality, honoring Indigenous sovereignty, and safeguarding the future of the planet and all its inhabitants. Invite us, strategize with us, bring all your skills and strengths. Don’t forget us. We are central to this movement and the future we are creating together.",Relative clip timestamp = main video word timestamp - segment start timestamp. Estimates are evenly divided and must be replaced with reviewed sign-level annotation timestamps.
785,us,paragraph,13,13,57,3,620.4,632.2,585,644,629.25,632.2,8.85,11.8,44.25,47.2,segments/sentences/sent_57.mp4,segments/paragraphs/para_13.mp4,estimated-needs-review,Don’t forget us.,"Developing relationships with people with disabilities and asking us what we need is key. Inquire about where your body can be most useful in interrupting fascism, protecting immigrants, closing concentration camps, ending police brutality, honoring Indigenous sovereignty, and safeguarding the future of the planet and all its inhabitants. Invite us, strategize with us, bring all your skills and strengths. Don’t forget us. We are central to this movement and the future we are creating together.",Relative clip timestamp = main video word timestamp - segment start timestamp. Estimates are evenly divided and must be replaced with reviewed sign-level annotation timestamps.
786,we,paragraph,13,13,58,0,632.2,644,585,644,632.2,633.1077,0,0.9077,47.2,48.1077,segments/sentences/sent_58.mp4,segments/paragraphs/para_13.mp4,estimated-needs-review,We are central to this movement and the future we are creating together.,"Developing relationships with people with disabilities and asking us what we need is key. Inquire about where your body can be most useful in interrupting fascism, protecting immigrants, closing concentration camps, ending police brutality, honoring Indigenous sovereignty, and safeguarding the future of the planet and all its inhabitants. Invite us, strategize with us, bring all your skills and strengths. Don’t forget us. We are central to this movement and the future we are creating together.",Relative clip timestamp = main video word timestamp - segment start timestamp. Estimates are evenly divided and must be replaced with reviewed sign-level annotation timestamps.
787,are,paragraph,13,13,58,1,632.2,644,585,644,633.1077,634.0154,0.9077,1.8154,48.1077,49.0154,segments/sentences/sent_58.mp4,segments/paragraphs/para_13.mp4,estimated-needs-review,We are central to this movement and the future we are creating together.,"Developing relationships with people with disabilities and asking us what we need is key. Inquire about where your body can be most useful in interrupting fascism, protecting immigrants, closing concentration camps, ending police brutality, honoring Indigenous sovereignty, and safeguarding the future of the planet and all its inhabitants. Invite us, strategize with us, bring all your skills and strengths. Don’t forget us. We are central to this movement and the future we are creating together.",Relative clip timestamp = main video word timestamp - segment start timestamp. Estimates are evenly divided and must be replaced with reviewed sign-level annotation timestamps.
788,central,paragraph,13,13,58,2,632.2,644,585,644,634.0154,634.9231,1.8154,2.7231,49.0154,49.9231,segments/sentences/sent_58.mp4,segments/paragraphs/para_13.mp4,estimated-needs-review,We are central to this movement and the future we are creating together.,"Developing relationships with people with disabilities and asking us what we need is key. Inquire about where your body can be most useful in interrupting fascism, protecting immigrants, closing concentration camps, ending police brutality, honoring Indigenous sovereignty, and safeguarding the future of the planet and all its inhabitants. Invite us, strategize with us, bring all your skills and strengths. Don’t forget us. We are central to this movement and the future we are creating together.",Relative clip timestamp = main video word timestamp - segment start timestamp. Estimates are evenly divided and must be replaced with reviewed sign-level annotation timestamps.
789,to,paragraph,13,13,58,3,632.2,644,585,644,634.9231,635.8308,2.7231,3.6308,49.9231,50.8308,segments/sentences/sent_58.mp4,segments/paragraphs/para_13.mp4,estimated-needs-review,We are central to this movement and the future we are creating together.,"Developing relationships with people with disabilities and asking us what we need is key. Inquire about where your body can be most useful in interrupting fascism, protecting immigrants, closing concentration camps, ending police brutality, honoring Indigenous sovereignty, and safeguarding the future of the planet and all its inhabitants. Invite us, strategize with us, bring all your skills and strengths. Don’t forget us. We are central to this movement and the future we are creating together.",Relative clip timestamp = main video word timestamp - segment start timestamp. Estimates are evenly divided and must be replaced with reviewed sign-level annotation timestamps.
790,this,paragraph,13,13,58,4,632.2,644,585,644,635.8308,636.7385,3.6308,4.5385,50.8308,51.7385,segments/sentences/sent_58.mp4,segments/paragraphs/para_13.mp4,estimated-needs-review,We are central to this movement and the future we are creating together.,"Developing relationships with people with disabilities and asking us what we need is key. Inquire about where your body can be most useful in interrupting fascism, protecting immigrants, closing concentration camps, ending police brutality, honoring Indigenous sovereignty, and safeguarding the future of the planet and all its inhabitants. Invite us, strategize with us, bring all your skills and strengths. Don’t forget us. We are central to this movement and the future we are creating together.",Relative clip timestamp = main video word timestamp - segment start timestamp. Estimates are evenly divided and must be replaced with reviewed sign-level annotation timestamps.
791,movement,paragraph,13,13,58,5,632.2,644,585,644,636.7385,637.6462,4.5385,5.4462,51.7385,52.6462,segments/sentences/sent_58.mp4,segments/paragraphs/para_13.mp4,estimated-needs-review,We are central to this movement and the future we are creating together.,"Developing relationships with people with disabilities and asking us what we need is key. Inquire about where your body can be most useful in interrupting fascism, protecting immigrants, closing concentration camps, ending police brutality, honoring Indigenous sovereignty, and safeguarding the future of the planet and all its inhabitants. Invite us, strategize with us, bring all your skills and strengths. Don’t forget us. We are central to this movement and the future we are creating together.",Relative clip timestamp = main video word timestamp - segment start timestamp. Estimates are evenly divided and must be replaced with reviewed sign-level annotation timestamps.
792,and,paragraph,13,13,58,6,632.2,644,585,644,637.6462,638.5538,5.4462,6.3538,52.6462,53.5538,segments/sentences/sent_58.mp4,segments/paragraphs/para_13.mp4,estimated-needs-review,We are central to this movement and the future we are creating together.,"Developing relationships with people with disabilities and asking us what we need is key. Inquire about where your body can be most useful in interrupting fascism, protecting immigrants, closing concentration camps, ending police brutality, honoring Indigenous sovereignty, and safeguarding the future of the planet and all its inhabitants. Invite us, strategize with us, bring all your skills and strengths. Don’t forget us. We are central to this movement and the future we are creating together.",Relative clip timestamp = main video word timestamp - segment start timestamp. Estimates are evenly divided and must be replaced with reviewed sign-level annotation timestamps.
793,the,paragraph,13,13,58,7,632.2,644,585,644,638.5538,639.4615,6.3538,7.2615,53.5538,54.4615,segments/sentences/sent_58.mp4,segments/paragraphs/para_13.mp4,estimated-needs-review,We are central to this movement and the future we are creating together.,"Developing relationships with people with disabilities and asking us what we need is key. Inquire about where your body can be most useful in interrupting fascism, protecting immigrants, closing concentration camps, ending police brutality, honoring Indigenous sovereignty, and safeguarding the future of the planet and all its inhabitants. Invite us, strategize with us, bring all your skills and strengths. Don’t forget us. We are central to this movement and the future we are creating together.",Relative clip timestamp = main video word timestamp - segment start timestamp. Estimates are evenly divided and must be replaced with reviewed sign-level annotation timestamps.
794,future,paragraph,13,13,58,8,632.2,644,585,644,639.4615,640.3692,7.2615,8.1692,54.4615,55.3692,segments/sentences/sent_58.mp4,segments/paragraphs/para_13.mp4,estimated-needs-review,We are central to this movement and the future we are creating together.,"Developing relationships with people with disabilities and asking us what we need is key. Inquire about where your body can be most useful in interrupting fascism, protecting immigrants, closing concentration camps, ending police brutality, honoring Indigenous sovereignty, and safeguarding the future of the planet and all its inhabitants. Invite us, strategize with us, bring all your skills and strengths. Don’t forget us. We are central to this movement and the future we are creating together.",Relative clip timestamp = main video word timestamp - segment start timestamp. Estimates are evenly divided and must be replaced with reviewed sign-level annotation timestamps.
795,we,paragraph,13,13,58,9,632.2,644,585,644,640.3692,641.2769,8.1692,9.0769,55.3692,56.2769,segments/sentences/sent_58.mp4,segments/paragraphs/para_13.mp4,estimated-needs-review,We are central to this movement and the future we are creating together.,"Developing relationships with people with disabilities and asking us what we need is key. Inquire about where your body can be most useful in interrupting fascism, protecting immigrants, closing concentration camps, ending police brutality, honoring Indigenous sovereignty, and safeguarding the future of the planet and all its inhabitants. Invite us, strategize with us, bring all your skills and strengths. Don’t forget us. We are central to this movement and the future we are creating together.",Relative clip timestamp = main video word timestamp - segment start timestamp. Estimates are evenly divided and must be replaced with reviewed sign-level annotation timestamps.
796,are,paragraph,13,13,58,10,632.2,644,585,644,641.2769,642.1846,9.0769,9.9846,56.2769,57.1846,segments/sentences/sent_58.mp4,segments/paragraphs/para_13.mp4,estimated-needs-review,We are central to this movement and the future we are creating together.,"Developing relationships with people with disabilities and asking us what we need is key. Inquire about where your body can be most useful in interrupting fascism, protecting immigrants, closing concentration camps, ending police brutality, honoring Indigenous sovereignty, and safeguarding the future of the planet and all its inhabitants. Invite us, strategize with us, bring all your skills and strengths. Don’t forget us. We are central to this movement and the future we are creating together.",Relative clip timestamp = main video word timestamp - segment start timestamp. Estimates are evenly divided and must be replaced with reviewed sign-level annotation timestamps.
797,creating,paragraph,13,13,58,11,632.2,644,585,644,642.1846,643.0923,9.9846,10.8923,57.1846,58.0923,segments/sentences/sent_58.mp4,segments/paragraphs/para_13.mp4,estimated-needs-review,We are central to this movement and the future we are creating together.,"Developing relationships with people with disabilities and asking us what we need is key. Inquire about where your body can be most useful in interrupting fascism, protecting immigrants, closing concentration camps, ending police brutality, honoring Indigenous sovereignty, and safeguarding the future of the planet and all its inhabitants. Invite us, strategize with us, bring all your skills and strengths. Don’t forget us. We are central to this movement and the future we are creating together.",Relative clip timestamp = main video word timestamp - segment start timestamp. Estimates are evenly divided and must be replaced with reviewed sign-level annotation timestamps.
798,together,paragraph,13,13,58,12,632.2,644,585,644,643.0923,644,10.8923,11.8,58.0923,59,segments/sentences/sent_58.mp4,segments/paragraphs/para_13.mp4,estimated-needs-review,We are central to this movement and the future we are creating together.,"Developing relationships with people with disabilities and asking us what we need is key. Inquire about where your body can be most useful in interrupting fascism, protecting immigrants, closing concentration camps, ending police brutality, honoring Indigenous sovereignty, and safeguarding the future of the planet and all its inhabitants. Invite us, strategize with us, bring all your skills and strengths. Don’t forget us. We are central to this movement and the future we are creating together.",Relative clip timestamp = main video word timestamp - segment start timestamp. Estimates are evenly divided and must be replaced with reviewed sign-level annotation timestamps.
